generic_name,syn_name,dosage,drug_type,ed_category,ed_meaning,reimbursement_note,badge_color,drug_group_en,drug_subgroup_en,icd10_chapter,icd10_chapter_th,recommendation_note,condition_note,warning_note,remark,source_name,source_url,publisher
Aluminium hydroxide + Magnesium hydroxide,,"chewable tab, tab, susp, susp (hosp)",,ก,ยาจำเป็นพื้นฐาน,บัตรทอง/ประกันสังคมเบิกได้ทุกกรณี,🟢,Gastro-intestinal system,Antacids and other drugs for dyspepsia,XI,โรคระบบทางเดินอาหาร,,,,,บัญชียาหลักแห่งชาติ พ.ศ. 2558,http://drug.fda.moph.go.th:81/nlem.in.th/medicine/essential/list,กลุ่มนโยบายแห่งชาติด้านยา สำนักยา กระทรวงสาธารณสุข
Simeticone,Simethicone,"chewable tab, susp",,ก,ยาจำเป็นพื้นฐาน,บัตรทอง/ประกันสังคมเบิกได้ทุกกรณี,🟢,Gastro-intestinal system,Antacids and other drugs for dyspepsia,XI,โรคระบบทางเดินอาหาร,,,,,บัญชียาหลักแห่งชาติ พ.ศ. 2558,http://drug.fda.moph.go.th:81/nlem.in.th/medicine/essential/list,กลุ่มนโยบายแห่งชาติด้านยา สำนักยา กระทรวงสาธารณสุข
Aluminium hydroxide + Magnesium hydroxide + Simeticone 25-50 mg,,"chewable tab, tab",,ก,ยาจำเป็นพื้นฐาน,บัตรทอง/ประกันสังคมเบิกได้ทุกกรณี,🟢,Gastro-intestinal system,Antacids and other drugs for dyspepsia,XI,โรคระบบทางเดินอาหาร,,,,,บัญชียาหลักแห่งชาติ พ.ศ. 2558,http://drug.fda.moph.go.th:81/nlem.in.th/medicine/essential/list,กลุ่มนโยบายแห่งชาติด้านยา สำนักยา กระทรวงสาธารณสุข
Compound Cardamom Mixture เฉพาะสูตรที่ไม่มี sodium bicarbonate,Mist Carminative,"mixt, mixt (hosp)",,ก,ยาจำเป็นพื้นฐาน,บัตรทอง/ประกันสังคมเบิกได้ทุกกรณี,🟢,Gastro-intestinal system,Antacids and other drugs for dyspepsia,XI,โรคระบบทางเดินอาหาร,,,,,บัญชียาหลักแห่งชาติ พ.ศ. 2558,http://drug.fda.moph.go.th:81/nlem.in.th/medicine/essential/list,กลุ่มนโยบายแห่งชาติด้านยา สำนักยา กระทรวงสาธารณสุข
Aluminium hydroxide,,"chewable tab, tab, susp, susp (hosp)",,ข,ยาที่ใช้ได้ตามเงื่อนไข,เบิกได้บางกรณี ตามเงื่อนไขที่กำหนด,🟡,Gastro-intestinal system,Antacids and other drugs for dyspepsia,XI,โรคระบบทางเดินอาหาร,,,,,บัญชียาหลักแห่งชาติ พ.ศ. 2558,http://drug.fda.moph.go.th:81/nlem.in.th/medicine/essential/list,กลุ่มนโยบายแห่งชาติด้านยา สำนักยา กระทรวงสาธารณสุข
Dicycloverine hydrochloride,Dicyclomine hydrochloride,tab,,ก,ยาจำเป็นพื้นฐาน,บัตรทอง/ประกันสังคมเบิกได้ทุกกรณี,🟢,Gastro-intestinal system,Antispasmodics and other drugs altering gut motility,XI,โรคระบบทางเดินอาหาร,,,,,บัญชียาหลักแห่งชาติ พ.ศ. 2558,http://drug.fda.moph.go.th:81/nlem.in.th/medicine/essential/list,กลุ่มนโยบายแห่งชาติด้านยา สำนักยา กระทรวงสาธารณสุข
Domperidone,,"tab (as base/maleate), susp (as base/maleate)",,ก,ยาจำเป็นพื้นฐาน,บัตรทอง/ประกันสังคมเบิกได้ทุกกรณี,🟢,Gastro-intestinal system,Antispasmodics and other drugs altering gut motility,XI,โรคระบบทางเดินอาหาร,,,,,บัญชียาหลักแห่งชาติ พ.ศ. 2558,http://drug.fda.moph.go.th:81/nlem.in.th/medicine/essential/list,กลุ่มนโยบายแห่งชาติด้านยา สำนักยา กระทรวงสาธารณสุข
Hyoscine butylbromide,Hyoscine-n-butylbromide,"tab, syr, sterile sol",,ก,ยาจำเป็นพื้นฐาน,บัตรทอง/ประกันสังคมเบิกได้ทุกกรณี,🟢,Gastro-intestinal system,Antispasmodics and other drugs altering gut motility,XI,โรคระบบทางเดินอาหาร,,,,,บัญชียาหลักแห่งชาติ พ.ศ. 2558,http://drug.fda.moph.go.th:81/nlem.in.th/medicine/essential/list,กลุ่มนโยบายแห่งชาติด้านยา สำนักยา กระทรวงสาธารณสุข
Metoclopramide,,"tab, syr, sterile sol",,ก,ยาจำเป็นพื้นฐาน,บัตรทอง/ประกันสังคมเบิกได้ทุกกรณี,🟢,Gastro-intestinal system,Antispasmodics and other drugs altering gut motility,XI,โรคระบบทางเดินอาหาร,,,,,บัญชียาหลักแห่งชาติ พ.ศ. 2558,http://drug.fda.moph.go.th:81/nlem.in.th/medicine/essential/list,กลุ่มนโยบายแห่งชาติด้านยา สำนักยา กระทรวงสาธารณสุข
Mebeverine hydrochloride,,tab,,ข,ยาที่ใช้ได้ตามเงื่อนไข,เบิกได้บางกรณี ตามเงื่อนไขที่กำหนด,🟡,Gastro-intestinal system,Antispasmodics and other drugs altering gut motility,XI,โรคระบบทางเดินอาหาร,,,,,บัญชียาหลักแห่งชาติ พ.ศ. 2558,http://drug.fda.moph.go.th:81/nlem.in.th/medicine/essential/list,กลุ่มนโยบายแห่งชาติด้านยา สำนักยา กระทรวงสาธารณสุข
Omeprazole,,EC cap (as base),,ก,ยาจำเป็นพื้นฐาน,บัตรทอง/ประกันสังคมเบิกได้ทุกกรณี,🟢,Gastro-intestinal system,Ulcer-healing drugs and drugs used in variceal bleeding,XI,โรคระบบทางเดินอาหาร,,,,,บัญชียาหลักแห่งชาติ พ.ศ. 2558,http://drug.fda.moph.go.th:81/nlem.in.th/medicine/essential/list,กลุ่มนโยบายแห่งชาติด้านยา สำนักยา กระทรวงสาธารณสุข
Ranitidine hydrochloride,,film coated tab,,ก,ยาจำเป็นพื้นฐาน,บัตรทอง/ประกันสังคมเบิกได้ทุกกรณี,🟢,Gastro-intestinal system,Ulcer-healing drugs and drugs used in variceal bleeding,XI,โรคระบบทางเดินอาหาร,,,,,บัญชียาหลักแห่งชาติ พ.ศ. 2558,http://drug.fda.moph.go.th:81/nlem.in.th/medicine/essential/list,กลุ่มนโยบายแห่งชาติด้านยา สำนักยา กระทรวงสาธารณสุข
Omeprazole sodium,,sterile pwdr,,ข,ยาที่ใช้ได้ตามเงื่อนไข,เบิกได้บางกรณี ตามเงื่อนไขที่กำหนด,🟡,Gastro-intestinal system,Ulcer-healing drugs and drugs used in variceal bleeding,XI,โรคระบบทางเดินอาหาร,,,,,บัญชียาหลักแห่งชาติ พ.ศ. 2558,http://drug.fda.moph.go.th:81/nlem.in.th/medicine/essential/list,กลุ่มนโยบายแห่งชาติด้านยา สำนักยา กระทรวงสาธารณสุข
Ranitidine hydrochloride,,sterile sol,,ข,ยาที่ใช้ได้ตามเงื่อนไข,เบิกได้บางกรณี ตามเงื่อนไขที่กำหนด,🟡,Gastro-intestinal system,Ulcer-healing drugs and drugs used in variceal bleeding,XI,โรคระบบทางเดินอาหาร,,,,,บัญชียาหลักแห่งชาติ พ.ศ. 2558,http://drug.fda.moph.go.th:81/nlem.in.th/medicine/essential/list,กลุ่มนโยบายแห่งชาติด้านยา สำนักยา กระทรวงสาธารณสุข
Pantoprazole sodium,,sterile pwdr,,ค,ยาโรงพยาบาล,ต้องอยู่ในบัญชียาของ รพ.นั้น,🔵,Gastro-intestinal system,Ulcer-healing drugs and drugs used in variceal bleeding,XI,โรคระบบทางเดินอาหาร,,,,,บัญชียาหลักแห่งชาติ พ.ศ. 2558,http://drug.fda.moph.go.th:81/nlem.in.th/medicine/essential/list,กลุ่มนโยบายแห่งชาติด้านยา สำนักยา กระทรวงสาธารณสุข
Sucralfate,,"tab, susp",,ค,ยาโรงพยาบาล,ต้องอยู่ในบัญชียาของ รพ.นั้น,🔵,Gastro-intestinal system,Ulcer-healing drugs and drugs used in variceal bleeding,XI,โรคระบบทางเดินอาหาร,,ใช้เฉพาะกรณีหญิงตั้งครรภ์,,,บัญชียาหลักแห่งชาติ พ.ศ. 2558,http://drug.fda.moph.go.th:81/nlem.in.th/medicine/essential/list,กลุ่มนโยบายแห่งชาติด้านยา สำนักยา กระทรวงสาธารณสุข
Bismuth  subsalicylate,,tab,,ง,ยาโรคเฉพาะทาง,ใช้กับโรคเฉพาะ ตามแนวทางการรักษา,🟣,Gastro-intestinal system,Ulcer-healing drugs and drugs used in variceal bleeding,XI,โรคระบบทางเดินอาหาร,,"1. ใช้เป็น second-line drug  ในการกำจัด H.pyroli
2. ห้ามใช้ในเด็กอายุน้อยกว่า 12 ปี",,,บัญชียาหลักแห่งชาติ พ.ศ. 2558,http://drug.fda.moph.go.th:81/nlem.in.th/medicine/essential/list,กลุ่มนโยบายแห่งชาติด้านยา สำนักยา กระทรวงสาธารณสุข
Lauromacrogol 400,Polidocanol,sterile sol,,ง,ยาโรคเฉพาะทาง,ใช้กับโรคเฉพาะ ตามแนวทางการรักษา,🟣,Gastro-intestinal system,Ulcer-healing drugs and drugs used in variceal bleeding,XI,โรคระบบทางเดินอาหาร,,"1. ใช้ช่วยห้าม variceal bleeding ผ่านทาง endoscopy และใช้สำหรับ sclerotherapy
2. ใช้สำหรับ varicose vein และ hemorrhoid",,,บัญชียาหลักแห่งชาติ พ.ศ. 2558,http://drug.fda.moph.go.th:81/nlem.in.th/medicine/essential/list,กลุ่มนโยบายแห่งชาติด้านยา สำนักยา กระทรวงสาธารณสุข
Octreotide acetate,,sterile sol (เฉพาะ 0.1 mg/ 1 ml ) ยกเว้นชนิดออกฤทธิ์นาน,,ง,ยาโรคเฉพาะทาง,ใช้กับโรคเฉพาะ ตามแนวทางการรักษา,🟣,Gastro-intestinal system,Ulcer-healing drugs and drugs used in variceal bleeding,XI,โรคระบบทางเดินอาหาร,,"1. ใช้สำหรับ high output pancreatic fistula
2. ใช้สำหรับ variceal bleeding ในกรณีที่มีหลักฐานว่าเป็นภาวะเลือดออกจาก portal hypertensive gastropathy โดยใช้ร่วมกับ therapeutic endoscopic intervention",,,บัญชียาหลักแห่งชาติ พ.ศ. 2558,http://drug.fda.moph.go.th:81/nlem.in.th/medicine/essential/list,กลุ่มนโยบายแห่งชาติด้านยา สำนักยา กระทรวงสาธารณสุข
Oral rehydration salts,ORS,"oral pwdr, oral pwdr (hosp)",,ก,ยาจำเป็นพื้นฐาน,บัตรทอง/ประกันสังคมเบิกได้ทุกกรณี,🟢,Gastro-intestinal system,Drugs used in acute diarrhea,XI,โรคระบบทางเดินอาหาร,การชดเชยสารน้ำและเกลือแร่เป็นเป้าหมายสำคัญในการรักษาโรคท้องร่วงเฉียบพลัน การใช้ยาต้านแบคทีเรียในผู้ป่วยส่วนใหญ่เป็นสิ่งไม่จำเป็นและควรหลีกเลี่ยง,,,,บัญชียาหลักแห่งชาติ พ.ศ. 2558,http://drug.fda.moph.go.th:81/nlem.in.th/medicine/essential/list,กลุ่มนโยบายแห่งชาติด้านยา สำนักยา กระทรวงสาธารณสุข
Zinc sulfate,,oral sol (hosp),,ก,ยาจำเป็นพื้นฐาน,บัตรทอง/ประกันสังคมเบิกได้ทุกกรณี,🟢,Gastro-intestinal system,Drugs used in acute diarrhea,XI,โรคระบบทางเดินอาหาร,ปัจจุบันองค์การอนามัยโลกและยูนิเซพแนะนำให้เด็กเล็กอายุต่ำกว่า 5 ขวบทุกคน ที่มีอาการท้องร่วงได้รับธาตุสังกะสีเสริมในกระบวนการรักษา โดยให้ยานาน 10-14 วัน เพราะช่วยลดความรุนแรงของโรค ลดระยะเวลาการเป็นโรคและป้องกันการเกิดท้องร่วงในครั้งถัดไปได้ด้วย,,,,บัญชียาหลักแห่งชาติ พ.ศ. 2558,http://drug.fda.moph.go.th:81/nlem.in.th/medicine/essential/list,กลุ่มนโยบายแห่งชาติด้านยา สำนักยา กระทรวงสาธารณสุข
Loperamide hydrochloride,,"cap, tab",,ข,ยาที่ใช้ได้ตามเงื่อนไข,เบิกได้บางกรณี ตามเงื่อนไขที่กำหนด,🟡,Gastro-intestinal system,Drugs used in acute diarrhea,XI,โรคระบบทางเดินอาหาร,,ห้ามใช้กับเด็กอายุน้อยกว่า 12 ปี ควรใช้กับผู้ใหญ่เฉพาะเมื่อจำเป็นและไม่มีข้อห้ามใช้,,,บัญชียาหลักแห่งชาติ พ.ศ. 2558,http://drug.fda.moph.go.th:81/nlem.in.th/medicine/essential/list,กลุ่มนโยบายแห่งชาติด้านยา สำนักยา กระทรวงสาธารณสุข
Sulfasalazine,,"tab, EC tab",,ค,ยาโรงพยาบาล,ต้องอยู่ในบัญชียาของ รพ.นั้น,🔵,Gastro-intestinal system,Drugs used in chronic bowel disorders,XI,โรคระบบทางเดินอาหาร,,ใช้สำหรับ chronic inflammatory bowel disease,,,บัญชียาหลักแห่งชาติ พ.ศ. 2558,http://drug.fda.moph.go.th:81/nlem.in.th/medicine/essential/list,กลุ่มนโยบายแห่งชาติด้านยา สำนักยา กระทรวงสาธารณสุข
Mesalazine,Mesalamine,"EC tab , rectal supp",,ค,ยาโรงพยาบาล,ต้องอยู่ในบัญชียาของ รพ.นั้น,🔵,Gastro-intestinal system,Drugs used in chronic bowel disorders,XI,โรคระบบทางเดินอาหาร,,"1.ชนิดเม็ด ใช้เป็นทางเลือกของ sulfasalazine ในกรณีผู้ป่วยแพ้ยากลุ่มซัลฟา หรือต้องการลดอาการข้างเคียงจากการใช้ยา
2.ชนิดเหน็บทวารหนัก ใช้สำหรับ ulcerative colitis (บริเวณ sigmoid และ rectum) และ radiation proctitis",,,บัญชียาหลักแห่งชาติ พ.ศ. 2558,http://drug.fda.moph.go.th:81/nlem.in.th/medicine/essential/list,กลุ่มนโยบายแห่งชาติด้านยา สำนักยา กระทรวงสาธารณสุข
Bisacodyl,,"EC tab, rectal supp",,ก,ยาจำเป็นพื้นฐาน,บัตรทอง/ประกันสังคมเบิกได้ทุกกรณี,🟢,Gastro-intestinal system,Laxatives,XI,โรคระบบทางเดินอาหาร,,,,,บัญชียาหลักแห่งชาติ พ.ศ. 2558,http://drug.fda.moph.go.th:81/nlem.in.th/medicine/essential/list,กลุ่มนโยบายแห่งชาติด้านยา สำนักยา กระทรวงสาธารณสุข
Castor oil,,oil,,ก,ยาจำเป็นพื้นฐาน,บัตรทอง/ประกันสังคมเบิกได้ทุกกรณี,🟢,Gastro-intestinal system,Laxatives,XI,โรคระบบทางเดินอาหาร,,,,,บัญชียาหลักแห่งชาติ พ.ศ. 2558,http://drug.fda.moph.go.th:81/nlem.in.th/medicine/essential/list,กลุ่มนโยบายแห่งชาติด้านยา สำนักยา กระทรวงสาธารณสุข
Glycerol,,rectal supp,,ก,ยาจำเป็นพื้นฐาน,บัตรทอง/ประกันสังคมเบิกได้ทุกกรณี,🟢,Gastro-intestinal system,Laxatives,XI,โรคระบบทางเดินอาหาร,,,,,บัญชียาหลักแห่งชาติ พ.ศ. 2558,http://drug.fda.moph.go.th:81/nlem.in.th/medicine/essential/list,กลุ่มนโยบายแห่งชาติด้านยา สำนักยา กระทรวงสาธารณสุข
Senna,,tab,,ก,ยาจำเป็นพื้นฐาน,บัตรทอง/ประกันสังคมเบิกได้ทุกกรณี,🟢,Gastro-intestinal system,Laxatives,XI,โรคระบบทางเดินอาหาร,,,,,บัญชียาหลักแห่งชาติ พ.ศ. 2558,http://drug.fda.moph.go.th:81/nlem.in.th/medicine/essential/list,กลุ่มนโยบายแห่งชาติด้านยา สำนักยา กระทรวงสาธารณสุข
Magnesium hydroxide,,"susp, susp (hosp)",,ก,ยาจำเป็นพื้นฐาน,บัตรทอง/ประกันสังคมเบิกได้ทุกกรณี,🟢,Gastro-intestinal system,Laxatives,XI,โรคระบบทางเดินอาหาร,,,,,บัญชียาหลักแห่งชาติ พ.ศ. 2558,http://drug.fda.moph.go.th:81/nlem.in.th/medicine/essential/list,กลุ่มนโยบายแห่งชาติด้านยา สำนักยา กระทรวงสาธารณสุข
Magnesium sulfate,,"mixt, mixt (hosp), sol, sol (hosp)",,ก,ยาจำเป็นพื้นฐาน,บัตรทอง/ประกันสังคมเบิกได้ทุกกรณี,🟢,Gastro-intestinal system,Laxatives,XI,โรคระบบทางเดินอาหาร,,,,,บัญชียาหลักแห่งชาติ พ.ศ. 2558,http://drug.fda.moph.go.th:81/nlem.in.th/medicine/essential/list,กลุ่มนโยบายแห่งชาติด้านยา สำนักยา กระทรวงสาธารณสุข
Sodium phosphates,,enema,,ก,ยาจำเป็นพื้นฐาน,บัตรทอง/ประกันสังคมเบิกได้ทุกกรณี,🟢,Gastro-intestinal system,Laxatives,XI,โรคระบบทางเดินอาหาร,,,,,บัญชียาหลักแห่งชาติ พ.ศ. 2558,http://drug.fda.moph.go.th:81/nlem.in.th/medicine/essential/list,กลุ่มนโยบายแห่งชาติด้านยา สำนักยา กระทรวงสาธารณสุข
Lactulose,,syr,,ข,ยาที่ใช้ได้ตามเงื่อนไข,เบิกได้บางกรณี ตามเงื่อนไขที่กำหนด,🟡,Gastro-intestinal system,Laxatives,XI,โรคระบบทางเดินอาหาร,,ใช้สำหรับ hepatic encephalopathy หรือ chronic constipation ในเด็กอายุน้อยกว่า 6 ปี หรือใช้เป็นทางเลือกในหญิงตั้งครรภ์,,,บัญชียาหลักแห่งชาติ พ.ศ. 2558,http://drug.fda.moph.go.th:81/nlem.in.th/medicine/essential/list,กลุ่มนโยบายแห่งชาติด้านยา สำนักยา กระทรวงสาธารณสุข
Macrogols with electrolytes,"Polyethylene glycol, PEG",oral pwdr (hosp),,ค,ยาโรงพยาบาล,ต้องอยู่ในบัญชียาของ รพ.นั้น,🔵,Gastro-intestinal system,Laxatives,XI,โรคระบบทางเดินอาหาร,,ใช้สำหรับเตรียมลำไส้ใหญ่ก่อนการผ่าตัดหรือตรวจลำไส้,,ไม่แนะนำให้ใช้เป็นยาระบายหรือยาถ่าย,บัญชียาหลักแห่งชาติ พ.ศ. 2558,http://drug.fda.moph.go.th:81/nlem.in.th/medicine/essential/list,กลุ่มนโยบายแห่งชาติด้านยา สำนักยา กระทรวงสาธารณสุข
Sodium phosphates,,oral sol,,ค,ยาโรงพยาบาล,ต้องอยู่ในบัญชียาของ รพ.นั้น,🔵,Gastro-intestinal system,Laxatives,XI,โรคระบบทางเดินอาหาร,,ใช้สำหรับเตรียมลำไส้ใหญ่ก่อนการผ่าตัดหรือตรวจลำไส้,"1. ไม่ควรรับประทานเกินครั้งละ 45 มิลลิลิตร และไม่เกิน 90 มิลลิลิตรภายใน 24 ชั่วโมง  
2. ไม่แนะนำให้ใช้ยานี้เพื่อทดแทนการขาดฟอสเฟต หรือใช้เป็นยาระบายหรือยาถ่าย
3. ควรระวังในผู้ป่วยสูงอายุ ผู้ป่วยโรคไตวาย และผู้ป่วยโรคหัวใจล้มเหลว",,บัญชียาหลักแห่งชาติ พ.ศ. 2558,http://drug.fda.moph.go.th:81/nlem.in.th/medicine/essential/list,กลุ่มนโยบายแห่งชาติด้านยา สำนักยา กระทรวงสาธารณสุข
Local anesthetic + Corticosteroid with/without astringent,,"cream, oint, rectal supp",,ข,ยาที่ใช้ได้ตามเงื่อนไข,เบิกได้บางกรณี ตามเงื่อนไขที่กำหนด,🟡,Gastro-intestinal system,Local preparations for anal and rectal disorders,XI,โรคระบบทางเดินอาหาร,,"1. หนึ่งรูปแบบให้เลือก 1 สูตร 
2. ใช้ไม่เกิน 7 วัน",,,บัญชียาหลักแห่งชาติ พ.ศ. 2558,http://drug.fda.moph.go.th:81/nlem.in.th/medicine/essential/list,กลุ่มนโยบายแห่งชาติด้านยา สำนักยา กระทรวงสาธารณสุข
Colestyramine,Cholestyramine,oral pwdr,,ข,ยาที่ใช้ได้ตามเงื่อนไข,เบิกได้บางกรณี ตามเงื่อนไขที่กำหนด,🟡,Gastro-intestinal system,Drugs affecting intestinal secretions,XI,โรคระบบทางเดินอาหาร,,ใช้สำหรับ bile-acid diarrhea และ short bowel syndrome,,,บัญชียาหลักแห่งชาติ พ.ศ. 2558,http://drug.fda.moph.go.th:81/nlem.in.th/medicine/essential/list,กลุ่มนโยบายแห่งชาติด้านยา สำนักยา กระทรวงสาธารณสุข
Pancreatic enzymes,,"cap, tab , EC cap , EC tab",,ง,ยาโรคเฉพาะทาง,ใช้กับโรคเฉพาะ ตามแนวทางการรักษา,🟣,Gastro-intestinal system,Drugs affecting intestinal secretions,XI,โรคระบบทางเดินอาหาร,,ใช้เฉพาะผู้ป่วยที่เป็น pancreatic insufficiency เท่านั้น,,,บัญชียาหลักแห่งชาติ พ.ศ. 2558,http://drug.fda.moph.go.th:81/nlem.in.th/medicine/essential/list,กลุ่มนโยบายแห่งชาติด้านยา สำนักยา กระทรวงสาธารณสุข
Ursodeoxycholic acid,Ursodiol,cap,,ง,ยาโรคเฉพาะทาง,ใช้กับโรคเฉพาะ ตามแนวทางการรักษา,🟣,Gastro-intestinal system,Drugs affecting intestinal secretions,XI,โรคระบบทางเดินอาหาร,,"ใช้สำหรับ cholestatic liver disease ได้แก่ primary biliary cirrhosis, sclerosing cholangitis, biliary atresia, neonatal hepatitis,chronic cholestasis และ TPN-induced cholestasis",,ส่วนใหญ่นิ่วในถุงน้ำดีใช้ยานี้ไม่ได้ผล,บัญชียาหลักแห่งชาติ พ.ศ. 2558,http://drug.fda.moph.go.th:81/nlem.in.th/medicine/essential/list,กลุ่มนโยบายแห่งชาติด้านยา สำนักยา กระทรวงสาธารณสุข
Digoxin,,"tab, elixir, sterile sol",,ก,ยาจำเป็นพื้นฐาน,บัตรทอง/ประกันสังคมเบิกได้ทุกกรณี,🟢,Cardiovascular system,Positive inotropic drugs,IX,โรคระบบไหลเวียนโลหิต,,,,,บัญชียาหลักแห่งชาติ พ.ศ. 2558,http://drug.fda.moph.go.th:81/nlem.in.th/medicine/essential/list,กลุ่มนโยบายแห่งชาติด้านยา สำนักยา กระทรวงสาธารณสุข
Milrinone lactate,,sterile sol,,ง,ยาโรคเฉพาะทาง,ใช้กับโรคเฉพาะ ตามแนวทางการรักษา,🟣,Cardiovascular system,Positive inotropic drugs,IX,โรคระบบไหลเวียนโลหิต,,"1. ใช้เพิ่มการบีบตัวของหัวใจในผู้ป่วยหลังการผ่าตัดหัวใจ
2. ใช้ทดแทนหรือเสริม dopamine หรือ dobutamine ใน advanced heart failure
3. ใช้เพื่อเพิ่มการบีบตัวของหัวใจในผู้ป่วย advanced heart failure ที่เคยใช้ beta blocker มาก่อน",,,บัญชียาหลักแห่งชาติ พ.ศ. 2558,http://drug.fda.moph.go.th:81/nlem.in.th/medicine/essential/list,กลุ่มนโยบายแห่งชาติด้านยา สำนักยา กระทรวงสาธารณสุข
Furosemide,,"tab, sterile sol",,ก,ยาจำเป็นพื้นฐาน,บัตรทอง/ประกันสังคมเบิกได้ทุกกรณี,🟢,Cardiovascular system,Diuretics,IX,โรคระบบไหลเวียนโลหิต,,,,,บัญชียาหลักแห่งชาติ พ.ศ. 2558,http://drug.fda.moph.go.th:81/nlem.in.th/medicine/essential/list,กลุ่มนโยบายแห่งชาติด้านยา สำนักยา กระทรวงสาธารณสุข
Hydrochlorothiazide,HCTZ,tab,,ก,ยาจำเป็นพื้นฐาน,บัตรทอง/ประกันสังคมเบิกได้ทุกกรณี,🟢,Cardiovascular system,Diuretics,IX,โรคระบบไหลเวียนโลหิต,,,,,บัญชียาหลักแห่งชาติ พ.ศ. 2558,http://drug.fda.moph.go.th:81/nlem.in.th/medicine/essential/list,กลุ่มนโยบายแห่งชาติด้านยา สำนักยา กระทรวงสาธารณสุข
Mannitol,,sterile sol,,ก,ยาจำเป็นพื้นฐาน,บัตรทอง/ประกันสังคมเบิกได้ทุกกรณี,🟢,Cardiovascular system,Diuretics,IX,โรคระบบไหลเวียนโลหิต,,,,,บัญชียาหลักแห่งชาติ พ.ศ. 2558,http://drug.fda.moph.go.th:81/nlem.in.th/medicine/essential/list,กลุ่มนโยบายแห่งชาติด้านยา สำนักยา กระทรวงสาธารณสุข
Spironolactone,,tab,,ก,ยาจำเป็นพื้นฐาน,บัตรทอง/ประกันสังคมเบิกได้ทุกกรณี,🟢,Cardiovascular system,Diuretics,IX,โรคระบบไหลเวียนโลหิต,,,,,บัญชียาหลักแห่งชาติ พ.ศ. 2558,http://drug.fda.moph.go.th:81/nlem.in.th/medicine/essential/list,กลุ่มนโยบายแห่งชาติด้านยา สำนักยา กระทรวงสาธารณสุข
Amiloride hydrochloride + Hydrochlorothiazide (HCTZ),,tab (เฉพาะ 5 + 50 mg),,ข,ยาที่ใช้ได้ตามเงื่อนไข,เบิกได้บางกรณี ตามเงื่อนไขที่กำหนด,🟡,Cardiovascular system,Diuretics,IX,โรคระบบไหลเวียนโลหิต,,,,,บัญชียาหลักแห่งชาติ พ.ศ. 2558,http://drug.fda.moph.go.th:81/nlem.in.th/medicine/essential/list,กลุ่มนโยบายแห่งชาติด้านยา สำนักยา กระทรวงสาธารณสุข
Adenosine,,sterile sol,,ก,ยาจำเป็นพื้นฐาน,บัตรทอง/ประกันสังคมเบิกได้ทุกกรณี,🟢,Cardiovascular system,Anti-arrhythmic drugs,IX,โรคระบบไหลเวียนโลหิต,,ใช้สำหรับ supraventricular arrhythmias และการตรวจพิเศษทางหัวใจ,,,บัญชียาหลักแห่งชาติ พ.ศ. 2558,http://drug.fda.moph.go.th:81/nlem.in.th/medicine/essential/list,กลุ่มนโยบายแห่งชาติด้านยา สำนักยา กระทรวงสาธารณสุข
Atropine sulfate,,sterile sol,,ก,ยาจำเป็นพื้นฐาน,บัตรทอง/ประกันสังคมเบิกได้ทุกกรณี,🟢,Cardiovascular system,Anti-arrhythmic drugs,IX,โรคระบบไหลเวียนโลหิต,,ใช้สำหรับ symptomatic bradycardia และการตรวจพิเศษทางหัวใจ,,,บัญชียาหลักแห่งชาติ พ.ศ. 2558,http://drug.fda.moph.go.th:81/nlem.in.th/medicine/essential/list,กลุ่มนโยบายแห่งชาติด้านยา สำนักยา กระทรวงสาธารณสุข
Lidocaine hydrochloride (preservative free),,"sterile sol (เฉพาะ 1%,2%)/sterile sol (hosp)",ยากำพร้า,ก,ยาจำเป็นพื้นฐาน,บัตรทอง/ประกันสังคมเบิกได้ทุกกรณี,🟢,Cardiovascular system,Anti-arrhythmic drugs,IX,โรคระบบไหลเวียนโลหิต,,ใช้สำหรับ ventricular arrhythmias,,,บัญชียาหลักแห่งชาติ พ.ศ. 2558,http://drug.fda.moph.go.th:81/nlem.in.th/medicine/essential/list,กลุ่มนโยบายแห่งชาติด้านยา สำนักยา กระทรวงสาธารณสุข
Magnesium sulfate,,sterile sol,,ก,ยาจำเป็นพื้นฐาน,บัตรทอง/ประกันสังคมเบิกได้ทุกกรณี,🟢,Cardiovascular system,Anti-arrhythmic drugs,IX,โรคระบบไหลเวียนโลหิต,,ใช้สำหรับ ventricular tachycardia และ refractory supraventricular tachyarrhythmias,,,บัญชียาหลักแห่งชาติ พ.ศ. 2558,http://drug.fda.moph.go.th:81/nlem.in.th/medicine/essential/list,กลุ่มนโยบายแห่งชาติด้านยา สำนักยา กระทรวงสาธารณสุข
Verapamil,,sterile sol,,ก,ยาจำเป็นพื้นฐาน,บัตรทอง/ประกันสังคมเบิกได้ทุกกรณี,🟢,Cardiovascular system,Anti-arrhythmic drugs,IX,โรคระบบไหลเวียนโลหิต,,ใช้สำหรับ supraventricular arrhythmias (SVT) และ atrial fibrillation (AF),,,บัญชียาหลักแห่งชาติ พ.ศ. 2558,http://drug.fda.moph.go.th:81/nlem.in.th/medicine/essential/list,กลุ่มนโยบายแห่งชาติด้านยา สำนักยา กระทรวงสาธารณสุข
Amiodarone hydrochloride,,"tab, sterile sol",,ค,ยาโรงพยาบาล,ต้องอยู่ในบัญชียาของ รพ.นั้น,🔵,Cardiovascular system,Anti-arrhythmic drugs,IX,โรคระบบไหลเวียนโลหิต,,"ใช้สำหรับ supraventricular, ventricular และ atrial arrhythmias",,,บัญชียาหลักแห่งชาติ พ.ศ. 2558,http://drug.fda.moph.go.th:81/nlem.in.th/medicine/essential/list,กลุ่มนโยบายแห่งชาติด้านยา สำนักยา กระทรวงสาธารณสุข
Flecainide acetate,,tab,,ง,ยาโรคเฉพาะทาง,ใช้กับโรคเฉพาะ ตามแนวทางการรักษา,🟣,Cardiovascular system,Anti-arrhythmic drugs,IX,โรคระบบไหลเวียนโลหิต,,ใช้กับผู้ป่วยที่ใช้ยาอื่นควบคุมจังหวะการเต้นผิดปกติของหัวใจไม่ได้ผล,,,บัญชียาหลักแห่งชาติ พ.ศ. 2558,http://drug.fda.moph.go.th:81/nlem.in.th/medicine/essential/list,กลุ่มนโยบายแห่งชาติด้านยา สำนักยา กระทรวงสาธารณสุข
Propafenone hydrochloride,,tab,,ง,ยาโรคเฉพาะทาง,ใช้กับโรคเฉพาะ ตามแนวทางการรักษา,🟣,Cardiovascular system,Anti-arrhythmic drugs,IX,โรคระบบไหลเวียนโลหิต,,"1. ใช้กับผู้ป่วยที่ใช้ยาอื่นควบคุมการเต้นของหัวใจไม่ได้ผล
2. ใช้สำหรับ refractory supraventricular tachyarrhythmias",,,บัญชียาหลักแห่งชาติ พ.ศ. 2558,http://drug.fda.moph.go.th:81/nlem.in.th/medicine/essential/list,กลุ่มนโยบายแห่งชาติด้านยา สำนักยา กระทรวงสาธารณสุข
Atenolol,,tab,,ก,ยาจำเป็นพื้นฐาน,บัตรทอง/ประกันสังคมเบิกได้ทุกกรณี,🟢,Cardiovascular system,Beta-adrenoceptor blocking drugs,IX,โรคระบบไหลเวียนโลหิต,,,,,บัญชียาหลักแห่งชาติ พ.ศ. 2558,http://drug.fda.moph.go.th:81/nlem.in.th/medicine/essential/list,กลุ่มนโยบายแห่งชาติด้านยา สำนักยา กระทรวงสาธารณสุข
Metoprolol tartrate,,immediate release tab,,ก,ยาจำเป็นพื้นฐาน,บัตรทอง/ประกันสังคมเบิกได้ทุกกรณี,🟢,Cardiovascular system,Beta-adrenoceptor blocking drugs,IX,โรคระบบไหลเวียนโลหิต,,,,,บัญชียาหลักแห่งชาติ พ.ศ. 2558,http://drug.fda.moph.go.th:81/nlem.in.th/medicine/essential/list,กลุ่มนโยบายแห่งชาติด้านยา สำนักยา กระทรวงสาธารณสุข
Propranolol hydrochloride,,tab,,ก,ยาจำเป็นพื้นฐาน,บัตรทอง/ประกันสังคมเบิกได้ทุกกรณี,🟢,Cardiovascular system,Beta-adrenoceptor blocking drugs,IX,โรคระบบไหลเวียนโลหิต,,,,,บัญชียาหลักแห่งชาติ พ.ศ. 2558,http://drug.fda.moph.go.th:81/nlem.in.th/medicine/essential/list,กลุ่มนโยบายแห่งชาติด้านยา สำนักยา กระทรวงสาธารณสุข
Carvedilol,,tab,,ค,ยาโรงพยาบาล,ต้องอยู่ในบัญชียาของ รพ.นั้น,🔵,Cardiovascular system,Beta-adrenoceptor blocking drugs,IX,โรคระบบไหลเวียนโลหิต,,ใช้สำหรับ systolic heart failure,,,บัญชียาหลักแห่งชาติ พ.ศ. 2558,http://drug.fda.moph.go.th:81/nlem.in.th/medicine/essential/list,กลุ่มนโยบายแห่งชาติด้านยา สำนักยา กระทรวงสาธารณสุข
Labetalol hydrochloride,,sterile sol,ยากำพร้า,ค,ยาโรงพยาบาล,ต้องอยู่ในบัญชียาของ รพ.นั้น,🔵,Cardiovascular system,Beta-adrenoceptor blocking drugs,IX,โรคระบบไหลเวียนโลหิต,,ใช้สำหรับ hypertensive emergencies ในหญิงตั้งครรภ์ ในกรณีที่ไม่สามารถใช้ hydralazine hydrochloride ได้,,,บัญชียาหลักแห่งชาติ พ.ศ. 2558,http://drug.fda.moph.go.th:81/nlem.in.th/medicine/essential/list,กลุ่มนโยบายแห่งชาติด้านยา สำนักยา กระทรวงสาธารณสุข
Hydralazine hydrochloride,,"tab, sterile pwdr",,ก,ยาจำเป็นพื้นฐาน,บัตรทอง/ประกันสังคมเบิกได้ทุกกรณี,🟢,Cardiovascular system,Drugs affecting the renin-angiotensin system and some other antihypertensive drugs,IX,โรคระบบไหลเวียนโลหิต,,ชนิดฉีดใช้สำหรับ hypertensive emergencies¹ ในหญิงตั้งครรภ์,,,บัญชียาหลักแห่งชาติ พ.ศ. 2558,http://drug.fda.moph.go.th:81/nlem.in.th/medicine/essential/list,กลุ่มนโยบายแห่งชาติด้านยา สำนักยา กระทรวงสาธารณสุข
Sodium nitroprusside,,sterile pwdr,,ก,ยาจำเป็นพื้นฐาน,บัตรทอง/ประกันสังคมเบิกได้ทุกกรณี,🟢,Cardiovascular system,Drugs affecting the renin-angiotensin system and some other antihypertensive drugs,IX,โรคระบบไหลเวียนโลหิต,,ใช้เป็นมาตรฐานการรักษาใน hypertensive emergencies (ยกเว้นในหญิงตั้งครรภ์),,,บัญชียาหลักแห่งชาติ พ.ศ. 2558,http://drug.fda.moph.go.th:81/nlem.in.th/medicine/essential/list,กลุ่มนโยบายแห่งชาติด้านยา สำนักยา กระทรวงสาธารณสุข
Methyldopa,,tab,,ก,ยาจำเป็นพื้นฐาน,บัตรทอง/ประกันสังคมเบิกได้ทุกกรณี,🟢,Cardiovascular system,Drugs affecting the renin-angiotensin system and some other antihypertensive drugs,IX,โรคระบบไหลเวียนโลหิต,,ใช้สำหรับรักษาความดันเลือดสูงในหญิงตั้งครรภ์,,,บัญชียาหลักแห่งชาติ พ.ศ. 2558,http://drug.fda.moph.go.th:81/nlem.in.th/medicine/essential/list,กลุ่มนโยบายแห่งชาติด้านยา สำนักยา กระทรวงสาธารณสุข
Prazosin hydrochloride,,tab,,ข,ยาที่ใช้ได้ตามเงื่อนไข,เบิกได้บางกรณี ตามเงื่อนไขที่กำหนด,🟡,Cardiovascular system,Drugs affecting the renin-angiotensin system and some other antihypertensive drugs,IX,โรคระบบไหลเวียนโลหิต,,,,,บัญชียาหลักแห่งชาติ พ.ศ. 2558,http://drug.fda.moph.go.th:81/nlem.in.th/medicine/essential/list,กลุ่มนโยบายแห่งชาติด้านยา สำนักยา กระทรวงสาธารณสุข
Doxazosin mesilate,,immediate release tab,,ค,ยาโรงพยาบาล,ต้องอยู่ในบัญชียาของ รพ.นั้น,🔵,Cardiovascular system,Drugs affecting the renin-angiotensin system and some other antihypertensive drugs,IX,โรคระบบไหลเวียนโลหิต,,,,,บัญชียาหลักแห่งชาติ พ.ศ. 2558,http://drug.fda.moph.go.th:81/nlem.in.th/medicine/essential/list,กลุ่มนโยบายแห่งชาติด้านยา สำนักยา กระทรวงสาธารณสุข
Enalapril maleate,,tab,,ก,ยาจำเป็นพื้นฐาน,บัตรทอง/ประกันสังคมเบิกได้ทุกกรณี,🟢,Cardiovascular system,Drugs affecting the renin-angiotensin system and some other antihypertensive drugs,IX,โรคระบบไหลเวียนโลหิต,,,,,บัญชียาหลักแห่งชาติ พ.ศ. 2558,http://drug.fda.moph.go.th:81/nlem.in.th/medicine/essential/list,กลุ่มนโยบายแห่งชาติด้านยา สำนักยา กระทรวงสาธารณสุข
Captopril,,tab,,ก,ยาจำเป็นพื้นฐาน,บัตรทอง/ประกันสังคมเบิกได้ทุกกรณี,🟢,Cardiovascular system,Drugs affecting the renin-angiotensin system and some other antihypertensive drugs,IX,โรคระบบไหลเวียนโลหิต,,ใช้สำหรับ hypertensive urgency²,,กรณีที่สถานพยาบาลไม่มียาฉีดหรือไม่สามารถใช้ยาฉีดในการรักษา hypertensive emergencies อาจพิจารณาใช้ captopril เป็นทางเลือกในการรักษา,บัญชียาหลักแห่งชาติ พ.ศ. 2558,http://drug.fda.moph.go.th:81/nlem.in.th/medicine/essential/list,กลุ่มนโยบายแห่งชาติด้านยา สำนักยา กระทรวงสาธารณสุข
Losartan potassium,,"tab (เฉพาะ 50, 100 mg)",,ข,ยาที่ใช้ได้ตามเงื่อนไข,เบิกได้บางกรณี ตามเงื่อนไขที่กำหนด,🟡,Cardiovascular system,Drugs affecting the renin-angiotensin system and some other antihypertensive drugs,IX,โรคระบบไหลเวียนโลหิต,,ใช้กับผู้ป่วยที่ใช้ยาในกลุ่ม Angiotensin-converting enzyme inhibitors ไม่ได้ เนื่องจากเกิดอาการไม่พึงประสงค์จากการใช้ยาในกลุ่มดังกล่าว,,,บัญชียาหลักแห่งชาติ พ.ศ. 2558,http://drug.fda.moph.go.th:81/nlem.in.th/medicine/essential/list,กลุ่มนโยบายแห่งชาติด้านยา สำนักยา กระทรวงสาธารณสุข
Glyceryl trinitrate,,sterile sol,,ก,ยาจำเป็นพื้นฐาน,บัตรทอง/ประกันสังคมเบิกได้ทุกกรณี,🟢,Cardiovascular system,"Nitrates, calcium-channel blockers and other vasodilators",IX,โรคระบบไหลเวียนโลหิต,,ใช้สำหรับ hypertensive emergencies ในกรณีที่มี coronary ischemia,,,บัญชียาหลักแห่งชาติ พ.ศ. 2558,http://drug.fda.moph.go.th:81/nlem.in.th/medicine/essential/list,กลุ่มนโยบายแห่งชาติด้านยา สำนักยา กระทรวงสาธารณสุข
Isosorbide dinitrate,,"tab, sublingual tab",,ก,ยาจำเป็นพื้นฐาน,บัตรทอง/ประกันสังคมเบิกได้ทุกกรณี,🟢,Cardiovascular system,"Nitrates, calcium-channel blockers and other vasodilators",IX,โรคระบบไหลเวียนโลหิต,,,,,บัญชียาหลักแห่งชาติ พ.ศ. 2558,http://drug.fda.moph.go.th:81/nlem.in.th/medicine/essential/list,กลุ่มนโยบายแห่งชาติด้านยา สำนักยา กระทรวงสาธารณสุข
Isosorbide mononitrate,,tab,,ก,ยาจำเป็นพื้นฐาน,บัตรทอง/ประกันสังคมเบิกได้ทุกกรณี,🟢,Cardiovascular system,"Nitrates, calcium-channel blockers and other vasodilators",IX,โรคระบบไหลเวียนโลหิต,,,,,บัญชียาหลักแห่งชาติ พ.ศ. 2558,http://drug.fda.moph.go.th:81/nlem.in.th/medicine/essential/list,กลุ่มนโยบายแห่งชาติด้านยา สำนักยา กระทรวงสาธารณสุข
Amlodipine besilate,,tab,,ก,ยาจำเป็นพื้นฐาน,บัตรทอง/ประกันสังคมเบิกได้ทุกกรณี,🟢,Cardiovascular system,"Nitrates, calcium-channel blockers and other vasodilators",IX,โรคระบบไหลเวียนโลหิต,,,,,บัญชียาหลักแห่งชาติ พ.ศ. 2558,http://drug.fda.moph.go.th:81/nlem.in.th/medicine/essential/list,กลุ่มนโยบายแห่งชาติด้านยา สำนักยา กระทรวงสาธารณสุข
Diltiazem hydrochloride,,slow release cap/tab (เฉพาะ 120 mg)  ไม่รวมชนิด controlled release,,ก,ยาจำเป็นพื้นฐาน,บัตรทอง/ประกันสังคมเบิกได้ทุกกรณี,🟢,Cardiovascular system,"Nitrates, calcium-channel blockers and other vasodilators",IX,โรคระบบไหลเวียนโลหิต,,ใช้สำหรับ ischemic heart disease (IHD),,,บัญชียาหลักแห่งชาติ พ.ศ. 2558,http://drug.fda.moph.go.th:81/nlem.in.th/medicine/essential/list,กลุ่มนโยบายแห่งชาติด้านยา สำนักยา กระทรวงสาธารณสุข
Verapamil hydrochloride,,"tab, SR tab (เฉพาะ 240 mg)",,ก,ยาจำเป็นพื้นฐาน,บัตรทอง/ประกันสังคมเบิกได้ทุกกรณี,🟢,Cardiovascular system,"Nitrates, calcium-channel blockers and other vasodilators",IX,โรคระบบไหลเวียนโลหิต,,ใช้สำหรับ ischemic heart disease (IHD),,,บัญชียาหลักแห่งชาติ พ.ศ. 2558,http://drug.fda.moph.go.th:81/nlem.in.th/medicine/essential/list,กลุ่มนโยบายแห่งชาติด้านยา สำนักยา กระทรวงสาธารณสุข
Diltiazem hydrochloride,,immediate release tab,,ข,ยาที่ใช้ได้ตามเงื่อนไข,เบิกได้บางกรณี ตามเงื่อนไขที่กำหนด,🟡,Cardiovascular system,"Nitrates, calcium-channel blockers and other vasodilators",IX,โรคระบบไหลเวียนโลหิต,,ใช้สำหรับ ischemic heart disease (IHD) ไม่แนะนำให้ใช้ในการรักษา essential hypertension,,,บัญชียาหลักแห่งชาติ พ.ศ. 2558,http://drug.fda.moph.go.th:81/nlem.in.th/medicine/essential/list,กลุ่มนโยบายแห่งชาติด้านยา สำนักยา กระทรวงสาธารณสุข
Nicardipine hydrochloride,,sterile sol,,ค,ยาโรงพยาบาล,ต้องอยู่ในบัญชียาของ รพ.นั้น,🔵,Cardiovascular system,"Nitrates, calcium-channel blockers and other vasodilators",IX,โรคระบบไหลเวียนโลหิต,,"1. ใช้กับผู้ป่วย hypertensive  emergencies ที่ไม่มีภาวะแทรกซ้อนทางหัวใจ 
2. ใช้เป็นยาแทน (alternative drug) ในกรณีที่ไม่สามารถใช้ยา sodium nitroprusside หรือ glyceryl trinitrate (nitroglycerin) ได้",,,บัญชียาหลักแห่งชาติ พ.ศ. 2558,http://drug.fda.moph.go.th:81/nlem.in.th/medicine/essential/list,กลุ่มนโยบายแห่งชาติด้านยา สำนักยา กระทรวงสาธารณสุข
Nifedipine,,SR cap/SR tab (เฉพาะ 20 mg),,ง,ยาโรคเฉพาะทาง,ใช้กับโรคเฉพาะ ตามแนวทางการรักษา,🟣,Cardiovascular system,"Nitrates, calcium-channel blockers and other vasodilators",IX,โรคระบบไหลเวียนโลหิต,,"1. ใช้สำหรับความดันเลือดสูงในหญิงตั้งครรภ์ที่ใช้ methyldopa และ hydralazine แล้วไม่ได้ผล
2. ใช้สำหรับ intractable Raynaud’s phenomenon",,,บัญชียาหลักแห่งชาติ พ.ศ. 2558,http://drug.fda.moph.go.th:81/nlem.in.th/medicine/essential/list,กลุ่มนโยบายแห่งชาติด้านยา สำนักยา กระทรวงสาธารณสุข
Nimodipine,,"tab, sterile sol",,ง,ยาโรคเฉพาะทาง,ใช้กับโรคเฉพาะ ตามแนวทางการรักษา,🟣,Cardiovascular system,"Nitrates, calcium-channel blockers and other vasodilators",IX,โรคระบบไหลเวียนโลหิต,,ใช้โดยแพทย์ผู้เชี่ยวชาญด้านประสาทวิทยาและประสาทศัลยศาสตร์สำหรับป้องกันพยาธิสภาพของระบบประสาทที่อาจดำเนินต่อไปจากการหดตัวของหลอดเลือด ภายหลังการเกิด subarachnoid hemorrhage,,,บัญชียาหลักแห่งชาติ พ.ศ. 2558,http://drug.fda.moph.go.th:81/nlem.in.th/medicine/essential/list,กลุ่มนโยบายแห่งชาติด้านยา สำนักยา กระทรวงสาธารณสุข
Sildenafil (as citrate),,tab,,ง,ยาโรคเฉพาะทาง,ใช้กับโรคเฉพาะ ตามแนวทางการรักษา,🟣,Cardiovascular system,"Nitrates, calcium-channel blockers and other vasodilators",IX,โรคระบบไหลเวียนโลหิต,,"1. ใช้สำหรับผู้ป่วยภาวะ pulmonary arterial hypertension (PAH) ที่เกิดจากโรคหัวใจแต่กำเนิด (CHD) ชนิด  systemic-to-pulmonary shunt หรือโรค idiopathic pulmonary arterial hypertension (IPAH) หรือ  PAH associated with connective tissue disease (CNTD) และ
2. อยู่ใน WHO functional classification of PAH ≥ II และ
3. ได้รับการตรวจวินิจฉัยตามขั้นตอนวิธีที่ปรากฏในแนวทางเวชปฏิบัติ 
4. แนะนำให้หยุดยาเมื่อผลการประเมินทุก 3 เดือนมีอาการทรุดลงอย่างต่อเนื่องอย่างน้อย 2 รอบการประเมินเกณฑ์อาการทรุดลงหมายถึงการตรวจพบอย่างน้อย 2 ข้อต่อไปนี้คือ
     4.1 ตรวจร่างกายมีอาการแสดงของ progressive right heart failure
     4.2 WHO functional classification เพิ่มขึ้นกว่าเดิม
     4.3 6MWT ลดลงกว่าเดิม 25%
     4.4 Echocardiography พบลักษณะที่บ่งชี้ว่าอาการทรุดลงเช่น right atrium และ right ventricle โตขึ้นกว่าเดิม, right ventricular systolic pressure (RVSP) สูงขึ้นกว่าเดิม, RV dysfunction, TAPSE < 1.5 cm, RAP > 15 mmHg, CI ≤ 2 L/min/m2, pericardial effusion",,,บัญชียาหลักแห่งชาติ พ.ศ. 2558,http://drug.fda.moph.go.th:81/nlem.in.th/medicine/essential/list,กลุ่มนโยบายแห่งชาติด้านยา สำนักยา กระทรวงสาธารณสุข
Dopamine hydrochloride,,sterile sol,,ก,ยาจำเป็นพื้นฐาน,บัตรทอง/ประกันสังคมเบิกได้ทุกกรณี,🟢,Cardiovascular system,Sympathomimetics,IX,โรคระบบไหลเวียนโลหิต,,,,,บัญชียาหลักแห่งชาติ พ.ศ. 2558,http://drug.fda.moph.go.th:81/nlem.in.th/medicine/essential/list,กลุ่มนโยบายแห่งชาติด้านยา สำนักยา กระทรวงสาธารณสุข
Isoprenaline hydrochloride,Isoproterenol hydrochloride,sterile sol,,ก,ยาจำเป็นพื้นฐาน,บัตรทอง/ประกันสังคมเบิกได้ทุกกรณี,🟢,Cardiovascular system,Sympathomimetics,IX,โรคระบบไหลเวียนโลหิต,,,,,บัญชียาหลักแห่งชาติ พ.ศ. 2558,http://drug.fda.moph.go.th:81/nlem.in.th/medicine/essential/list,กลุ่มนโยบายแห่งชาติด้านยา สำนักยา กระทรวงสาธารณสุข
Dobutamine hydrochloride,,sterile sol,,ข,ยาที่ใช้ได้ตามเงื่อนไข,เบิกได้บางกรณี ตามเงื่อนไขที่กำหนด,🟡,Cardiovascular system,Sympathomimetics,IX,โรคระบบไหลเวียนโลหิต,,,,,บัญชียาหลักแห่งชาติ พ.ศ. 2558,http://drug.fda.moph.go.th:81/nlem.in.th/medicine/essential/list,กลุ่มนโยบายแห่งชาติด้านยา สำนักยา กระทรวงสาธารณสุข
Norepinephrine,Noradrenaline,sterile sol (as bitartrate or hydrochloride),,ก,ยาจำเป็นพื้นฐาน,บัตรทอง/ประกันสังคมเบิกได้ทุกกรณี,🟢,Cardiovascular system,Sympathomimetics,IX,โรคระบบไหลเวียนโลหิต,,,,,บัญชียาหลักแห่งชาติ พ.ศ. 2558,http://drug.fda.moph.go.th:81/nlem.in.th/medicine/essential/list,กลุ่มนโยบายแห่งชาติด้านยา สำนักยา กระทรวงสาธารณสุข
Ephedrine hydrochloride,,sterile sol,วัตถุที่ออกฤทธิ์ต่อจิตและประสาทประเภท 2,ค,ยาโรงพยาบาล,ต้องอยู่ในบัญชียาของ รพ.นั้น,🔵,Cardiovascular system,Sympathomimetics,IX,โรคระบบไหลเวียนโลหิต,,,,,บัญชียาหลักแห่งชาติ พ.ศ. 2558,http://drug.fda.moph.go.th:81/nlem.in.th/medicine/essential/list,กลุ่มนโยบายแห่งชาติด้านยา สำนักยา กระทรวงสาธารณสุข
Epinephrine,Adrenaline,sterile sol,,ก,ยาจำเป็นพื้นฐาน,บัตรทอง/ประกันสังคมเบิกได้ทุกกรณี,🟢,Cardiovascular system,Sympathomimetics,IX,โรคระบบไหลเวียนโลหิต,,,,,บัญชียาหลักแห่งชาติ พ.ศ. 2558,http://drug.fda.moph.go.th:81/nlem.in.th/medicine/essential/list,กลุ่มนโยบายแห่งชาติด้านยา สำนักยา กระทรวงสาธารณสุข
Warfarin sodium,,tab,,ค,ยาโรงพยาบาล,ต้องอยู่ในบัญชียาของ รพ.นั้น,🔵,Cardiovascular system,Anticoagulants,IX,โรคระบบไหลเวียนโลหิต,,,,,บัญชียาหลักแห่งชาติ พ.ศ. 2558,http://drug.fda.moph.go.th:81/nlem.in.th/medicine/essential/list,กลุ่มนโยบายแห่งชาติด้านยา สำนักยา กระทรวงสาธารณสุข
Heparin sodium,,sterile sol,,ค,ยาโรงพยาบาล,ต้องอยู่ในบัญชียาของ รพ.นั้น,🔵,Cardiovascular system,Anticoagulants,IX,โรคระบบไหลเวียนโลหิต,,,,,บัญชียาหลักแห่งชาติ พ.ศ. 2558,http://drug.fda.moph.go.th:81/nlem.in.th/medicine/essential/list,กลุ่มนโยบายแห่งชาติด้านยา สำนักยา กระทรวงสาธารณสุข
Enoxaparin sodium,,sterile sol,,ค,ยาโรงพยาบาล,ต้องอยู่ในบัญชียาของ รพ.นั้น,🔵,Cardiovascular system,Anticoagulants,IX,โรคระบบไหลเวียนโลหิต,,"1. ใช้สำหรับ deep vein thrombosis และ pulmonary embolism
2. ใช้สำหรับ venous stroke และ cardioembolic stroke
3. ใช้กับผู้ป่วย acute coronary syndrome (ACS) ที่ต้องรับการรักษาด้วยวิธี Percutaneous Coronary Intervention",,ในกรณี ACS ที่มีแผนการรักษาแบบ conservative ให้ใช้ fondaparinux แทน ซึ่งมีราคายาตามหมายเหตุของรายการยาลำดับที่ 4,บัญชียาหลักแห่งชาติ พ.ศ. 2558,http://drug.fda.moph.go.th:81/nlem.in.th/medicine/essential/list,กลุ่มนโยบายแห่งชาติด้านยา สำนักยา กระทรวงสาธารณสุข
Fondaparinux sodium,,sterile sol (2.5 mg/0.5 ml),,ง,ยาโรคเฉพาะทาง,ใช้กับโรคเฉพาะ ตามแนวทางการรักษา,🟣,Cardiovascular system,Anticoagulants,IX,โรคระบบไหลเวียนโลหิต,,ใช้สำหรับ acute coronary syndrome ที่ไม่ต้องทำ Percutaneous Coronary Intervention (conservative management),,ราคายา fondaparinux sodiumขนาด 2.5 mg (0.5 ml) ที่ต่อรองได้ syringe ละไม่เกิน 208.65 บาท (ราคารวมภาษีมูลค่าเพิ่ม) กำหนดยืนราคา 730 วัน  นับจากวันถัดจากวันประกาศในราชกิจจานุเบกษา เงื่อนไขและรายละเอียดอื่นๆ ให้ดูตามแบบเสนอยาในเว็บไซต์ www.nlem.in.th,บัญชียาหลักแห่งชาติ พ.ศ. 2558,http://drug.fda.moph.go.th:81/nlem.in.th/medicine/essential/list,กลุ่มนโยบายแห่งชาติด้านยา สำนักยา กระทรวงสาธารณสุข
Aspirin,Acetylsalicylic acid,"tab (เฉพาะ 75-325 mg), EC tab (เฉพาะ 75-325 mg)",,ก,ยาจำเป็นพื้นฐาน,บัตรทอง/ประกันสังคมเบิกได้ทุกกรณี,🟢,Cardiovascular system,Antiplatelet drugs,IX,โรคระบบไหลเวียนโลหิต,,,,,บัญชียาหลักแห่งชาติ พ.ศ. 2558,http://drug.fda.moph.go.th:81/nlem.in.th/medicine/essential/list,กลุ่มนโยบายแห่งชาติด้านยา สำนักยา กระทรวงสาธารณสุข
Clopidogrel bisulfate,,tab,,ง,ยาโรคเฉพาะทาง,ใช้กับโรคเฉพาะ ตามแนวทางการรักษา,🟣,Cardiovascular system,Antiplatelet drugs,IX,โรคระบบไหลเวียนโลหิต,,"1.  ใช้กับผู้ป่วยที่ใช้ aspirin ไม่ได้ เฉพาะกรณีที่ใช้ป้องกันโรคเกี่ยวกับหลอดเลือดหัวใจหรือสมองแบบ
ทุติยภูมิ (secondary prevention)
2.  ให้ร่วมกับ aspirin หลังการใส่ขดลวดค้ำยันผนังหลอดเลือด (stent) เป็นระยะเวลาไม่เกิน 1 ปี
3.  ใช้ในกรณีผู้ป่วยโรคหลอดเลือดหัวใจที่ได้รับ aspirin แล้วยังเกิด acute coronary syndrome หรือ  recurrent thrombotic events
4.  ในกรณีที่ได้รับการวินิจฉัยอย่างชัดเจนแล้วว่าเป็น non-ST elevated acute coronary syndrome ให้ใช้ clopidogrel ร่วมกับ aspirin เป็นระยะเวลาไม่เกิน 1 ปี",,ระมัดระวังการใช้ยา clopidogrel ร่วมกับ aspirin เนื่องจากเพิ่มความเสี่ยงในการเกิดอาการเลือดออกได้มากกว่าการใช้ aspirin หรือ clopidogrel เพียงชนิดเดียว,บัญชียาหลักแห่งชาติ พ.ศ. 2558,http://drug.fda.moph.go.th:81/nlem.in.th/medicine/essential/list,กลุ่มนโยบายแห่งชาติด้านยา สำนักยา กระทรวงสาธารณสุข
Dipyridamole,,sterile sol,,ง,ยาโรคเฉพาะทาง,ใช้กับโรคเฉพาะ ตามแนวทางการรักษา,🟣,Cardiovascular system,Antiplatelet drugs,IX,โรคระบบไหลเวียนโลหิต,,ใช้สำหรับการตรวจวินิจฉัยเท่านั้น,,,บัญชียาหลักแห่งชาติ พ.ศ. 2558,http://drug.fda.moph.go.th:81/nlem.in.th/medicine/essential/list,กลุ่มนโยบายแห่งชาติด้านยา สำนักยา กระทรวงสาธารณสุข
Eptifibatide,,sterile sol,,ง,ยาโรคเฉพาะทาง,ใช้กับโรคเฉพาะ ตามแนวทางการรักษา,🟣,Cardiovascular system,Antiplatelet drugs,IX,โรคระบบไหลเวียนโลหิต,,ใช้ร่วมกับการรักษาด้วยสายสวนขยายหลอดเลือดหัวใจเท่านั้น,,,บัญชียาหลักแห่งชาติ พ.ศ. 2558,http://drug.fda.moph.go.th:81/nlem.in.th/medicine/essential/list,กลุ่มนโยบายแห่งชาติด้านยา สำนักยา กระทรวงสาธารณสุข
Ticlopidine hydrochloride,,tab,,ง,ยาโรคเฉพาะทาง,ใช้กับโรคเฉพาะ ตามแนวทางการรักษา,🟣,Cardiovascular system,Antiplatelet drugs,IX,โรคระบบไหลเวียนโลหิต,,ใช้กับผู้ป่วยที่ไม่สามารถใช้ clopidogrel ได้ยกเว้นกรณี atrial fibrillation,อาจทำให้เกิด neutropenia การสั่งใช้จึงต้องติดตามระดับเม็ดเลือดขาวทุก 2 สัปดาห์ติดต่อกันใน 3 เดือนแรก จากนั้นควรติดตามเป็นระยะร่วมกับการตรวจการทำงานของตับ,,บัญชียาหลักแห่งชาติ พ.ศ. 2558,http://drug.fda.moph.go.th:81/nlem.in.th/medicine/essential/list,กลุ่มนโยบายแห่งชาติด้านยา สำนักยา กระทรวงสาธารณสุข
Streptokinase,,sterile pwdr,,ก,ยาจำเป็นพื้นฐาน,บัตรทอง/ประกันสังคมเบิกได้ทุกกรณี,🟢,Cardiovascular system,Fibrinolytic drugs,IX,โรคระบบไหลเวียนโลหิต,,,,,บัญชียาหลักแห่งชาติ พ.ศ. 2558,http://drug.fda.moph.go.th:81/nlem.in.th/medicine/essential/list,กลุ่มนโยบายแห่งชาติด้านยา สำนักยา กระทรวงสาธารณสุข
Alteplase,Recombinant tissue - type plasminogen activator,sterile pwdr,,ง,ยาโรคเฉพาะทาง,ใช้กับโรคเฉพาะ ตามแนวทางการรักษา,🟣,Cardiovascular system,Fibrinolytic drugs,IX,โรคระบบไหลเวียนโลหิต,,"1. ใช้สำหรับ myocardial ischaemia หรือภาวะหลอดเลือดแดงส่วนปลายอุดตัน ในกรณีที่ผู้ป่วยแพ้ streptokinase หรือเคยได้รับ streptokinase ภายใน 1 ปี 
2. ใช้สำหรับ acute arterial ischaemic stroke โดยแพทย์ผู้เชี่ยวชาญด้านระบบประสาท
3. ใช้สำหรับ Massive pulmonary embolism ในผู้ป่วยที่มีความเสี่ยงต่อการเกิด massive bleeding และมี hemodynamic instability
4. ใช้ในกรณีที่มี acute vascular access thombosis (หมายถึง A-V fistula หรือ A-V graft สำหรับทำ hemodialysis)",,,บัญชียาหลักแห่งชาติ พ.ศ. 2558,http://drug.fda.moph.go.th:81/nlem.in.th/medicine/essential/list,กลุ่มนโยบายแห่งชาติด้านยา สำนักยา กระทรวงสาธารณสุข
Tranexamic acid,,sterile sol,,ก,ยาจำเป็นพื้นฐาน,บัตรทอง/ประกันสังคมเบิกได้ทุกกรณี,🟢,Cardiovascular system,Hemostatics,IX,โรคระบบไหลเวียนโลหิต,,,ใช้กับผู้ป่วยที่ประสบอุบัติเหตุและมีภาวะเลือดออกรุนแรง การให้ยาภายใน 3 ชั่วโมงมีประสิทธิผลในการลดอัตราการเสียชีวิต แต่การให้ยาหลังจาก 3 ชั่วโมงอาจเพิ่มอัตราการเสียชีวิตจากภาวะเลือดออก,การใช้ tranexamic acid ไม่สามารถทดแทนการรักษาที่จำเป็นอื่นๆ ได้ เช่น การให้เลือด เป็นต้น,บัญชียาหลักแห่งชาติ พ.ศ. 2558,http://drug.fda.moph.go.th:81/nlem.in.th/medicine/essential/list,กลุ่มนโยบายแห่งชาติด้านยา สำนักยา กระทรวงสาธารณสุข
Tranexamic acid,,cap,,ค,ยาโรงพยาบาล,ต้องอยู่ในบัญชียาของ รพ.นั้น,🔵,Cardiovascular system,Hemostatics,IX,โรคระบบไหลเวียนโลหิต,,,"1.  ใช้ในทางทันตกรรมเฉพาะกรณีห้ามเลือดด้วยวิธีปกติแล้วไม่ได้ผล
2.  ใช้ก่อนทำหัตถการในช่องปากในผู้ป่วยที่มีแนวโน้มเลือดออกแล้วหยุดยาก
3.  ใช้สำหรับภาวะระดูมากผิดปกติ (menorrhagia)",,บัญชียาหลักแห่งชาติ พ.ศ. 2558,http://drug.fda.moph.go.th:81/nlem.in.th/medicine/essential/list,กลุ่มนโยบายแห่งชาติด้านยา สำนักยา กระทรวงสาธารณสุข
"Human thrombin + Calcium chloride 
+ Fibrinogen +Tranexamic acid",,sterile sol,,ง,ยาโรคเฉพาะทาง,ใช้กับโรคเฉพาะ ตามแนวทางการรักษา,🟣,Cardiovascular system,Hemostatics,IX,โรคระบบไหลเวียนโลหิต,,"1.  ใช้สำหรับภาวะเลือดออกจากอุบัติเหตุ การถอนฟัน การผ่าตัดผู้ป่วยที่มีภาวะเลือดออกแล้วหยุดยาก เช่น hemophilia, thrombocytopenia, platelet dysfunction, von Willebrand's disease และ congenital factor VII deficiency เป็นต้น
2. ใช้กับผู้ป่วยที่ได้รับการผ่าตัดซึ่งไม่สามารถห้ามเลือดด้วยวิธีปกติได้ เช่น การผ่าตัดตับ การผ่าตัดหัวใจ การผ่าตัดปอด เป็นต้น",,,บัญชียาหลักแห่งชาติ พ.ศ. 2558,http://drug.fda.moph.go.th:81/nlem.in.th/medicine/essential/list,กลุ่มนโยบายแห่งชาติด้านยา สำนักยา กระทรวงสาธารณสุข
"Factor VIII concentrate, dried",,sterile preparation for intravenous use,,จ(1),ยาราคาแพง/ยาใหม่,ต้องขออนุมัติก่อนใช้,🟠,Cardiovascular system,Hemostatics,IX,โรคระบบไหลเวียนโลหิต,,ใช้สำหรับโครงการศึกษาของสำนักงานหลักประกันสุขภาพแห่งชาติ ที่ชื่อว่า “โครงการพัฒนาระบบการบริหารจัดการ การดูแลผู้ป่วยกลุ่มโรคเลือดออกง่ายฮีโมฟีเลีย ในระบบประกันสุขภาพถ้วนหน้า” เท่านั้น,,,บัญชียาหลักแห่งชาติ พ.ศ. 2558,http://drug.fda.moph.go.th:81/nlem.in.th/medicine/essential/list,กลุ่มนโยบายแห่งชาติด้านยา สำนักยา กระทรวงสาธารณสุข
"Factor IX concentrate, dried",,sterile preparation for intravenous use,,จ(1),ยาราคาแพง/ยาใหม่,ต้องขออนุมัติก่อนใช้,🟠,Cardiovascular system,Hemostatics,IX,โรคระบบไหลเวียนโลหิต,,"เช่นเดียวกับ Factor VIII concentrate, dried",,,บัญชียาหลักแห่งชาติ พ.ศ. 2558,http://drug.fda.moph.go.th:81/nlem.in.th/medicine/essential/list,กลุ่มนโยบายแห่งชาติด้านยา สำนักยา กระทรวงสาธารณสุข
"Factor IX complex (coagulation factors II, VII, IX, X) concentrate,  dried",,sterile preparation for intravenous use,,จ(1),ยาราคาแพง/ยาใหม่,ต้องขออนุมัติก่อนใช้,🟠,Cardiovascular system,Hemostatics,IX,โรคระบบไหลเวียนโลหิต,,"เช่นเดียวกับ Factor VIII concentrate, dried",,,บัญชียาหลักแห่งชาติ พ.ศ. 2558,http://drug.fda.moph.go.th:81/nlem.in.th/medicine/essential/list,กลุ่มนโยบายแห่งชาติด้านยา สำนักยา กระทรวงสาธารณสุข
Gemfibrozil,,"cap (เฉพาะ 300, 600 mg), tab (เฉพาะ 600 mg)",,ก,ยาจำเป็นพื้นฐาน,บัตรทอง/ประกันสังคมเบิกได้ทุกกรณี,🟢,Cardiovascular system,Lipid-regulating drugs,IX,โรคระบบไหลเวียนโลหิต,,,,,บัญชียาหลักแห่งชาติ พ.ศ. 2558,http://drug.fda.moph.go.th:81/nlem.in.th/medicine/essential/list,กลุ่มนโยบายแห่งชาติด้านยา สำนักยา กระทรวงสาธารณสุข
Nicotinic acid,,immediate release tab,,ก,ยาจำเป็นพื้นฐาน,บัตรทอง/ประกันสังคมเบิกได้ทุกกรณี,🟢,Cardiovascular system,Lipid-regulating drugs,IX,โรคระบบไหลเวียนโลหิต,,,,,บัญชียาหลักแห่งชาติ พ.ศ. 2558,http://drug.fda.moph.go.th:81/nlem.in.th/medicine/essential/list,กลุ่มนโยบายแห่งชาติด้านยา สำนักยา กระทรวงสาธารณสุข
Simvastatin,,"tab (เฉพาะ 10, 20 และ 40 mg)",,ก,ยาจำเป็นพื้นฐาน,บัตรทอง/ประกันสังคมเบิกได้ทุกกรณี,🟢,Cardiovascular system,Lipid-regulating drugs,IX,โรคระบบไหลเวียนโลหิต,,"1. ใช้เป็นยาเสริม (adjunct therapy) สำหรับภาวะไขมันในเลือดผิดปกติ ร่วมกับการควบคุมอาหารและการปรับเปลี่ยนพฤติกรรม 
2. กรณีใช้ป้องกันโรคหลอดเลือดหัวใจและหลอดเลือดสมองเกณฑ์ในการเริ่มใช้ยาและเป้าหมายในการรักษา ต้องเป็นไปตามเกณฑ์ดังนี้
2.1 การป้องกันแบบทุติยภูมิ (secondary prevention)
2.1.1  ผู้ป่วยมีประวัติเกิด cardiovascular event เริ่มใช้ยาเมื่อ LDL-C ≥ 100 mg/dL โดยมีเป้าหมายลดให้ต่ำกว่า 100 mg/dL กรณีมีโรคหัวใจขาดเลือดรุนแรงลดให้ต่ำกว่า 70 mg/dL 
2.1.2  ผู้ป่วยมีโรคหลอดเลือดหัวใจโคโรนารี (coronary heart disease) เริ่มใช้ยาเมื่อ LDL-C ≥ 130 mg/dL โดยมีเป้าหมายลดให้ต่ำกว่า 100 mg/dL
2.2 การป้องกันแบบปฐมภูมิ (primary prevention)
2.2.1 ผู้ป่วยที่มีความเสี่ยงเทียบเท่าผู้เป็นโรคหลอดเลือดหัวใจโคโรนารี (coronary heart disease risk equivalent) เริ่มใช้ยาเมื่อ LDL-C ≥ 130 mg/dL โดยมีเป้าหมายลดให้ต่ำกว่า 100 mg/dL ผู้ป่วยเหล่านี้ได้แก่ 
2.2.1.1  ผู้ป่วยโรคหลอดเลือดแดงส่วนปลาย, abdominal aortic aneurysm หรือ symptomatic carotid artery disease หรือ
2.2.1.2  ผู้ป่วยโรคเบาหวาน หรือ 
2.2.1.3  ผู้มีความเสี่ยงต่อการเป็นโรคหลอดเลือดหัวใจใน 10 ปีจากการคำนวณด้วย Framingham score (general cardiovascular disease: 10-year risk) เกินกว่า 20%
2.2.2. ผู้ป่วยอื่นๆ ให้ดูว่ามีปัจจัยเสี่ยงต่อไปนี้กี่ข้
1)  สูบบุหรี่
2)  ความดันเลือดสูง (ความดันเลือด ≥ 140/90 มิลลิเมตรปรอท หรือกำลังใช้ยาลดความดันเลือดอยู่)
3)  HDL cholesterol น้อยกว่า 40 mg/dL (หาก HDL-C ≥ 60 mg/dL ให้หักลบจำนวนปัจจัยเสี่ยงออกหนี่งข้อ)
4)  มีประวัติครอบครัว (เฉพาะพ่อ แม่ พี่ น้อง) เป็นโรคหลอดเลือดหัวใจ หรือมีการเสียชีวิตอย่างกะทันหัน ในญาติผู้ชายอายุ ≤ 55 ปี หรือ ญาติผู้หญิงอายุ ≤  65 ปี
5)  อายุ  ผู้ชาย ≥ 45 ปี ผู้หญิง ≥ 55 
2.2.2.1 กรณีมีปัจจัยเสี่ยง 0-1 ข้อ เริ่มใช้ยาเมื่อ LDL-C ≥ 190 mg/dL โดยมีเป้าหมายลดให้ต่ำกว่า 160 mg/dL 
2.2.2.2 กรณีมีปัจจัยเสี่ยงตั้งแต่ 2 ข้อขึ้นไป ให้ประเมินความเสี่ยงต่อการเป็นโรคหลอดเลือดหัวใจใน 10 ปีจากการคำนวณด้วย Framingham score 
· ความเสี่ยงต่ำกว่า 10 % เริ่มให้ยาเมื่อ LDL-C ≥ 160 mg/dL โดยมีเป้าหมายลดให้ต่ำกว่า 130 mg/dL
· ความเสี่ยงระหว่าง 10-20 %  เริ่มให้ยาเมื่อ LDL-C ≥ 130 mg/dL โดยมีเป้าหมายลดให้ต่ำกว่า 130 mg/dL
· ความเสี่ยงมากกว่า 20% ใช้หลักเกณฑ์ตามข้อ 2.2.1","1. กรณีผู้ป่วยรายใหม่ไม่ควรให้ยา simvastatin เกินวันละ 40 mg สำหรับผู้ป่วยที่เคยใช้มานานเกิน 1 ปี โดยไม่เกิดผลข้างเคียงให้ใช้ยาในขนาดเดิมต่อไปได้
2. ห้ามใช้ยา simvastatin ร่วมกับ gemfibrozil, cyclosporine, danazol หรือ ยาในกลุ่ม strong CYP3A4 inhibitors เช่น itraconazole, ketoconazole, erythromycin, clarithromycin, telithromycin, HIV protease inhibitors เป็นต้น หากหลีกเลี่ยงไม่ได้ ให้หยุดยา simvastatin ระหว่างใช้ยาดังกล่าว
3. หลีกเลี่ยงการใช้ยา simvastatin 
3.1 ในขนาดเกินวันละ 20 mg เมื่อใช้ร่วมกับยา amlodipine หรือ amiodarone
3.2 ในขนาดเกินวันละ 10 mg เมื่อใช้ร่วมกับยา diltiazem หรือ verapamil",,บัญชียาหลักแห่งชาติ พ.ศ. 2558,http://drug.fda.moph.go.th:81/nlem.in.th/medicine/essential/list,กลุ่มนโยบายแห่งชาติด้านยา สำนักยา กระทรวงสาธารณสุข
Colestyramine,Cholestyramine,oral pwdr,,ข,ยาที่ใช้ได้ตามเงื่อนไข,เบิกได้บางกรณี ตามเงื่อนไขที่กำหนด,🟡,Cardiovascular system,Lipid-regulating drugs,IX,โรคระบบไหลเวียนโลหิต,,,,,บัญชียาหลักแห่งชาติ พ.ศ. 2558,http://drug.fda.moph.go.th:81/nlem.in.th/medicine/essential/list,กลุ่มนโยบายแห่งชาติด้านยา สำนักยา กระทรวงสาธารณสุข
Fenofibrate,,"cap (เฉพาะ 100, 200 
และ 300 mg)",,ค,ยาโรงพยาบาล,ต้องอยู่ในบัญชียาของ รพ.นั้น,🔵,Cardiovascular system,Lipid-regulating drugs,IX,โรคระบบไหลเวียนโลหิต,,,,,บัญชียาหลักแห่งชาติ พ.ศ. 2558,http://drug.fda.moph.go.th:81/nlem.in.th/medicine/essential/list,กลุ่มนโยบายแห่งชาติด้านยา สำนักยา กระทรวงสาธารณสุข
Atorvastatin,,tab (เฉพาะ 40 mg),,ง,ยาโรคเฉพาะทาง,ใช้กับโรคเฉพาะ ตามแนวทางการรักษา,🟣,Cardiovascular system,Lipid-regulating drugs,IX,โรคระบบไหลเวียนโลหิต,,"1. ใช้กับผู้ป่วยที่ใช้ยา simvastatin ในขนาด 40 mg ติดต่อกัน 6 เดือน แล้วยังไม่สามารถควบคุมระดับ LDL-C ได้ถึงค่าเป้าหมาย (ดูเงื่อนไข simvastatin) หรือ
2. ใช้กับผู้ป่วยที่ไม่สามารถใช้ simvastatin ได้กล่าวคือมีผลข้างเคียง ได้แก่ มีค่า alanine aminotransferase (ALT) เพิ่มขึ้น 3 เท่าของค่าสูงสุดของค่าปกติ (upper limit of normal) หรือค่า Creatine phosphokinase (CPK) เพิ่มขึ้นมากกว่า 5 เท่าของค่าสูงสุดของค่าปกติ","1.  หลีกเลี่ยงการใช้ยา atorvastatin ร่วมกับ cyclosporine, HIV protease inhibitor (tipranavir + ritonavir),  
 hepatitis C protease inhibitor (telaprevir)
2.  หลีกเลี่ยงการใช้ยา atorvastatin  
2.1  ในขนาดเกินวันละ 40 mg เมื่อใช้ร่วมกับยา nelfinavir 
2.2  ในขนาดเกินวันละ 20 mg เมื่อใช้ร่วมกับยา clarithromycin, itraconazole, HIV protease inhibitor (saquinavir + ritonavir, darunavir + ritonavir, fosamprenavir, fosamprenavir + ritonavir)
3.  ระมัดระวังการใช้ยา atorvastatin ร่วมกับยา lopinavir + ritonavir โดยให้ใช้ยา atorvastatin ในขนาดต่ำสุดเท่าที่จำเป็น",,บัญชียาหลักแห่งชาติ พ.ศ. 2558,http://drug.fda.moph.go.th:81/nlem.in.th/medicine/essential/list,กลุ่มนโยบายแห่งชาติด้านยา สำนักยา กระทรวงสาธารณสุข
Procaterol hydrochloride,,syr,,ก,ยาจำเป็นพื้นฐาน,บัตรทอง/ประกันสังคมเบิกได้ทุกกรณี,🟢,Respiratory system,Bronchodilators,X,โรคระบบทางเดินหายใจ,,,,,บัญชียาหลักแห่งชาติ พ.ศ. 2558,http://drug.fda.moph.go.th:81/nlem.in.th/medicine/essential/list,กลุ่มนโยบายแห่งชาติด้านยา สำนักยา กระทรวงสาธารณสุข
Salbutamol sulfate,,"tab, aqueous sol, DPI, MDI, sol for nebulizer",,ก,ยาจำเป็นพื้นฐาน,บัตรทอง/ประกันสังคมเบิกได้ทุกกรณี,🟢,Respiratory system,Bronchodilators,X,โรคระบบทางเดินหายใจ,,,,,บัญชียาหลักแห่งชาติ พ.ศ. 2558,http://drug.fda.moph.go.th:81/nlem.in.th/medicine/essential/list,กลุ่มนโยบายแห่งชาติด้านยา สำนักยา กระทรวงสาธารณสุข
Terbutaline sulfate,,"tab, syr, sterile sol",,ก,ยาจำเป็นพื้นฐาน,บัตรทอง/ประกันสังคมเบิกได้ทุกกรณี,🟢,Respiratory system,Bronchodilators,X,โรคระบบทางเดินหายใจ,,,,,บัญชียาหลักแห่งชาติ พ.ศ. 2558,http://drug.fda.moph.go.th:81/nlem.in.th/medicine/essential/list,กลุ่มนโยบายแห่งชาติด้านยา สำนักยา กระทรวงสาธารณสุข
Terbutaline sulfate,,sol for nebulizer,,ก,ยาจำเป็นพื้นฐาน,บัตรทอง/ประกันสังคมเบิกได้ทุกกรณี,🟢,Respiratory system,Bronchodilators,X,โรคระบบทางเดินหายใจ,,,,,บัญชียาหลักแห่งชาติ พ.ศ. 2558,http://drug.fda.moph.go.th:81/nlem.in.th/medicine/essential/list,กลุ่มนโยบายแห่งชาติด้านยา สำนักยา กระทรวงสาธารณสุข
Procaterol hydrochloride,,tab,,ข,ยาที่ใช้ได้ตามเงื่อนไข,เบิกได้บางกรณี ตามเงื่อนไขที่กำหนด,🟡,Respiratory system,Bronchodilators,X,โรคระบบทางเดินหายใจ,,,,,บัญชียาหลักแห่งชาติ พ.ศ. 2558,http://drug.fda.moph.go.th:81/nlem.in.th/medicine/essential/list,กลุ่มนโยบายแห่งชาติด้านยา สำนักยา กระทรวงสาธารณสุข
Ipratropium bromide + Fenoterol hydrobromide,,"MDI, sol for nebulizer",,ก,ยาจำเป็นพื้นฐาน,บัตรทอง/ประกันสังคมเบิกได้ทุกกรณี,🟢,Respiratory system,Bronchodilators,X,โรคระบบทางเดินหายใจ,,,,,บัญชียาหลักแห่งชาติ พ.ศ. 2558,http://drug.fda.moph.go.th:81/nlem.in.th/medicine/essential/list,กลุ่มนโยบายแห่งชาติด้านยา สำนักยา กระทรวงสาธารณสุข
Aminophylline,,"tab, sterile sol",,ก,ยาจำเป็นพื้นฐาน,บัตรทอง/ประกันสังคมเบิกได้ทุกกรณี,🟢,Respiratory system,Bronchodilators,X,โรคระบบทางเดินหายใจ,,,,,บัญชียาหลักแห่งชาติ พ.ศ. 2558,http://drug.fda.moph.go.th:81/nlem.in.th/medicine/essential/list,กลุ่มนโยบายแห่งชาติด้านยา สำนักยา กระทรวงสาธารณสุข
Theophylline,,"SR cap , SR tab",,ก,ยาจำเป็นพื้นฐาน,บัตรทอง/ประกันสังคมเบิกได้ทุกกรณี,🟢,Respiratory system,Bronchodilators,X,โรคระบบทางเดินหายใจ,,,,,บัญชียาหลักแห่งชาติ พ.ศ. 2558,http://drug.fda.moph.go.th:81/nlem.in.th/medicine/essential/list,กลุ่มนโยบายแห่งชาติด้านยา สำนักยา กระทรวงสาธารณสุข
Theophylline + Glyceryl guaiacolate,,syr (50+30 mg in 5 ml),,ก,ยาจำเป็นพื้นฐาน,บัตรทอง/ประกันสังคมเบิกได้ทุกกรณี,🟢,Respiratory system,Bronchodilators,X,โรคระบบทางเดินหายใจ,,,,จะนำออกจากบัญชี เมื่อจัดหา theophylline syr ได้ เพราะไม่มีหลักฐานชัดเจนที่สนับสนุนเหตุผลในการใช้ยาสูตรผสม,บัญชียาหลักแห่งชาติ พ.ศ. 2558,http://drug.fda.moph.go.th:81/nlem.in.th/medicine/essential/list,กลุ่มนโยบายแห่งชาติด้านยา สำนักยา กระทรวงสาธารณสุข
Beclometasone dipropionate,,"DPI, MDI",,ก,ยาจำเป็นพื้นฐาน,บัตรทอง/ประกันสังคมเบิกได้ทุกกรณี,🟢,Respiratory system,Corticosteroids,X,โรคระบบทางเดินหายใจ,,,,,บัญชียาหลักแห่งชาติ พ.ศ. 2558,http://drug.fda.moph.go.th:81/nlem.in.th/medicine/essential/list,กลุ่มนโยบายแห่งชาติด้านยา สำนักยา กระทรวงสาธารณสุข
Budesonide,,"DPI, MDI, susp for nebulizer",,ก,ยาจำเป็นพื้นฐาน,บัตรทอง/ประกันสังคมเบิกได้ทุกกรณี,🟢,Respiratory system,Corticosteroids,X,โรคระบบทางเดินหายใจ,,,,,บัญชียาหลักแห่งชาติ พ.ศ. 2558,http://drug.fda.moph.go.th:81/nlem.in.th/medicine/essential/list,กลุ่มนโยบายแห่งชาติด้านยา สำนักยา กระทรวงสาธารณสุข
Fluticasone,,susp for nebulizer,,ก,ยาจำเป็นพื้นฐาน,บัตรทอง/ประกันสังคมเบิกได้ทุกกรณี,🟢,Respiratory system,Corticosteroids,X,โรคระบบทางเดินหายใจ,,,,,บัญชียาหลักแห่งชาติ พ.ศ. 2558,http://drug.fda.moph.go.th:81/nlem.in.th/medicine/essential/list,กลุ่มนโยบายแห่งชาติด้านยา สำนักยา กระทรวงสาธารณสุข
Fluticasone,,MDI,,ค,ยาโรงพยาบาล,ต้องอยู่ในบัญชียาของ รพ.นั้น,🔵,Respiratory system,Corticosteroids,X,โรคระบบทางเดินหายใจ,,ใช้เป็นยาทางเลือกกรณีต้องการใช้ยาที่มี potency สูงในการรักษา,,,บัญชียาหลักแห่งชาติ พ.ศ. 2558,http://drug.fda.moph.go.th:81/nlem.in.th/medicine/essential/list,กลุ่มนโยบายแห่งชาติด้านยา สำนักยา กระทรวงสาธารณสุข
Budesonide + Formoterol,,DPI,,ค,ยาโรงพยาบาล,ต้องอยู่ในบัญชียาของ รพ.นั้น,🔵,Respiratory system,Corticosteroids,X,โรคระบบทางเดินหายใจ,,,,"1.  ใช้สำหรับควบคุมอาการเท่านั้น
2.  การใช้ long acting beta2-agonist (LABA) เช่น formoterol และ salmeterol เป็นยาเดี่ยว เพิ่มความเสี่ยงของโรคหืดกำเริบรุนแรงและการเสียชีวิตจากโรคหืด",บัญชียาหลักแห่งชาติ พ.ศ. 2558,http://drug.fda.moph.go.th:81/nlem.in.th/medicine/essential/list,กลุ่มนโยบายแห่งชาติด้านยา สำนักยา กระทรวงสาธารณสุข
Fluticasone + Salmeterol,,"DPI, MDI",,ค,ยาโรงพยาบาล,ต้องอยู่ในบัญชียาของ รพ.นั้น,🔵,Respiratory system,Corticosteroids,X,โรคระบบทางเดินหายใจ,,,,เช่นเดียวกับ Budesonide + Formoterol,บัญชียาหลักแห่งชาติ พ.ศ. 2558,http://drug.fda.moph.go.th:81/nlem.in.th/medicine/essential/list,กลุ่มนโยบายแห่งชาติด้านยา สำนักยา กระทรวงสาธารณสุข
Montelukast sodium,,"chewable tab ( เฉพาะ 4 และ 5 mg ), film coated tab ( เฉพาะ 10 mg )",,ค,ยาโรงพยาบาล,ต้องอยู่ในบัญชียาของ รพ.นั้น,🔵,Respiratory system,Leukotriene receptor antagonists,X,โรคระบบทางเดินหายใจ,,ชนิด chewable tab 4 mg ใช้ในเด็กอายุตั้งแต่ 2-5 ขวบ,ควรติดตามอาการไม่พึงประสงค์ทาง neuropsychiatric จากการใช้ยาอย่างต่อเนื่อง,,บัญชียาหลักแห่งชาติ พ.ศ. 2558,http://drug.fda.moph.go.th:81/nlem.in.th/medicine/essential/list,กลุ่มนโยบายแห่งชาติด้านยา สำนักยา กระทรวงสาธารณสุข
Brompheniramine maleate,,"tab, syr",,ก,ยาจำเป็นพื้นฐาน,บัตรทอง/ประกันสังคมเบิกได้ทุกกรณี,🟢,Respiratory system,Antihistamines,X,โรคระบบทางเดินหายใจ,,,,,บัญชียาหลักแห่งชาติ พ.ศ. 2558,http://drug.fda.moph.go.th:81/nlem.in.th/medicine/essential/list,กลุ่มนโยบายแห่งชาติด้านยา สำนักยา กระทรวงสาธารณสุข
Chlorpheniramine maleate,Chlorphenamine maleate,"cap, tab, syr, sterile sol",,ก,ยาจำเป็นพื้นฐาน,บัตรทอง/ประกันสังคมเบิกได้ทุกกรณี,🟢,Respiratory system,Antihistamines,X,โรคระบบทางเดินหายใจ,,,,,บัญชียาหลักแห่งชาติ พ.ศ. 2558,http://drug.fda.moph.go.th:81/nlem.in.th/medicine/essential/list,กลุ่มนโยบายแห่งชาติด้านยา สำนักยา กระทรวงสาธารณสุข
Diphenhydramine  hydrochloride,,"cap, sterile sol",,ก,ยาจำเป็นพื้นฐาน,บัตรทอง/ประกันสังคมเบิกได้ทุกกรณี,🟢,Respiratory system,Antihistamines,X,โรคระบบทางเดินหายใจ,,,,,บัญชียาหลักแห่งชาติ พ.ศ. 2558,http://drug.fda.moph.go.th:81/nlem.in.th/medicine/essential/list,กลุ่มนโยบายแห่งชาติด้านยา สำนักยา กระทรวงสาธารณสุข
Hydroxyzine hydrochloride,,"tab, syr",,ก,ยาจำเป็นพื้นฐาน,บัตรทอง/ประกันสังคมเบิกได้ทุกกรณี,🟢,Respiratory system,Antihistamines,X,โรคระบบทางเดินหายใจ,,,,,บัญชียาหลักแห่งชาติ พ.ศ. 2558,http://drug.fda.moph.go.th:81/nlem.in.th/medicine/essential/list,กลุ่มนโยบายแห่งชาติด้านยา สำนักยา กระทรวงสาธารณสุข
Cetirizine hydrochloride,,"tab, syr",,ก,ยาจำเป็นพื้นฐาน,บัตรทอง/ประกันสังคมเบิกได้ทุกกรณี,🟢,Respiratory system,Antihistamines,X,โรคระบบทางเดินหายใจ,,,,,บัญชียาหลักแห่งชาติ พ.ศ. 2558,http://drug.fda.moph.go.th:81/nlem.in.th/medicine/essential/list,กลุ่มนโยบายแห่งชาติด้านยา สำนักยา กระทรวงสาธารณสุข
Loratadine,,"tab, syr",,ก,ยาจำเป็นพื้นฐาน,บัตรทอง/ประกันสังคมเบิกได้ทุกกรณี,🟢,Respiratory system,Antihistamines,X,โรคระบบทางเดินหายใจ,,,,,บัญชียาหลักแห่งชาติ พ.ศ. 2558,http://drug.fda.moph.go.th:81/nlem.in.th/medicine/essential/list,กลุ่มนโยบายแห่งชาติด้านยา สำนักยา กระทรวงสาธารณสุข
Phospholipids (ชนิด Poractant alfa หรือ Beractant),,sterile intratracheal susp,,ง,ยาโรคเฉพาะทาง,ใช้กับโรคเฉพาะ ตามแนวทางการรักษา,🟣,Respiratory system,Pulmonary surfactants,X,โรคระบบทางเดินหายใจ,,"1. ให้เลือกหนึ่งรายการที่จัดซื้อได้ถูกกว่าระหว่าง Poractant alfa กับ Beractant
2. ใช้โดยผู้เชี่ยวชาญกุมารแพทย์",,,บัญชียาหลักแห่งชาติ พ.ศ. 2558,http://drug.fda.moph.go.th:81/nlem.in.th/medicine/essential/list,กลุ่มนโยบายแห่งชาติด้านยา สำนักยา กระทรวงสาธารณสุข
"Dextromethorphan 
hydrobromide",,"tab, syr",,ก,ยาจำเป็นพื้นฐาน,บัตรทอง/ประกันสังคมเบิกได้ทุกกรณี,🟢,Respiratory system,Cough preparations,X,โรคระบบทางเดินหายใจ,,,,,บัญชียาหลักแห่งชาติ พ.ศ. 2558,http://drug.fda.moph.go.th:81/nlem.in.th/medicine/essential/list,กลุ่มนโยบายแห่งชาติด้านยา สำนักยา กระทรวงสาธารณสุข
Opium and Glycyrrhiza Mixture Compound,Brown Mixture ; Mist. Tussis,mixt (hosp),,ก,ยาจำเป็นพื้นฐาน,บัตรทอง/ประกันสังคมเบิกได้ทุกกรณี,🟢,Respiratory system,Cough preparations,X,โรคระบบทางเดินหายใจ,,,,,บัญชียาหลักแห่งชาติ พ.ศ. 2558,http://drug.fda.moph.go.th:81/nlem.in.th/medicine/essential/list,กลุ่มนโยบายแห่งชาติด้านยา สำนักยา กระทรวงสาธารณสุข
Squill and Ammonia Mixture,,mixt (hosp),,ก,ยาจำเป็นพื้นฐาน,บัตรทอง/ประกันสังคมเบิกได้ทุกกรณี,🟢,Respiratory system,Cough preparations,X,โรคระบบทางเดินหายใจ,,,,,บัญชียาหลักแห่งชาติ พ.ศ. 2558,http://drug.fda.moph.go.th:81/nlem.in.th/medicine/essential/list,กลุ่มนโยบายแห่งชาติด้านยา สำนักยา กระทรวงสาธารณสุข
Codeine phosphate + Glyceryl guaiacolate,,tab/cap (เฉพาะ 10+100 mg),,ค,ยาโรงพยาบาล,ต้องอยู่ในบัญชียาของ รพ.นั้น,🔵,Respiratory system,Cough preparations,X,โรคระบบทางเดินหายใจ,,,,,บัญชียาหลักแห่งชาติ พ.ศ. 2558,http://drug.fda.moph.go.th:81/nlem.in.th/medicine/essential/list,กลุ่มนโยบายแห่งชาติด้านยา สำนักยา กระทรวงสาธารณสุข
Ammonium carbonate and senega mixture,,mixt (hosp),,ก,ยาจำเป็นพื้นฐาน,บัตรทอง/ประกันสังคมเบิกได้ทุกกรณี,🟢,Respiratory system,Cough preparations,X,โรคระบบทางเดินหายใจ,,,,,บัญชียาหลักแห่งชาติ พ.ศ. 2558,http://drug.fda.moph.go.th:81/nlem.in.th/medicine/essential/list,กลุ่มนโยบายแห่งชาติด้านยา สำนักยา กระทรวงสาธารณสุข
Glyceryl guaiacolate,,"tab, syr",,ก,ยาจำเป็นพื้นฐาน,บัตรทอง/ประกันสังคมเบิกได้ทุกกรณี,🟢,Respiratory system,Cough preparations,X,โรคระบบทางเดินหายใจ,,,,,บัญชียาหลักแห่งชาติ พ.ศ. 2558,http://drug.fda.moph.go.th:81/nlem.in.th/medicine/essential/list,กลุ่มนโยบายแห่งชาติด้านยา สำนักยา กระทรวงสาธารณสุข
Pseudoephedrine  hydrochloride,,"tab, syr",วัตถุที่ออกฤทธิ์ต่อจิตและประสาทประเภท 2,ก,ยาจำเป็นพื้นฐาน,บัตรทอง/ประกันสังคมเบิกได้ทุกกรณี,🟢,Respiratory system,Systemic nasal decongestants,X,โรคระบบทางเดินหายใจ,,,,,บัญชียาหลักแห่งชาติ พ.ศ. 2558,http://drug.fda.moph.go.th:81/nlem.in.th/medicine/essential/list,กลุ่มนโยบายแห่งชาติด้านยา สำนักยา กระทรวงสาธารณสุข
Aromatic Ammonia Spirit,,"spirit ,spirit (hosp)",,ก,ยาจำเป็นพื้นฐาน,บัตรทอง/ประกันสังคมเบิกได้ทุกกรณี,🟢,Respiratory system,Other respiratory preparations,X,โรคระบบทางเดินหายใจ,,,,,บัญชียาหลักแห่งชาติ พ.ศ. 2558,http://drug.fda.moph.go.th:81/nlem.in.th/medicine/essential/list,กลุ่มนโยบายแห่งชาติด้านยา สำนักยา กระทรวงสาธารณสุข
Chloral hydrate,,oral sol (hosp),วัตถุที่ออกฤทธิ์ต่อจิตและประสาทประเภท 4,ก,ยาจำเป็นพื้นฐาน,บัตรทอง/ประกันสังคมเบิกได้ทุกกรณี,🟢,Central nervous system,Hypnotics and anxiolytics,VI,โรคระบบประสาท,,,,,บัญชียาหลักแห่งชาติ พ.ศ. 2558,http://drug.fda.moph.go.th:81/nlem.in.th/medicine/essential/list,กลุ่มนโยบายแห่งชาติด้านยา สำนักยา กระทรวงสาธารณสุข
Chlordiazepoxide,,"cap,tab",วัตถุที่ออกฤทธิ์ต่อจิตและประสาทประเภท 4,ก,ยาจำเป็นพื้นฐาน,บัตรทอง/ประกันสังคมเบิกได้ทุกกรณี,🟢,Central nervous system,Hypnotics and anxiolytics,VI,โรคระบบประสาท,,,,,บัญชียาหลักแห่งชาติ พ.ศ. 2558,http://drug.fda.moph.go.th:81/nlem.in.th/medicine/essential/list,กลุ่มนโยบายแห่งชาติด้านยา สำนักยา กระทรวงสาธารณสุข
Diazepam,,"cap, tab, sterile sol",วัตถุที่ออกฤทธิ์ต่อจิตและประสาทประเภท 4,ก,ยาจำเป็นพื้นฐาน,บัตรทอง/ประกันสังคมเบิกได้ทุกกรณี,🟢,Central nervous system,Hypnotics and anxiolytics,VI,โรคระบบประสาท,,,,,บัญชียาหลักแห่งชาติ พ.ศ. 2558,http://drug.fda.moph.go.th:81/nlem.in.th/medicine/essential/list,กลุ่มนโยบายแห่งชาติด้านยา สำนักยา กระทรวงสาธารณสุข
Lorazepam,,tab,วัตถุที่ออกฤทธิ์ต่อจิตและประสาทประเภท 4,ก,ยาจำเป็นพื้นฐาน,บัตรทอง/ประกันสังคมเบิกได้ทุกกรณี,🟢,Central nervous system,Hypnotics and anxiolytics,VI,โรคระบบประสาท,,,,,บัญชียาหลักแห่งชาติ พ.ศ. 2558,http://drug.fda.moph.go.th:81/nlem.in.th/medicine/essential/list,กลุ่มนโยบายแห่งชาติด้านยา สำนักยา กระทรวงสาธารณสุข
Clonazepam,,tab,วัตถุที่ออกฤทธิ์ต่อจิตและประสาทประเภท 4,ข,ยาที่ใช้ได้ตามเงื่อนไข,เบิกได้บางกรณี ตามเงื่อนไขที่กำหนด,🟡,Central nervous system,Hypnotics and anxiolytics,VI,โรคระบบประสาท,,,,,บัญชียาหลักแห่งชาติ พ.ศ. 2558,http://drug.fda.moph.go.th:81/nlem.in.th/medicine/essential/list,กลุ่มนโยบายแห่งชาติด้านยา สำนักยา กระทรวงสาธารณสุข
Dipotassium clorazepate,,"cap, tab",วัตถุที่ออกฤทธิ์ต่อจิตและประสาทประเภท 4,ข,ยาที่ใช้ได้ตามเงื่อนไข,เบิกได้บางกรณี ตามเงื่อนไขที่กำหนด,🟡,Central nervous system,Hypnotics and anxiolytics,VI,โรคระบบประสาท,,,,,บัญชียาหลักแห่งชาติ พ.ศ. 2558,http://drug.fda.moph.go.th:81/nlem.in.th/medicine/essential/list,กลุ่มนโยบายแห่งชาติด้านยา สำนักยา กระทรวงสาธารณสุข
Hydroxyzine hydrochloride,,"tab, syr",,ข,ยาที่ใช้ได้ตามเงื่อนไข,เบิกได้บางกรณี ตามเงื่อนไขที่กำหนด,🟡,Central nervous system,Hypnotics and anxiolytics,VI,โรคระบบประสาท,,,,,บัญชียาหลักแห่งชาติ พ.ศ. 2558,http://drug.fda.moph.go.th:81/nlem.in.th/medicine/essential/list,กลุ่มนโยบายแห่งชาติด้านยา สำนักยา กระทรวงสาธารณสุข
Alprazolam,,tab,วัตถุที่ออกฤทธิ์ต่อจิตและประสาทประเภท 4,ง,ยาโรคเฉพาะทาง,ใช้กับโรคเฉพาะ ตามแนวทางการรักษา,🟣,Central nervous system,Hypnotics and anxiolytics,VI,โรคระบบประสาท,,ให้ติดตามการสั่งใช้,,,บัญชียาหลักแห่งชาติ พ.ศ. 2558,http://drug.fda.moph.go.th:81/nlem.in.th/medicine/essential/list,กลุ่มนโยบายแห่งชาติด้านยา สำนักยา กระทรวงสาธารณสุข
Chlorpromazine hydrochloride,,"tab, sterile sol",,ก,ยาจำเป็นพื้นฐาน,บัตรทอง/ประกันสังคมเบิกได้ทุกกรณี,🟢,Central nervous system,Drugs used in psychoses and related disorders,VI,โรคระบบประสาท,,,,,บัญชียาหลักแห่งชาติ พ.ศ. 2558,http://drug.fda.moph.go.th:81/nlem.in.th/medicine/essential/list,กลุ่มนโยบายแห่งชาติด้านยา สำนักยา กระทรวงสาธารณสุข
Fluphenazine,,"tab (as hydrochloride), sterile sol (as decanoate)",,ก,ยาจำเป็นพื้นฐาน,บัตรทอง/ประกันสังคมเบิกได้ทุกกรณี,🟢,Central nervous system,Drugs used in psychoses and related disorders,VI,โรคระบบประสาท,,,,,บัญชียาหลักแห่งชาติ พ.ศ. 2558,http://drug.fda.moph.go.th:81/nlem.in.th/medicine/essential/list,กลุ่มนโยบายแห่งชาติด้านยา สำนักยา กระทรวงสาธารณสุข
Haloperidol,,"tab (as base), oral sol (as base), sterile sol (as base or decanoate)",,ก,ยาจำเป็นพื้นฐาน,บัตรทอง/ประกันสังคมเบิกได้ทุกกรณี,🟢,Central nervous system,Drugs used in psychoses and related disorders,VI,โรคระบบประสาท,,,,,บัญชียาหลักแห่งชาติ พ.ศ. 2558,http://drug.fda.moph.go.th:81/nlem.in.th/medicine/essential/list,กลุ่มนโยบายแห่งชาติด้านยา สำนักยา กระทรวงสาธารณสุข
Perphenazine,,tab,,ก,ยาจำเป็นพื้นฐาน,บัตรทอง/ประกันสังคมเบิกได้ทุกกรณี,🟢,Central nervous system,Drugs used in psychoses and related disorders,VI,โรคระบบประสาท,,,,,บัญชียาหลักแห่งชาติ พ.ศ. 2558,http://drug.fda.moph.go.th:81/nlem.in.th/medicine/essential/list,กลุ่มนโยบายแห่งชาติด้านยา สำนักยา กระทรวงสาธารณสุข
Trifluoperazine hydrochloride,,tab,,ก,ยาจำเป็นพื้นฐาน,บัตรทอง/ประกันสังคมเบิกได้ทุกกรณี,🟢,Central nervous system,Drugs used in psychoses and related disorders,VI,โรคระบบประสาท,,,,,บัญชียาหลักแห่งชาติ พ.ศ. 2558,http://drug.fda.moph.go.th:81/nlem.in.th/medicine/essential/list,กลุ่มนโยบายแห่งชาติด้านยา สำนักยา กระทรวงสาธารณสุข
Clozapine,,tab,,ค,ยาโรงพยาบาล,ต้องอยู่ในบัญชียาของ รพ.นั้น,🔵,Central nervous system,Drugs used in psychoses and related disorders,VI,โรคระบบประสาท,,"1.ไม่ควรใช้เป็นยาตัวแรกในการรักษา
2.ควรได้รับการวินิจฉัย และการรักษาเบื้องต้นโดยแพทย์ผู้เชี่ยวชาญด้านจิตเวชศาสตร์",,,บัญชียาหลักแห่งชาติ พ.ศ. 2558,http://drug.fda.moph.go.th:81/nlem.in.th/medicine/essential/list,กลุ่มนโยบายแห่งชาติด้านยา สำนักยา กระทรวงสาธารณสุข
Flupentixol,Flupenthixol,"tab (as hydrochloride), sterile sol (as decanoate)",,ค,ยาโรงพยาบาล,ต้องอยู่ในบัญชียาของ รพ.นั้น,🔵,Central nervous system,Drugs used in psychoses and related disorders,VI,โรคระบบประสาท,,ใช้ในกรณีใช้ยาอื่นไม่ได้ผล,,,บัญชียาหลักแห่งชาติ พ.ศ. 2558,http://drug.fda.moph.go.th:81/nlem.in.th/medicine/essential/list,กลุ่มนโยบายแห่งชาติด้านยา สำนักยา กระทรวงสาธารณสุข
Pimozide,,tab,,ค,ยาโรงพยาบาล,ต้องอยู่ในบัญชียาของ รพ.นั้น,🔵,Central nervous system,Drugs used in psychoses and related disorders,VI,โรคระบบประสาท,,"1.ไม่ควรใช้เป็นยาตัวแรกในการรักษา
2.ควรได้รับการวินิจฉัย และการรักษาเบื้องต้นโดยแพทย์ผู้เชี่ยวชาญด้านจิตเวชศาสตร์",,,บัญชียาหลักแห่งชาติ พ.ศ. 2558,http://drug.fda.moph.go.th:81/nlem.in.th/medicine/essential/list,กลุ่มนโยบายแห่งชาติด้านยา สำนักยา กระทรวงสาธารณสุข
Risperidone,,"tab (ไม่รวมชนิดละลายในปาก) , oral sol, oral sol/syr (hosp)",,ค,ยาโรงพยาบาล,ต้องอยู่ในบัญชียาของ รพ.นั้น,🔵,Central nervous system,Drugs used in psychoses and related disorders,VI,โรคระบบประสาท,,"1. ไม่ควรใช้เป็นยาตัวแรกในการรักษา
2. ควรได้รับการวินิจฉัย และการรักษาเบื้องต้นโดยแพทย์ผู้เชี่ยวชาญด้านจิตเวชศาสตร์
3.  ชนิดน้ำใช้กับเด็กหรือผู้ที่ไม่สามารถกินยาเม็ดได้",ไม่ควรใช้ในเด็กอายุต่ำกว่า 5 ขวบ,,บัญชียาหลักแห่งชาติ พ.ศ. 2558,http://drug.fda.moph.go.th:81/nlem.in.th/medicine/essential/list,กลุ่มนโยบายแห่งชาติด้านยา สำนักยา กระทรวงสาธารณสุข
Thioridazine hydrochloride,,tab,,ค,ยาโรงพยาบาล,ต้องอยู่ในบัญชียาของ รพ.นั้น,🔵,Central nervous system,Drugs used in psychoses and related disorders,VI,โรคระบบประสาท,,,,,บัญชียาหลักแห่งชาติ พ.ศ. 2558,http://drug.fda.moph.go.th:81/nlem.in.th/medicine/essential/list,กลุ่มนโยบายแห่งชาติด้านยา สำนักยา กระทรวงสาธารณสุข
Zuclopenthixol,,"tab (as hydrochloride), sterile sol/sterile emulsion (as acetate or decanoate)",,ค,ยาโรงพยาบาล,ต้องอยู่ในบัญชียาของ รพ.นั้น,🔵,Central nervous system,Drugs used in psychoses and related disorders,VI,โรคระบบประสาท,,ใช้ในกรณีใช้ยาอื่นไม่ได้ผล,,,บัญชียาหลักแห่งชาติ พ.ศ. 2558,http://drug.fda.moph.go.th:81/nlem.in.th/medicine/essential/list,กลุ่มนโยบายแห่งชาติด้านยา สำนักยา กระทรวงสาธารณสุข
Carbamazepine,,tab,,ก,ยาจำเป็นพื้นฐาน,บัตรทอง/ประกันสังคมเบิกได้ทุกกรณี,🟢,Central nervous system,Drugs used in psychoses and related disorders,VI,โรคระบบประสาท,,,,,บัญชียาหลักแห่งชาติ พ.ศ. 2558,http://drug.fda.moph.go.th:81/nlem.in.th/medicine/essential/list,กลุ่มนโยบายแห่งชาติด้านยา สำนักยา กระทรวงสาธารณสุข
Lithium carbonate,,"cap, tab",,ก,ยาจำเป็นพื้นฐาน,บัตรทอง/ประกันสังคมเบิกได้ทุกกรณี,🟢,Central nervous system,Drugs used in psychoses and related disorders,VI,โรคระบบประสาท,,,,,บัญชียาหลักแห่งชาติ พ.ศ. 2558,http://drug.fda.moph.go.th:81/nlem.in.th/medicine/essential/list,กลุ่มนโยบายแห่งชาติด้านยา สำนักยา กระทรวงสาธารณสุข
Sodium valproate,,"EC tab, oral sol",,ก,ยาจำเป็นพื้นฐาน,บัตรทอง/ประกันสังคมเบิกได้ทุกกรณี,🟢,Central nervous system,Drugs used in psychoses and related disorders,VI,โรคระบบประสาท,,,,,บัญชียาหลักแห่งชาติ พ.ศ. 2558,http://drug.fda.moph.go.th:81/nlem.in.th/medicine/essential/list,กลุ่มนโยบายแห่งชาติด้านยา สำนักยา กระทรวงสาธารณสุข
Carbamazepine,,SR tab,,ข,ยาที่ใช้ได้ตามเงื่อนไข,เบิกได้บางกรณี ตามเงื่อนไขที่กำหนด,🟡,Central nervous system,Drugs used in psychoses and related disorders,VI,โรคระบบประสาท,,,,,บัญชียาหลักแห่งชาติ พ.ศ. 2558,http://drug.fda.moph.go.th:81/nlem.in.th/medicine/essential/list,กลุ่มนโยบายแห่งชาติด้านยา สำนักยา กระทรวงสาธารณสุข
Sodium valproate,,SR tab,,ข,ยาที่ใช้ได้ตามเงื่อนไข,เบิกได้บางกรณี ตามเงื่อนไขที่กำหนด,🟡,Central nervous system,Drugs used in psychoses and related disorders,VI,โรคระบบประสาท,,,,,บัญชียาหลักแห่งชาติ พ.ศ. 2558,http://drug.fda.moph.go.th:81/nlem.in.th/medicine/essential/list,กลุ่มนโยบายแห่งชาติด้านยา สำนักยา กระทรวงสาธารณสุข
Lamotrigine,,"tab (เฉพาะ 25, 50, 100 mg)",,ค,ยาโรงพยาบาล,ต้องอยู่ในบัญชียาของ รพ.นั้น,🔵,Central nervous system,Drugs used in psychoses and related disorders,VI,โรคระบบประสาท,,"1. ใช้สำหรับ rapid cycling mood disorder หรือ recurrent mood disorder ที่ไม่ตอบสนองต่อการรักษาอื่น
2. ใช้ในกรณีป้องกัน depression ใน Bipolar disorder ที่ไม่ตอบสนองต่อการรักษาอื่น",,,บัญชียาหลักแห่งชาติ พ.ศ. 2558,http://drug.fda.moph.go.th:81/nlem.in.th/medicine/essential/list,กลุ่มนโยบายแห่งชาติด้านยา สำนักยา กระทรวงสาธารณสุข
Amitriptyline hydrochloride,,film coated tab,,ก,ยาจำเป็นพื้นฐาน,บัตรทอง/ประกันสังคมเบิกได้ทุกกรณี,🟢,Central nervous system,Antidepressant drugs,VI,โรคระบบประสาท,,,,,บัญชียาหลักแห่งชาติ พ.ศ. 2558,http://drug.fda.moph.go.th:81/nlem.in.th/medicine/essential/list,กลุ่มนโยบายแห่งชาติด้านยา สำนักยา กระทรวงสาธารณสุข
Fluoxetine hydrochloride,,"cap, tab",,ก,ยาจำเป็นพื้นฐาน,บัตรทอง/ประกันสังคมเบิกได้ทุกกรณี,🟢,Central nervous system,Antidepressant drugs,VI,โรคระบบประสาท,,,,,บัญชียาหลักแห่งชาติ พ.ศ. 2558,http://drug.fda.moph.go.th:81/nlem.in.th/medicine/essential/list,กลุ่มนโยบายแห่งชาติด้านยา สำนักยา กระทรวงสาธารณสุข
Imipramine hydrochloride,,tab,,ก,ยาจำเป็นพื้นฐาน,บัตรทอง/ประกันสังคมเบิกได้ทุกกรณี,🟢,Central nervous system,Antidepressant drugs,VI,โรคระบบประสาท,,,,,บัญชียาหลักแห่งชาติ พ.ศ. 2558,http://drug.fda.moph.go.th:81/nlem.in.th/medicine/essential/list,กลุ่มนโยบายแห่งชาติด้านยา สำนักยา กระทรวงสาธารณสุข
Nortriptyline hydrochloride,,tab,,ก,ยาจำเป็นพื้นฐาน,บัตรทอง/ประกันสังคมเบิกได้ทุกกรณี,🟢,Central nervous system,Antidepressant drugs,VI,โรคระบบประสาท,,,,,บัญชียาหลักแห่งชาติ พ.ศ. 2558,http://drug.fda.moph.go.th:81/nlem.in.th/medicine/essential/list,กลุ่มนโยบายแห่งชาติด้านยา สำนักยา กระทรวงสาธารณสุข
Mianserin hydrochloride,,tab,,ข,ยาที่ใช้ได้ตามเงื่อนไข,เบิกได้บางกรณี ตามเงื่อนไขที่กำหนด,🟡,Central nervous system,Antidepressant drugs,VI,โรคระบบประสาท,,,,,บัญชียาหลักแห่งชาติ พ.ศ. 2558,http://drug.fda.moph.go.th:81/nlem.in.th/medicine/essential/list,กลุ่มนโยบายแห่งชาติด้านยา สำนักยา กระทรวงสาธารณสุข
Clomipramine hydrochloride,,tab,,ค,ยาโรงพยาบาล,ต้องอยู่ในบัญชียาของ รพ.นั้น,🔵,Central nervous system,Antidepressant drugs,VI,โรคระบบประสาท,,,,,บัญชียาหลักแห่งชาติ พ.ศ. 2558,http://drug.fda.moph.go.th:81/nlem.in.th/medicine/essential/list,กลุ่มนโยบายแห่งชาติด้านยา สำนักยา กระทรวงสาธารณสุข
Sertraline,,tab(เฉพาะ 50 mg),,ค,ยาโรงพยาบาล,ต้องอยู่ในบัญชียาของ รพ.นั้น,🔵,Central nervous system,Antidepressant drugs,VI,โรคระบบประสาท,,"1. ไม่ควรใช้เป็นยาตัวแรกในการรักษา
2. ควรได้รับการวินิจฉัยและการรักษาเบื้องต้นโดยแพทย์ผู้เชี่ยวชาญด้านจิตเวชศาสตร์",,,บัญชียาหลักแห่งชาติ พ.ศ. 2558,http://drug.fda.moph.go.th:81/nlem.in.th/medicine/essential/list,กลุ่มนโยบายแห่งชาติด้านยา สำนักยา กระทรวงสาธารณสุข
Trazodone hydrochloride,,tab,,ค,ยาโรงพยาบาล,ต้องอยู่ในบัญชียาของ รพ.นั้น,🔵,Central nervous system,Antidepressant drugs,VI,โรคระบบประสาท,,,,,บัญชียาหลักแห่งชาติ พ.ศ. 2558,http://drug.fda.moph.go.th:81/nlem.in.th/medicine/essential/list,กลุ่มนโยบายแห่งชาติด้านยา สำนักยา กระทรวงสาธารณสุข
Methylphenidate,,tab (เฉพาะ10 mg),วัตถุที่ออกฤทธิ์ต่อจิตและประสาทประเภท 2,ค,ยาโรงพยาบาล,ต้องอยู่ในบัญชียาของ รพ.นั้น,🔵,Central nervous system,Central nervous system stimulants,VI,โรคระบบประสาท,,ใช้สำหรับ Attention-Deficit Hyperactivity Disorder (ADHD),,,บัญชียาหลักแห่งชาติ พ.ศ. 2558,http://drug.fda.moph.go.th:81/nlem.in.th/medicine/essential/list,กลุ่มนโยบายแห่งชาติด้านยา สำนักยา กระทรวงสาธารณสุข
Domperidone,,"tab (as base/maleate), susp (as base/maleate)",,ก,ยาจำเป็นพื้นฐาน,บัตรทอง/ประกันสังคมเบิกได้ทุกกรณี,🟢,Central nervous system,Drugs used in nausea and vertigo,VI,โรคระบบประสาท,,,,,บัญชียาหลักแห่งชาติ พ.ศ. 2558,http://drug.fda.moph.go.th:81/nlem.in.th/medicine/essential/list,กลุ่มนโยบายแห่งชาติด้านยา สำนักยา กระทรวงสาธารณสุข
Metoclopramide,,"tab, syr, sterile sol",,ก,ยาจำเป็นพื้นฐาน,บัตรทอง/ประกันสังคมเบิกได้ทุกกรณี,🟢,Central nervous system,Drugs used in nausea and vertigo,VI,โรคระบบประสาท,,,,,บัญชียาหลักแห่งชาติ พ.ศ. 2558,http://drug.fda.moph.go.th:81/nlem.in.th/medicine/essential/list,กลุ่มนโยบายแห่งชาติด้านยา สำนักยา กระทรวงสาธารณสุข
Ondansetron,,"tab (as base or hydrochloride), sterile sol (hydrochloreide)",,ข,ยาที่ใช้ได้ตามเงื่อนไข,เบิกได้บางกรณี ตามเงื่อนไขที่กำหนด,🟡,Central nervous system,Drugs used in nausea and vertigo,VI,โรคระบบประสาท,,,,,บัญชียาหลักแห่งชาติ พ.ศ. 2558,http://drug.fda.moph.go.th:81/nlem.in.th/medicine/essential/list,กลุ่มนโยบายแห่งชาติด้านยา สำนักยา กระทรวงสาธารณสุข
Dimenhydrinate,,"compressed tab, film coated tab, syr, sterile sol",,ก,ยาจำเป็นพื้นฐาน,บัตรทอง/ประกันสังคมเบิกได้ทุกกรณี,🟢,Central nervous system,Drugs used in nausea and vertigo,VI,โรคระบบประสาท,,,,,บัญชียาหลักแห่งชาติ พ.ศ. 2558,http://drug.fda.moph.go.th:81/nlem.in.th/medicine/essential/list,กลุ่มนโยบายแห่งชาติด้านยา สำนักยา กระทรวงสาธารณสุข
Betahistine mesilate,Betahistine mesylate,"tab (เฉพาะ 6, 12 mg)",,ข,ยาที่ใช้ได้ตามเงื่อนไข,เบิกได้บางกรณี ตามเงื่อนไขที่กำหนด,🟡,Central nervous system,Drugs used in nausea and vertigo,VI,โรคระบบประสาท,,,,,บัญชียาหลักแห่งชาติ พ.ศ. 2558,http://drug.fda.moph.go.th:81/nlem.in.th/medicine/essential/list,กลุ่มนโยบายแห่งชาติด้านยา สำนักยา กระทรวงสาธารณสุข
Paracetamol,Acetaminophen,"tab, syr",,ก,ยาจำเป็นพื้นฐาน,บัตรทอง/ประกันสังคมเบิกได้ทุกกรณี,🟢,Central nervous system,Analgesics and antipyretics,VI,โรคระบบประสาท,,,,แนะนำให้ใช้เป็น first-line drug สำหรับ osteoarthritis,บัญชียาหลักแห่งชาติ พ.ศ. 2558,http://drug.fda.moph.go.th:81/nlem.in.th/medicine/essential/list,กลุ่มนโยบายแห่งชาติด้านยา สำนักยา กระทรวงสาธารณสุข
Aspirin,Acetylsalicylic acid,"compressed tab, film coated tab (เฉพาะขนาด 300 mg ขึ้นไป)",,ก,ยาจำเป็นพื้นฐาน,บัตรทอง/ประกันสังคมเบิกได้ทุกกรณี,🟢,Central nervous system,Analgesics and antipyretics,VI,โรคระบบประสาท,,,ห้ามใช้ในเด็กและวัยรุ่นอายุต่ำกว่า 18 ปี สำหรับลดไข้ แก้ปวด เพราะเสี่ยงต่อการเกิด Reye's syndrome,Aspirin ชนิด EC tab ดูดซึมได้ช้าจึงมีการเริ่มต้นออกฤทธิ์ช้า ไม่เหมาะจะนำมาใช้ในข้อบ่งใช้นี้,บัญชียาหลักแห่งชาติ พ.ศ. 2558,http://drug.fda.moph.go.th:81/nlem.in.th/medicine/essential/list,กลุ่มนโยบายแห่งชาติด้านยา สำนักยา กระทรวงสาธารณสุข
Ibuprofen,,"film coated tab, susp",,ก,ยาจำเป็นพื้นฐาน,บัตรทอง/ประกันสังคมเบิกได้ทุกกรณี,🟢,Central nervous system,Analgesics and antipyretics,VI,โรคระบบประสาท,,,"1. เมื่อมีข้อบ่งชี้ให้ใช้ NSAIDs แนะนำให้ใช้ ibuprofen เป็นยาขนานแรกสำหรับบรรเทาอาการปวดทางทันตกรรม ปวดประจำเดือน ปวดข้อ และปวดกล้ามเนื้อ
2. ใช้ในเด็กที่มีอายุ 3 เดือนขึ้นไปเท่านั้น
3. ระมัดระวังการใช้ในผู้ป่วยที่มีเกล็ดเลือดต่ำ เช่น ไข้เลือดออก",,บัญชียาหลักแห่งชาติ พ.ศ. 2558,http://drug.fda.moph.go.th:81/nlem.in.th/medicine/essential/list,กลุ่มนโยบายแห่งชาติด้านยา สำนักยา กระทรวงสาธารณสุข
Buprenorphine hydrochloride,,"sublingual tab, sterile sol",วัตถุที่ออกฤทธิ์ต่อจิตและประสาทประเภท 2,ค,ยาโรงพยาบาล,ต้องอยู่ในบัญชียาของ รพ.นั้น,🔵,Central nervous system,Analgesics,VI,โรคระบบประสาท,,,,,บัญชียาหลักแห่งชาติ พ.ศ. 2558,http://drug.fda.moph.go.th:81/nlem.in.th/medicine/essential/list,กลุ่มนโยบายแห่งชาติด้านยา สำนักยา กระทรวงสาธารณสุข
Codeine phosphate,,tab,ยาเสพติดให้โทษประเภท 2,ค,ยาโรงพยาบาล,ต้องอยู่ในบัญชียาของ รพ.นั้น,🔵,Central nervous system,Analgesics,VI,โรคระบบประสาท,,,,,บัญชียาหลักแห่งชาติ พ.ศ. 2558,http://drug.fda.moph.go.th:81/nlem.in.th/medicine/essential/list,กลุ่มนโยบายแห่งชาติด้านยา สำนักยา กระทรวงสาธารณสุข
Fentanyl,,"sterile sol (as citrate), transdermal therapeutic system (as base)",ยาเสพติดให้โทษประเภท 2,ค,ยาโรงพยาบาล,ต้องอยู่ในบัญชียาของ รพ.นั้น,🔵,Central nervous system,Analgesics,VI,โรคระบบประสาท,,ใช้กับผู้ป่วยโรคมะเร็งที่มีความเจ็บปวดรุนแรง,,,บัญชียาหลักแห่งชาติ พ.ศ. 2558,http://drug.fda.moph.go.th:81/nlem.in.th/medicine/essential/list,กลุ่มนโยบายแห่งชาติด้านยา สำนักยา กระทรวงสาธารณสุข
Methadone hydrochloride,,"tab, oral sol",ยาเสพติดให้โทษประเภท 2,ค,ยาโรงพยาบาล,ต้องอยู่ในบัญชียาของ รพ.นั้น,🔵,Central nervous system,Analgesics,VI,โรคระบบประสาท,,,,,บัญชียาหลักแห่งชาติ พ.ศ. 2558,http://drug.fda.moph.go.th:81/nlem.in.th/medicine/essential/list,กลุ่มนโยบายแห่งชาติด้านยา สำนักยา กระทรวงสาธารณสุข
Morphine sulfate,,"cap, tab, SR cap, SR tab, oral sol, sterile sol",ยาเสพติดให้โทษประเภท 2,ค,ยาโรงพยาบาล,ต้องอยู่ในบัญชียาของ รพ.นั้น,🔵,Central nervous system,Analgesics,VI,โรคระบบประสาท,,,,,บัญชียาหลักแห่งชาติ พ.ศ. 2558,http://drug.fda.moph.go.th:81/nlem.in.th/medicine/essential/list,กลุ่มนโยบายแห่งชาติด้านยา สำนักยา กระทรวงสาธารณสุข
Nalbuphine hydrochloride,,sterile sol,,ค,ยาโรงพยาบาล,ต้องอยู่ในบัญชียาของ รพ.นั้น,🔵,Central nervous system,Analgesics,VI,โรคระบบประสาท,,,,,บัญชียาหลักแห่งชาติ พ.ศ. 2558,http://drug.fda.moph.go.th:81/nlem.in.th/medicine/essential/list,กลุ่มนโยบายแห่งชาติด้านยา สำนักยา กระทรวงสาธารณสุข
Pethidine hydrochloride,,sterile sol,ยาเสพติดให้โทษประเภท 2,ค,ยาโรงพยาบาล,ต้องอยู่ในบัญชียาของ รพ.นั้น,🔵,Central nervous system,Analgesics,VI,โรคระบบประสาท,,,,,บัญชียาหลักแห่งชาติ พ.ศ. 2558,http://drug.fda.moph.go.th:81/nlem.in.th/medicine/essential/list,กลุ่มนโยบายแห่งชาติด้านยา สำนักยา กระทรวงสาธารณสุข
Tramadol hydrochloride,,"cap, tab, SR cap, SR tab, sterile sol",,ค,ยาโรงพยาบาล,ต้องอยู่ในบัญชียาของ รพ.นั้น,🔵,Central nervous system,Analgesics,VI,โรคระบบประสาท,,,,,บัญชียาหลักแห่งชาติ พ.ศ. 2558,http://drug.fda.moph.go.th:81/nlem.in.th/medicine/essential/list,กลุ่มนโยบายแห่งชาติด้านยา สำนักยา กระทรวงสาธารณสุข
Amitriptyline hydrochloride,,film coated tab,,ก,ยาจำเป็นพื้นฐาน,บัตรทอง/ประกันสังคมเบิกได้ทุกกรณี,🟢,Central nervous system,Analgesics,VI,โรคระบบประสาท,,,,,บัญชียาหลักแห่งชาติ พ.ศ. 2558,http://drug.fda.moph.go.th:81/nlem.in.th/medicine/essential/list,กลุ่มนโยบายแห่งชาติด้านยา สำนักยา กระทรวงสาธารณสุข
Carbamazepine,,tab,,ก,ยาจำเป็นพื้นฐาน,บัตรทอง/ประกันสังคมเบิกได้ทุกกรณี,🟢,Central nervous system,Analgesics,VI,โรคระบบประสาท,,,,,บัญชียาหลักแห่งชาติ พ.ศ. 2558,http://drug.fda.moph.go.th:81/nlem.in.th/medicine/essential/list,กลุ่มนโยบายแห่งชาติด้านยา สำนักยา กระทรวงสาธารณสุข
Nortriptyline hydrochloride,,tab,,ก,ยาจำเป็นพื้นฐาน,บัตรทอง/ประกันสังคมเบิกได้ทุกกรณี,🟢,Central nervous system,Analgesics,VI,โรคระบบประสาท,,,,,บัญชียาหลักแห่งชาติ พ.ศ. 2558,http://drug.fda.moph.go.th:81/nlem.in.th/medicine/essential/list,กลุ่มนโยบายแห่งชาติด้านยา สำนักยา กระทรวงสาธารณสุข
Carbamazepine,,SR tab,,ข,ยาที่ใช้ได้ตามเงื่อนไข,เบิกได้บางกรณี ตามเงื่อนไขที่กำหนด,🟡,Central nervous system,Analgesics,VI,โรคระบบประสาท,,,,,บัญชียาหลักแห่งชาติ พ.ศ. 2558,http://drug.fda.moph.go.th:81/nlem.in.th/medicine/essential/list,กลุ่มนโยบายแห่งชาติด้านยา สำนักยา กระทรวงสาธารณสุข
Gabapentin,,"cap (เฉพาะ 100, 300, 400 mg), tab (เฉพาะ 600 mg)",,ง,ยาโรคเฉพาะทาง,ใช้กับโรคเฉพาะ ตามแนวทางการรักษา,🟣,Central nervous system,Analgesics,VI,โรคระบบประสาท,,ใช้บรรเทาอาการปวดซึ่งเกิดจากความผิดปกติของเส้นประสาทเท่านั้น,,ไม่มีหลักฐานว่ามีประสิทธิผลในการบรรเทาอาการปวดที่เกิดจากความผิดปกติของกล้ามเนื้อ เนื้อเยื่อพังผืด กระดูกและข้อ,บัญชียาหลักแห่งชาติ พ.ศ. 2558,http://drug.fda.moph.go.th:81/nlem.in.th/medicine/essential/list,กลุ่มนโยบายแห่งชาติด้านยา สำนักยา กระทรวงสาธารณสุข
Paracetamol,Acetaminophen,tab,,ก,ยาจำเป็นพื้นฐาน,บัตรทอง/ประกันสังคมเบิกได้ทุกกรณี,🟢,Central nervous system,Analgesics,VI,โรคระบบประสาท,,,,,บัญชียาหลักแห่งชาติ พ.ศ. 2558,http://drug.fda.moph.go.th:81/nlem.in.th/medicine/essential/list,กลุ่มนโยบายแห่งชาติด้านยา สำนักยา กระทรวงสาธารณสุข
Aspirin,Acetylsalicylic acid,"compressed tab, film coated tab (เฉพาะขนาด 300 mg ขึ้นไป)",,ก,ยาจำเป็นพื้นฐาน,บัตรทอง/ประกันสังคมเบิกได้ทุกกรณี,🟢,Central nervous system,Analgesics,VI,โรคระบบประสาท,,,ดูรายละเอียดหัวข้อ 4.6 Analgesics and antipyretics,ดูรายละเอียดหัวข้อ 4.6 Analgesics and antipyretics,บัญชียาหลักแห่งชาติ พ.ศ. 2558,http://drug.fda.moph.go.th:81/nlem.in.th/medicine/essential/list,กลุ่มนโยบายแห่งชาติด้านยา สำนักยา กระทรวงสาธารณสุข
Ibuprofen,,film coated tab,,ก,ยาจำเป็นพื้นฐาน,บัตรทอง/ประกันสังคมเบิกได้ทุกกรณี,🟢,Central nervous system,Analgesics,VI,โรคระบบประสาท,,,,,บัญชียาหลักแห่งชาติ พ.ศ. 2558,http://drug.fda.moph.go.th:81/nlem.in.th/medicine/essential/list,กลุ่มนโยบายแห่งชาติด้านยา สำนักยา กระทรวงสาธารณสุข
Ergotamine tartrate + Caffeine,,"compressed tab, film coated tab (เฉพาะ 1 + 100 mg)",,ค,ยาโรงพยาบาล,ต้องอยู่ในบัญชียาของ รพ.นั้น,🔵,Central nervous system,Analgesics,VI,โรคระบบประสาท,,,,,บัญชียาหลักแห่งชาติ พ.ศ. 2558,http://drug.fda.moph.go.th:81/nlem.in.th/medicine/essential/list,กลุ่มนโยบายแห่งชาติด้านยา สำนักยา กระทรวงสาธารณสุข
Amitriptyline hydrochloride,,film coated tab,,ก,ยาจำเป็นพื้นฐาน,บัตรทอง/ประกันสังคมเบิกได้ทุกกรณี,🟢,Central nervous system,Analgesics,VI,โรคระบบประสาท,,,,,บัญชียาหลักแห่งชาติ พ.ศ. 2558,http://drug.fda.moph.go.th:81/nlem.in.th/medicine/essential/list,กลุ่มนโยบายแห่งชาติด้านยา สำนักยา กระทรวงสาธารณสุข
Propranolol hydrochloride,,tab,,ก,ยาจำเป็นพื้นฐาน,บัตรทอง/ประกันสังคมเบิกได้ทุกกรณี,🟢,Central nervous system,Analgesics,VI,โรคระบบประสาท,,,,,บัญชียาหลักแห่งชาติ พ.ศ. 2558,http://drug.fda.moph.go.th:81/nlem.in.th/medicine/essential/list,กลุ่มนโยบายแห่งชาติด้านยา สำนักยา กระทรวงสาธารณสุข
Cyproheptadine hydrochloride,,tab,,ข,ยาที่ใช้ได้ตามเงื่อนไข,เบิกได้บางกรณี ตามเงื่อนไขที่กำหนด,🟡,Central nervous system,Analgesics,VI,โรคระบบประสาท,,,,,บัญชียาหลักแห่งชาติ พ.ศ. 2558,http://drug.fda.moph.go.th:81/nlem.in.th/medicine/essential/list,กลุ่มนโยบายแห่งชาติด้านยา สำนักยา กระทรวงสาธารณสุข
Sodium valproate,,"EC tab, SR tab",,ง,ยาโรคเฉพาะทาง,ใช้กับโรคเฉพาะ ตามแนวทางการรักษา,🟣,Central nervous system,Analgesics,VI,โรคระบบประสาท,,ใช้โดยผู้เชี่ยวชาญด้านระบบประสาทเท่านั้น,,,บัญชียาหลักแห่งชาติ พ.ศ. 2558,http://drug.fda.moph.go.th:81/nlem.in.th/medicine/essential/list,กลุ่มนโยบายแห่งชาติด้านยา สำนักยา กระทรวงสาธารณสุข
Topiramate,,tab,,ง,ยาโรคเฉพาะทาง,ใช้กับโรคเฉพาะ ตามแนวทางการรักษา,🟣,Central nervous system,Analgesics,VI,โรคระบบประสาท,,"1. ห้ามใช้เป็นยาตัวแรกในการป้องกันไมเกรน  
2. ใช้ในกรณีใช้ยาอื่นแล้วไม่ได้ผล",,,บัญชียาหลักแห่งชาติ พ.ศ. 2558,http://drug.fda.moph.go.th:81/nlem.in.th/medicine/essential/list,กลุ่มนโยบายแห่งชาติด้านยา สำนักยา กระทรวงสาธารณสุข
Carbamazepine,,"tab, syr, susp",,ก,ยาจำเป็นพื้นฐาน,บัตรทอง/ประกันสังคมเบิกได้ทุกกรณี,🟢,Central nervous system,Antiepileptics,VI,โรคระบบประสาท,,,,,บัญชียาหลักแห่งชาติ พ.ศ. 2558,http://drug.fda.moph.go.th:81/nlem.in.th/medicine/essential/list,กลุ่มนโยบายแห่งชาติด้านยา สำนักยา กระทรวงสาธารณสุข
Magnesium sulfate,,sterile sol,,ก,ยาจำเป็นพื้นฐาน,บัตรทอง/ประกันสังคมเบิกได้ทุกกรณี,🟢,Central nervous system,Antiepileptics,VI,โรคระบบประสาท,,,,,บัญชียาหลักแห่งชาติ พ.ศ. 2558,http://drug.fda.moph.go.th:81/nlem.in.th/medicine/essential/list,กลุ่มนโยบายแห่งชาติด้านยา สำนักยา กระทรวงสาธารณสุข
Phenobarbital,,tab (as base),,ก,ยาจำเป็นพื้นฐาน,บัตรทอง/ประกันสังคมเบิกได้ทุกกรณี,🟢,Central nervous system,Antiepileptics,VI,โรคระบบประสาท,,,,,บัญชียาหลักแห่งชาติ พ.ศ. 2558,http://drug.fda.moph.go.th:81/nlem.in.th/medicine/essential/list,กลุ่มนโยบายแห่งชาติด้านยา สำนักยา กระทรวงสาธารณสุข
Phenytoin base,,chewable tab,,ก,ยาจำเป็นพื้นฐาน,บัตรทอง/ประกันสังคมเบิกได้ทุกกรณี,🟢,Central nervous system,Antiepileptics,VI,โรคระบบประสาท,,,,,บัญชียาหลักแห่งชาติ พ.ศ. 2558,http://drug.fda.moph.go.th:81/nlem.in.th/medicine/essential/list,กลุ่มนโยบายแห่งชาติด้านยา สำนักยา กระทรวงสาธารณสุข
Phenytoin sodium,,"cap, SR cap",,ก,ยาจำเป็นพื้นฐาน,บัตรทอง/ประกันสังคมเบิกได้ทุกกรณี,🟢,Central nervous system,Antiepileptics,VI,โรคระบบประสาท,,,,,บัญชียาหลักแห่งชาติ พ.ศ. 2558,http://drug.fda.moph.go.th:81/nlem.in.th/medicine/essential/list,กลุ่มนโยบายแห่งชาติด้านยา สำนักยา กระทรวงสาธารณสุข
Sodium valproate,,"EC tab, oral sol",,ก,ยาจำเป็นพื้นฐาน,บัตรทอง/ประกันสังคมเบิกได้ทุกกรณี,🟢,Central nervous system,Antiepileptics,VI,โรคระบบประสาท,,ไม่แนะนำให้ใช้สำหรับ post- traumatic seizure,,,บัญชียาหลักแห่งชาติ พ.ศ. 2558,http://drug.fda.moph.go.th:81/nlem.in.th/medicine/essential/list,กลุ่มนโยบายแห่งชาติด้านยา สำนักยา กระทรวงสาธารณสุข
Carbamazepine,,SR tab,,ข,ยาที่ใช้ได้ตามเงื่อนไข,เบิกได้บางกรณี ตามเงื่อนไขที่กำหนด,🟡,Central nervous system,Antiepileptics,VI,โรคระบบประสาท,,,,,บัญชียาหลักแห่งชาติ พ.ศ. 2558,http://drug.fda.moph.go.th:81/nlem.in.th/medicine/essential/list,กลุ่มนโยบายแห่งชาติด้านยา สำนักยา กระทรวงสาธารณสุข
Clonazepam,,tab,วัตถุที่ออกฤทธิ์ต่อจิตและประสาทประเภท 4,ข,ยาที่ใช้ได้ตามเงื่อนไข,เบิกได้บางกรณี ตามเงื่อนไขที่กำหนด,🟡,Central nervous system,Antiepileptics,VI,โรคระบบประสาท,,,,,บัญชียาหลักแห่งชาติ พ.ศ. 2558,http://drug.fda.moph.go.th:81/nlem.in.th/medicine/essential/list,กลุ่มนโยบายแห่งชาติด้านยา สำนักยา กระทรวงสาธารณสุข
Sodium valproate,,SR tab,,ข,ยาที่ใช้ได้ตามเงื่อนไข,เบิกได้บางกรณี ตามเงื่อนไขที่กำหนด,🟡,Central nervous system,Antiepileptics,VI,โรคระบบประสาท,,,,,บัญชียาหลักแห่งชาติ พ.ศ. 2558,http://drug.fda.moph.go.th:81/nlem.in.th/medicine/essential/list,กลุ่มนโยบายแห่งชาติด้านยา สำนักยา กระทรวงสาธารณสุข
Lamotrigine,,"tab (เฉพาะ 25, 50, 100 mg)",,ง,ยาโรคเฉพาะทาง,ใช้กับโรคเฉพาะ ตามแนวทางการรักษา,🟣,Central nervous system,Antiepileptics,VI,โรคระบบประสาท,,ใช้โดยแพทย์ผู้เชี่ยวชาญด้านระบบประสาทกับผู้ป่วยที่ใช้ยาอื่นไม่ได้หรือไม่ได้ผล,,,บัญชียาหลักแห่งชาติ พ.ศ. 2558,http://drug.fda.moph.go.th:81/nlem.in.th/medicine/essential/list,กลุ่มนโยบายแห่งชาติด้านยา สำนักยา กระทรวงสาธารณสุข
Levetiracetam,,tab (เฉพาะ 250 และ 500 mg),,ง,ยาโรคเฉพาะทาง,ใช้กับโรคเฉพาะ ตามแนวทางการรักษา,🟣,Central nervous system,Antiepileptics,VI,โรคระบบประสาท,,"1.ใช้กับผู้ป่วยที่มีการทำงานของตับบกพร่อง หรือ 
2.ใช้โดยแพทย์ผู้เชี่ยวชาญด้านระบบประสาทกับผู้ป่วยที่ใช้ยาอื่นไม่ได้หรือไม่ได้ผล",,,บัญชียาหลักแห่งชาติ พ.ศ. 2558,http://drug.fda.moph.go.th:81/nlem.in.th/medicine/essential/list,กลุ่มนโยบายแห่งชาติด้านยา สำนักยา กระทรวงสาธารณสุข
Nitrazepam,,tab,,ง,ยาโรคเฉพาะทาง,ใช้กับโรคเฉพาะ ตามแนวทางการรักษา,🟣,Central nervous system,Antiepileptics,VI,โรคระบบประสาท,,ใช้โดยแพทย์ผู้เชี่ยวชาญด้านกุมารประสาทวิทยา สำหรับ infantile spasms,,,บัญชียาหลักแห่งชาติ พ.ศ. 2558,http://drug.fda.moph.go.th:81/nlem.in.th/medicine/essential/list,กลุ่มนโยบายแห่งชาติด้านยา สำนักยา กระทรวงสาธารณสุข
Topiramate,,"cap, tab",,ง,ยาโรคเฉพาะทาง,ใช้กับโรคเฉพาะ ตามแนวทางการรักษา,🟣,Central nervous system,Antiepileptics,VI,โรคระบบประสาท,,ใช้โดยแพทย์ผู้เชี่ยวชาญด้านระบบประสาทกับผู้ป่วยที่ใช้ยาอื่นไม่ได้หรือไม่ได้ผล,,,บัญชียาหลักแห่งชาติ พ.ศ. 2558,http://drug.fda.moph.go.th:81/nlem.in.th/medicine/essential/list,กลุ่มนโยบายแห่งชาติด้านยา สำนักยา กระทรวงสาธารณสุข
Vigabatrin,,tab,,ง,ยาโรคเฉพาะทาง,ใช้กับโรคเฉพาะ ตามแนวทางการรักษา,🟣,Central nervous system,Antiepileptics,VI,โรคระบบประสาท,,"1. ใช้โดยแพทย์ผู้เชี่ยวชาญด้านระบบประสาท โดยการควบคุมโรคลมชัก
2. ใช้โดยแพทย์ผู้เชี่ยวชาญด้านกุมารประสาทวิทยา สำหรับ infantile spasms",,,บัญชียาหลักแห่งชาติ พ.ศ. 2558,http://drug.fda.moph.go.th:81/nlem.in.th/medicine/essential/list,กลุ่มนโยบายแห่งชาติด้านยา สำนักยา กระทรวงสาธารณสุข
Diazepam,,sterile sol,วัตถุที่ออกฤทธิ์ต่อจิตและประสาทประเภท 4,ก,ยาจำเป็นพื้นฐาน,บัตรทอง/ประกันสังคมเบิกได้ทุกกรณี,🟢,Central nervous system,Antiepileptics,VI,โรคระบบประสาท,,,,,บัญชียาหลักแห่งชาติ พ.ศ. 2558,http://drug.fda.moph.go.th:81/nlem.in.th/medicine/essential/list,กลุ่มนโยบายแห่งชาติด้านยา สำนักยา กระทรวงสาธารณสุข
Phenobarbital  sodium,Phenobarbitone  sodium,"sterile pwdr, sterile sol",วัตถุที่ออกฤทธิ์ต่อจิตและประสาทประเภท 4,ก,ยาจำเป็นพื้นฐาน,บัตรทอง/ประกันสังคมเบิกได้ทุกกรณี,🟢,Central nervous system,Antiepileptics,VI,โรคระบบประสาท,,,,,บัญชียาหลักแห่งชาติ พ.ศ. 2558,http://drug.fda.moph.go.th:81/nlem.in.th/medicine/essential/list,กลุ่มนโยบายแห่งชาติด้านยา สำนักยา กระทรวงสาธารณสุข
Phenytoin sodium,,sterile sol,,ก,ยาจำเป็นพื้นฐาน,บัตรทอง/ประกันสังคมเบิกได้ทุกกรณี,🟢,Central nervous system,Antiepileptics,VI,โรคระบบประสาท,,,,,บัญชียาหลักแห่งชาติ พ.ศ. 2558,http://drug.fda.moph.go.th:81/nlem.in.th/medicine/essential/list,กลุ่มนโยบายแห่งชาติด้านยา สำนักยา กระทรวงสาธารณสุข
Sodium valproate,,sterile pwdr,,ค,ยาโรงพยาบาล,ต้องอยู่ในบัญชียาของ รพ.นั้น,🔵,Central nervous system,Antiepileptics,VI,โรคระบบประสาท,,,,,บัญชียาหลักแห่งชาติ พ.ศ. 2558,http://drug.fda.moph.go.th:81/nlem.in.th/medicine/essential/list,กลุ่มนโยบายแห่งชาติด้านยา สำนักยา กระทรวงสาธารณสุข
Midazolam hydrochloride,,sterile sol,วัตถุที่ออกฤทธิ์ต่อจิตและประสาทประเภท 2,ง,ยาโรคเฉพาะทาง,ใช้กับโรคเฉพาะ ตามแนวทางการรักษา,🟣,Central nervous system,Antiepileptics,VI,โรคระบบประสาท,,ใช้สำหรับ refractory status epilepticus,,,บัญชียาหลักแห่งชาติ พ.ศ. 2558,http://drug.fda.moph.go.th:81/nlem.in.th/medicine/essential/list,กลุ่มนโยบายแห่งชาติด้านยา สำนักยา กระทรวงสาธารณสุข
Diazepam,,"cap,tab",วัตถุที่ออกฤทธิ์ต่อจิตและประสาทประเภท 4,ก,ยาจำเป็นพื้นฐาน,บัตรทอง/ประกันสังคมเบิกได้ทุกกรณี,🟢,Central nervous system,Drugs used in movement disorders,VI,โรคระบบประสาท,,,,,บัญชียาหลักแห่งชาติ พ.ศ. 2558,http://drug.fda.moph.go.th:81/nlem.in.th/medicine/essential/list,กลุ่มนโยบายแห่งชาติด้านยา สำนักยา กระทรวงสาธารณสุข
Levodopa + Benserazide as hydrochloride,Co-beneldopa,cap/tab (200+50 mg),,ก,ยาจำเป็นพื้นฐาน,บัตรทอง/ประกันสังคมเบิกได้ทุกกรณี,🟢,Central nervous system,Drugs used in movement disorders,VI,โรคระบบประสาท,,,,,บัญชียาหลักแห่งชาติ พ.ศ. 2558,http://drug.fda.moph.go.th:81/nlem.in.th/medicine/essential/list,กลุ่มนโยบายแห่งชาติด้านยา สำนักยา กระทรวงสาธารณสุข
Levodopa + Carbidopa as monohydrate,Co-careldopa,"tab (100+25 mg, 250+25 mg)",,ก,ยาจำเป็นพื้นฐาน,บัตรทอง/ประกันสังคมเบิกได้ทุกกรณี,🟢,Central nervous system,Drugs used in movement disorders,VI,โรคระบบประสาท,,,,,บัญชียาหลักแห่งชาติ พ.ศ. 2558,http://drug.fda.moph.go.th:81/nlem.in.th/medicine/essential/list,กลุ่มนโยบายแห่งชาติด้านยา สำนักยา กระทรวงสาธารณสุข
Propranolol hydrochloride,,tab,,ก,ยาจำเป็นพื้นฐาน,บัตรทอง/ประกันสังคมเบิกได้ทุกกรณี,🟢,Central nervous system,Drugs used in movement disorders,VI,โรคระบบประสาท,,ใช้สำหรับ essential tremor,,,บัญชียาหลักแห่งชาติ พ.ศ. 2558,http://drug.fda.moph.go.th:81/nlem.in.th/medicine/essential/list,กลุ่มนโยบายแห่งชาติด้านยา สำนักยา กระทรวงสาธารณสุข
Trihexyphenidyl hydrochloride,,tab,,ก,ยาจำเป็นพื้นฐาน,บัตรทอง/ประกันสังคมเบิกได้ทุกกรณี,🟢,Central nervous system,Drugs used in movement disorders,VI,โรคระบบประสาท,,,,,บัญชียาหลักแห่งชาติ พ.ศ. 2558,http://drug.fda.moph.go.th:81/nlem.in.th/medicine/essential/list,กลุ่มนโยบายแห่งชาติด้านยา สำนักยา กระทรวงสาธารณสุข
Baclofen,,tab,,ข,ยาที่ใช้ได้ตามเงื่อนไข,เบิกได้บางกรณี ตามเงื่อนไขที่กำหนด,🟡,Central nervous system,Drugs used in movement disorders,VI,โรคระบบประสาท,,,,,บัญชียาหลักแห่งชาติ พ.ศ. 2558,http://drug.fda.moph.go.th:81/nlem.in.th/medicine/essential/list,กลุ่มนโยบายแห่งชาติด้านยา สำนักยา กระทรวงสาธารณสุข
Clonazepam,,tab,วัตถุที่ออกฤทธิ์ต่อจิตและประสาทประเภท 4,ข,ยาที่ใช้ได้ตามเงื่อนไข,เบิกได้บางกรณี ตามเงื่อนไขที่กำหนด,🟡,Central nervous system,Drugs used in movement disorders,VI,โรคระบบประสาท,,,,,บัญชียาหลักแห่งชาติ พ.ศ. 2558,http://drug.fda.moph.go.th:81/nlem.in.th/medicine/essential/list,กลุ่มนโยบายแห่งชาติด้านยา สำนักยา กระทรวงสาธารณสุข
Levodopa + Benserazide as hydrochloride,Co-beneldopa,CR cap/dispersible tab (100+25 mg),,ข,ยาที่ใช้ได้ตามเงื่อนไข,เบิกได้บางกรณี ตามเงื่อนไขที่กำหนด,🟡,Central nervous system,Drugs used in movement disorders,VI,โรคระบบประสาท,,,,,บัญชียาหลักแห่งชาติ พ.ศ. 2558,http://drug.fda.moph.go.th:81/nlem.in.th/medicine/essential/list,กลุ่มนโยบายแห่งชาติด้านยา สำนักยา กระทรวงสาธารณสุข
Bromocriptine mesilate,,tab,,ค,ยาโรงพยาบาล,ต้องอยู่ในบัญชียาของ รพ.นั้น,🔵,Central nervous system,Drugs used in movement disorders,VI,โรคระบบประสาท,,,,,บัญชียาหลักแห่งชาติ พ.ศ. 2558,http://drug.fda.moph.go.th:81/nlem.in.th/medicine/essential/list,กลุ่มนโยบายแห่งชาติด้านยา สำนักยา กระทรวงสาธารณสุข
Entacapone,,tab,,ง,ยาโรคเฉพาะทาง,ใช้กับโรคเฉพาะ ตามแนวทางการรักษา,🟣,Central nervous system,Drugs used in movement disorders,VI,โรคระบบประสาท,,ใช้โดยแพทย์ผู้เชี่ยวชาญในกรณีที่ใช้ยาอื่นไม่ได้ผล,,,บัญชียาหลักแห่งชาติ พ.ศ. 2558,http://drug.fda.moph.go.th:81/nlem.in.th/medicine/essential/list,กลุ่มนโยบายแห่งชาติด้านยา สำนักยา กระทรวงสาธารณสุข
Piribedil,,SR tab (เฉพาะ 50 mg),,ง,ยาโรคเฉพาะทาง,ใช้กับโรคเฉพาะ ตามแนวทางการรักษา,🟣,Central nervous system,Drugs used in movement disorders,VI,โรคระบบประสาท,,ใช้โดยแพทย์ผู้เชี่ยวชาญเท่านั้น,,,บัญชียาหลักแห่งชาติ พ.ศ. 2558,http://drug.fda.moph.go.th:81/nlem.in.th/medicine/essential/list,กลุ่มนโยบายแห่งชาติด้านยา สำนักยา กระทรวงสาธารณสุข
Botulinum A toxin,,sterile pwdr (เฉพาะ 100 และ 500 IU),,จ(2),ยาพิเศษ,ต้องขออนุมัติ + เงื่อนไขพิเศษ,🔴,Central nervous system,Drugs used in movement disorders,VI,โรคระบบประสาท,,"1. ใช้สำหรับโรคคอบิด (cervical dystonia) ชนิดไม่ทราบสาเหตุ (idiopathic) โดยมีแนวทางกำกับการใช้ยาเป็นไปตามรายละเอียดในภาคผนวก 3 
2. ใช้สำหรับโรคใบหน้ากระตุกครึ่งซีก (hemifacial spasm) ชนิดไม่ทราบสาเหตุ (idiopathic) โดยมีแนวทางกำกับการใช้ยาเป็นไปตามรายละเอียดในภาคผนวก 3",,,บัญชียาหลักแห่งชาติ พ.ศ. 2558,http://drug.fda.moph.go.th:81/nlem.in.th/medicine/essential/list,กลุ่มนโยบายแห่งชาติด้านยา สำนักยา กระทรวงสาธารณสุข
Disulfiram,,tab,,ค,ยาโรงพยาบาล,ต้องอยู่ในบัญชียาของ รพ.นั้น,🔵,Central nervous system,Drugs used in substance dependence,VI,โรคระบบประสาท,,ใช้กับผู้ป่วยติดแอลกอฮอล์ที่ยินยอมจะใช้ยานี้ร่วมกับวิธีจิตสังคมบำบัดเพื่อเป็นการควบคุมตนเองไม่ให้กลับไปดื่มซ้ำ,การกินยา Disulfiram ร่วมกับแอลกอฮอล์ จะทำให้เกิดอาการไม่สบายเนื่องมาจากการสะสมของ acetaldehyde ในเลือด,,บัญชียาหลักแห่งชาติ พ.ศ. 2558,http://drug.fda.moph.go.th:81/nlem.in.th/medicine/essential/list,กลุ่มนโยบายแห่งชาติด้านยา สำนักยา กระทรวงสาธารณสุข
Nortriptyline hydrochloride,,tab,,ก,ยาจำเป็นพื้นฐาน,บัตรทอง/ประกันสังคมเบิกได้ทุกกรณี,🟢,Central nervous system,Drugs used in substance dependence,VI,โรคระบบประสาท,,,,,บัญชียาหลักแห่งชาติ พ.ศ. 2558,http://drug.fda.moph.go.th:81/nlem.in.th/medicine/essential/list,กลุ่มนโยบายแห่งชาติด้านยา สำนักยา กระทรวงสาธารณสุข
Clonidine hydrochloride,,tab,,ข,ยาที่ใช้ได้ตามเงื่อนไข,เบิกได้บางกรณี ตามเงื่อนไขที่กำหนด,🟡,Central nervous system,Drugs used in substance dependence,VI,โรคระบบประสาท,,ใช้สำหรับ heroin withdrawal,,,บัญชียาหลักแห่งชาติ พ.ศ. 2558,http://drug.fda.moph.go.th:81/nlem.in.th/medicine/essential/list,กลุ่มนโยบายแห่งชาติด้านยา สำนักยา กระทรวงสาธารณสุข
Methadone hydrochloride,,oral sol,ยาเสพติดให้โทษประเภท 2,ง,ยาโรคเฉพาะทาง,ใช้กับโรคเฉพาะ ตามแนวทางการรักษา,🟣,Central nervous system,Drugs used in substance dependence,VI,โรคระบบประสาท,,ใช้สำหรับผู้ป่วยติดเฮโรอีน,,,บัญชียาหลักแห่งชาติ พ.ศ. 2558,http://drug.fda.moph.go.th:81/nlem.in.th/medicine/essential/list,กลุ่มนโยบายแห่งชาติด้านยา สำนักยา กระทรวงสาธารณสุข
Amoxicillin trihydrate,,"cap,dry syr",,ก,ยาจำเป็นพื้นฐาน,บัตรทอง/ประกันสังคมเบิกได้ทุกกรณี,🟢,Infections,Antibacterial drugs,I,โรคติดเชื้อและปรสิต,,,,,บัญชียาหลักแห่งชาติ พ.ศ. 2558,http://drug.fda.moph.go.th:81/nlem.in.th/medicine/essential/list,กลุ่มนโยบายแห่งชาติด้านยา สำนักยา กระทรวงสาธารณสุข
Ampicillin sodium,,sterile pwdr,,ก,ยาจำเป็นพื้นฐาน,บัตรทอง/ประกันสังคมเบิกได้ทุกกรณี,🟢,Infections,Antibacterial drugs,I,โรคติดเชื้อและปรสิต,,,,,บัญชียาหลักแห่งชาติ พ.ศ. 2558,http://drug.fda.moph.go.th:81/nlem.in.th/medicine/essential/list,กลุ่มนโยบายแห่งชาติด้านยา สำนักยา กระทรวงสาธารณสุข
Cloxacillin sodium,,sterile pwdr,,ก,ยาจำเป็นพื้นฐาน,บัตรทอง/ประกันสังคมเบิกได้ทุกกรณี,🟢,Infections,Antibacterial drugs,I,โรคติดเชื้อและปรสิต,,,,,บัญชียาหลักแห่งชาติ พ.ศ. 2558,http://drug.fda.moph.go.th:81/nlem.in.th/medicine/essential/list,กลุ่มนโยบายแห่งชาติด้านยา สำนักยา กระทรวงสาธารณสุข
Dicloxacillin sodium,,"cap, dry syr",,ก,ยาจำเป็นพื้นฐาน,บัตรทอง/ประกันสังคมเบิกได้ทุกกรณี,🟢,Infections,Antibacterial drugs,I,โรคติดเชื้อและปรสิต,,,,,บัญชียาหลักแห่งชาติ พ.ศ. 2558,http://drug.fda.moph.go.th:81/nlem.in.th/medicine/essential/list,กลุ่มนโยบายแห่งชาติด้านยา สำนักยา กระทรวงสาธารณสุข
Phenoxymethylpenicillin potassium,Penicillin V,"cap, tab, dry syr",,ก,ยาจำเป็นพื้นฐาน,บัตรทอง/ประกันสังคมเบิกได้ทุกกรณี,🟢,Infections,Antibacterial drugs,I,โรคติดเชื้อและปรสิต,,,,,บัญชียาหลักแห่งชาติ พ.ศ. 2558,http://drug.fda.moph.go.th:81/nlem.in.th/medicine/essential/list,กลุ่มนโยบายแห่งชาติด้านยา สำนักยา กระทรวงสาธารณสุข
Benzylpenicillin,Penicillin G,sterile pwdr (as sodium or potassium),,ก,ยาจำเป็นพื้นฐาน,บัตรทอง/ประกันสังคมเบิกได้ทุกกรณี,🟢,Infections,Antibacterial drugs,I,โรคติดเชื้อและปรสิต,,,,,บัญชียาหลักแห่งชาติ พ.ศ. 2558,http://drug.fda.moph.go.th:81/nlem.in.th/medicine/essential/list,กลุ่มนโยบายแห่งชาติด้านยา สำนักยา กระทรวงสาธารณสุข
Benzathine benzylpenicillin,Penicillin G benzathine,sterile pwdr,,ก,ยาจำเป็นพื้นฐาน,บัตรทอง/ประกันสังคมเบิกได้ทุกกรณี,🟢,Infections,Antibacterial drugs,I,โรคติดเชื้อและปรสิต,,,,,บัญชียาหลักแห่งชาติ พ.ศ. 2558,http://drug.fda.moph.go.th:81/nlem.in.th/medicine/essential/list,กลุ่มนโยบายแห่งชาติด้านยา สำนักยา กระทรวงสาธารณสุข
Procaine benzylpenicillin,Penicillin G procaine,"sterile sol, sterile susp",,ก,ยาจำเป็นพื้นฐาน,บัตรทอง/ประกันสังคมเบิกได้ทุกกรณี,🟢,Infections,Antibacterial drugs,I,โรคติดเชื้อและปรสิต,,,,,บัญชียาหลักแห่งชาติ พ.ศ. 2558,http://drug.fda.moph.go.th:81/nlem.in.th/medicine/essential/list,กลุ่มนโยบายแห่งชาติด้านยา สำนักยา กระทรวงสาธารณสุข
Amoxicillin trihydrate + Potassium clavulanate,Co-amoxiclav,tab (เฉพาะ 500/125 mg),,ค,ยาโรงพยาบาล,ต้องอยู่ในบัญชียาของ รพ.นั้น,🔵,Infections,Antibacterial drugs,I,โรคติดเชื้อและปรสิต,,ใช้เป็นยาแทน (alternative drug) ของ oral co-trimoxazole ในการรักษา melioidosis,,,บัญชียาหลักแห่งชาติ พ.ศ. 2558,http://drug.fda.moph.go.th:81/nlem.in.th/medicine/essential/list,กลุ่มนโยบายแห่งชาติด้านยา สำนักยา กระทรวงสาธารณสุข
Amoxicillin trihydrate + Potassium clavulanate,Co-amoxiclav,"tab (เฉพาะ 500/125, 875/125 mg), dry syr (เฉพาะ 200/28.5, 400/57 mg)",,ค,ยาโรงพยาบาล,ต้องอยู่ในบัญชียาของ รพ.นั้น,🔵,Infections,Antibacterial drugs,I,โรคติดเชื้อและปรสิต,,"1. ใช้สำหรับการติดเชื้อที่สงสัยว่าอาจจะเกิดจากเชื้อ H. influenzae และ/หรือ M. catarrhalis ที่ดื้อต่อ ampicillin
2. ใช้รักษาโรคติดเชื้อผสมระหว่างแบคทีเรียชนิด aerobes และ anaerobes",,,บัญชียาหลักแห่งชาติ พ.ศ. 2558,http://drug.fda.moph.go.th:81/nlem.in.th/medicine/essential/list,กลุ่มนโยบายแห่งชาติด้านยา สำนักยา กระทรวงสาธารณสุข
Amoxicillin sodium + Potassium clavulanate,Co-amoxiclav,sterile pwdr,,ค,ยาโรงพยาบาล,ต้องอยู่ในบัญชียาของ รพ.นั้น,🔵,Infections,Antibacterial drugs,I,โรคติดเชื้อและปรสิต,,"1. ใช้รักษาโรคติดเชื้อแบคทีเรียจำเพาะที่ดื้อต่อ ampicillin โดยเฉพาะที่ผลิตเอนไซม์ beta-lactamase
2. ใช้รักษาโรคติดเชื้อผสมระหว่างแบคทีเรียชนิด aerobes และ anaerobes",,,บัญชียาหลักแห่งชาติ พ.ศ. 2558,http://drug.fda.moph.go.th:81/nlem.in.th/medicine/essential/list,กลุ่มนโยบายแห่งชาติด้านยา สำนักยา กระทรวงสาธารณสุข
Ampicillin sodium + Sulbactam sodium,,sterile pwdr,,ค,ยาโรงพยาบาล,ต้องอยู่ในบัญชียาของ รพ.นั้น,🔵,Infections,Antibacterial drugs,I,โรคติดเชื้อและปรสิต,,เช่นเดียวกับ Co-amoxiclav sterile pwdr,,,บัญชียาหลักแห่งชาติ พ.ศ. 2558,http://drug.fda.moph.go.th:81/nlem.in.th/medicine/essential/list,กลุ่มนโยบายแห่งชาติด้านยา สำนักยา กระทรวงสาธารณสุข
Piperacillin sodium + Tazobactam sodium,,sterile pwdr,,ง,ยาโรคเฉพาะทาง,ใช้กับโรคเฉพาะ ตามแนวทางการรักษา,🟣,Infections,Antibacterial drugs,I,โรคติดเชื้อและปรสิต,,"1. ใช้ในกรณีที่ใช้ยากลุ่ม third generation cephalosporins ไม่ได้ โดยให้พิจารณาเลือกใช้ก่อนยากลุ่ม carbapenems ทั้งใน empiric และspecific therapy สำหรับ nosocomial infection เช่น pneumonia, complicated skin and soft tissue infection, intra-abdominal infection และ febrile neutropenia
2. ใช้ในกรณีพิเศษตามคำแนะนำของแพทย์ผู้เชี่ยวชาญด้านโรคติดเชื้อ",,,บัญชียาหลักแห่งชาติ พ.ศ. 2558,http://drug.fda.moph.go.th:81/nlem.in.th/medicine/essential/list,กลุ่มนโยบายแห่งชาติด้านยา สำนักยา กระทรวงสาธารณสุข
Cefalexin,Cephalexin,"cap, dry syr",,ก,ยาจำเป็นพื้นฐาน,บัตรทอง/ประกันสังคมเบิกได้ทุกกรณี,🟢,Infections,Antibacterial drugs,I,โรคติดเชื้อและปรสิต,,ใช้สำหรับการติดเชื้อแบคทีเรียกรัมบวกโดยเฉพาะอย่างยิ่ง S. aureus ในผู้ป่วยที่แพ้ penicillin แบบไม่รุนแรง และการติดเชื้อในชุมชนจากแบคทีเรียกรัมลบบางชนิด เช่น E. coli เป็นต้น,,,บัญชียาหลักแห่งชาติ พ.ศ. 2558,http://drug.fda.moph.go.th:81/nlem.in.th/medicine/essential/list,กลุ่มนโยบายแห่งชาติด้านยา สำนักยา กระทรวงสาธารณสุข
Cefazolin sodium,,sterile pwdr,,ก,ยาจำเป็นพื้นฐาน,บัตรทอง/ประกันสังคมเบิกได้ทุกกรณี,🟢,Infections,Antibacterial drugs,I,โรคติดเชื้อและปรสิต,,ใช้ป้องกันการติดเชื้อภายหลังการผ่าตัด,,,บัญชียาหลักแห่งชาติ พ.ศ. 2558,http://drug.fda.moph.go.th:81/nlem.in.th/medicine/essential/list,กลุ่มนโยบายแห่งชาติด้านยา สำนักยา กระทรวงสาธารณสุข
Cefuroxime axetil,,"tab, dry syr",,ข,ยาที่ใช้ได้ตามเงื่อนไข,เบิกได้บางกรณี ตามเงื่อนไขที่กำหนด,🟡,Infections,Antibacterial drugs,I,โรคติดเชื้อและปรสิต,,"1. ใช้สำหรับการติดเชื้อ H. influenzae ที่ดื้อต่อ ampicillin และ M. catarrhalis
2. ใช้กับผู้ป่วยที่แพ้หรือไม่สามารถใช้ยา co-amoxiclav ได้ หรือแพ้ยากลุ่ม penicillins ชนิดไม่รุนแรง",,,บัญชียาหลักแห่งชาติ พ.ศ. 2558,http://drug.fda.moph.go.th:81/nlem.in.th/medicine/essential/list,กลุ่มนโยบายแห่งชาติด้านยา สำนักยา กระทรวงสาธารณสุข
Cefotaxime sodium,,sterile pwdr,,ค,ยาโรงพยาบาล,ต้องอยู่ในบัญชียาของ รพ.นั้น,🔵,Infections,Antibacterial drugs,I,โรคติดเชื้อและปรสิต,,"1. ใช้สำหรับการติดเชื้อในทารกแรกเกิด เพื่อหลีกเลี่ยงการเกิด kernicterus จากการใช้ยา ceftriaxone
2. ใช้สำหรับโรคติดเชื้อในระบบประสาทส่วนกลางที่เกิดจากแบคทีเรียกรัมลบ ในเด็กอายุน้อยกว่า 1 ปี
3. ใช้เป็นยาแทน (alternative drug) ของ ceftriaxone แต่ต้องให้ยาบ่อยกว่า ceftriaxone",,,บัญชียาหลักแห่งชาติ พ.ศ. 2558,http://drug.fda.moph.go.th:81/nlem.in.th/medicine/essential/list,กลุ่มนโยบายแห่งชาติด้านยา สำนักยา กระทรวงสาธารณสุข
Ceftriaxone sodium,,sterile pwdr,,ค,ยาโรงพยาบาล,ต้องอยู่ในบัญชียาของ รพ.นั้น,🔵,Infections,Antibacterial drugs,I,โรคติดเชื้อและปรสิต,,"1. ใช้สำหรับ serious community acquired bacterial infection ยกเว้นการติดเชื้อ Pseudomonas aeruginosa
2. ใช้สำหรับ gram-negative meningitis ยกเว้นในเด็กอายุน้อยกว่า 1 ปี
3. ใช้สำหรับการติดเชื้อ Penicillin Resistant S. pneumoniae (PRSP)
4. ใช้สำหรับการติดเชื้อแบคทีเรียกรัมลบบางกรณีในผู้ป่วยที่ไตทำงานบกพร่องซึ่งไม่สามารถใช้ยากลุ่ม aminoglycosides ได้
5. ใช้สำหรับการติดเชื้อ Gonococcus",,,บัญชียาหลักแห่งชาติ พ.ศ. 2558,http://drug.fda.moph.go.th:81/nlem.in.th/medicine/essential/list,กลุ่มนโยบายแห่งชาติด้านยา สำนักยา กระทรวงสาธารณสุข
Ceftazidime,,sterile pwdr,,ค,ยาโรงพยาบาล,ต้องอยู่ในบัญชียาของ รพ.นั้น,🔵,Infections,Antibacterial drugs,I,โรคติดเชื้อและปรสิต,,ใช้เป็น empiric/specific therapy สำหรับการติดเชื้อ P. aeruginosa และ melioidosis,,,บัญชียาหลักแห่งชาติ พ.ศ. 2558,http://drug.fda.moph.go.th:81/nlem.in.th/medicine/essential/list,กลุ่มนโยบายแห่งชาติด้านยา สำนักยา กระทรวงสาธารณสุข
Cefixime,,"cap, dry syr",,ง,ยาโรคเฉพาะทาง,ใช้กับโรคเฉพาะ ตามแนวทางการรักษา,🟣,Infections,Antibacterial drugs,I,โรคติดเชื้อและปรสิต,,"1. ใช้เป็น switch therapy ในการรักษาโรคติดเชื้อแบคทีเรียกรัมลบ
2. ใช้รักษาหนองในแท้เฉพาะที่อวัยวะเพศและทวารหนัก เมื่อไม่สามารถใช้ยา Ceftriaxone ได้",,,บัญชียาหลักแห่งชาติ พ.ศ. 2558,http://drug.fda.moph.go.th:81/nlem.in.th/medicine/essential/list,กลุ่มนโยบายแห่งชาติด้านยา สำนักยา กระทรวงสาธารณสุข
Cefoperazone sodium + Sulbactam sodium,,sterile pwdr,,ง,ยาโรคเฉพาะทาง,ใช้กับโรคเฉพาะ ตามแนวทางการรักษา,🟣,Infections,Antibacterial drugs,I,โรคติดเชื้อและปรสิต,,ใช้สำหรับ nosocomial infection จากเชื้อแบคทีเรียกรัมลบ โดยเฉพาะการติดเชื้อ Acinetobacter sp.,,,บัญชียาหลักแห่งชาติ พ.ศ. 2558,http://drug.fda.moph.go.th:81/nlem.in.th/medicine/essential/list,กลุ่มนโยบายแห่งชาติด้านยา สำนักยา กระทรวงสาธารณสุข
Cefoxitin sodium,,sterile pwdr,,ง,ยาโรคเฉพาะทาง,ใช้กับโรคเฉพาะ ตามแนวทางการรักษา,🟣,Infections,Antibacterial drugs,I,โรคติดเชื้อและปรสิต,,"1. ใช้เป็นยาแทน (alternative drug) ของยามาตรฐานในการป้องกันการติดเชื้อจากการผ่าตัดในช่องท้องซึ่งเป็นไปตามแนวทางการใช้ยาต้านจุลชีพ เพื่อป้องกันการติดเชื้อจากการผ่าตัด
2. ใช้สำหรับการติดเชื้อ Non-tuberculosis Mycobacterium sp. (atypical mycobacterium) สำหรับกลุ่ม rapid growers เท่านั้น",,ไม่แนะนำให้ใช้รักษาโรคติดเชื้ออื่นๆ เพราะเป็น beta-lactamase inducer,บัญชียาหลักแห่งชาติ พ.ศ. 2558,http://drug.fda.moph.go.th:81/nlem.in.th/medicine/essential/list,กลุ่มนโยบายแห่งชาติด้านยา สำนักยา กระทรวงสาธารณสุข
Ertapenem sodium,,sterile pwdr,,ง,ยาโรคเฉพาะทาง,ใช้กับโรคเฉพาะ ตามแนวทางการรักษา,🟣,Infections,Antibacterial drugs,I,โรคติดเชื้อและปรสิต,,ใช้เป็น documented therapy สำหรับเชื้อที่สร้าง extended spectrum beta-lactamases (ESBL) เท่านั้น,,ราคายา Ertapenem sodium ขนาด 1 g ที่ต่อรองได้ ขวดละไม่เกิน 984.40 บาท (ราคารวมภาษีมูลค่าเพิ่ม) กำหนดยืนราคา 730 วัน  นับจากวันประกาศในราชกิจจานุเบกษา เงื่อนไขและรายละเอียดอื่นๆ ให้ดูตามแบบเสนอยาในเว็บไซต์ www.nlem.in.th,บัญชียาหลักแห่งชาติ พ.ศ. 2558,http://drug.fda.moph.go.th:81/nlem.in.th/medicine/essential/list,กลุ่มนโยบายแห่งชาติด้านยา สำนักยา กระทรวงสาธารณสุข
Imipenem + Cilastatin sodium,,sterile pwdr,,ง,ยาโรคเฉพาะทาง,ใช้กับโรคเฉพาะ ตามแนวทางการรักษา,🟣,Infections,Antibacterial drugs,I,โรคติดเชื้อและปรสิต,,"1. ใช้สำหรับโรคติดเชื้อในโรงพยาบาลที่เกิดจากแบคทีเรียรูปแท่งกรัมลบที่ดื้อยาหลายชนิด (Multiple-Drug- Resistant, MDR) ซึ่งควรมีผลการทดสอบความไวทางห้องปฏิบัติการมายืนยัน
2. ใช้ในกรณีพิเศษตามคำแนะนำของแพทย์ผู้เชี่ยวชาญด้านโรคติดเชื้อ",,,บัญชียาหลักแห่งชาติ พ.ศ. 2558,http://drug.fda.moph.go.th:81/nlem.in.th/medicine/essential/list,กลุ่มนโยบายแห่งชาติด้านยา สำนักยา กระทรวงสาธารณสุข
Meropenem,,sterile pwdr,,ง,ยาโรคเฉพาะทาง,ใช้กับโรคเฉพาะ ตามแนวทางการรักษา,🟣,Infections,Antibacterial drugs,I,โรคติดเชื้อและปรสิต,,เช่นเดียวกับ Imipenem+Cilastatin sodium,,,บัญชียาหลักแห่งชาติ พ.ศ. 2558,http://drug.fda.moph.go.th:81/nlem.in.th/medicine/essential/list,กลุ่มนโยบายแห่งชาติด้านยา สำนักยา กระทรวงสาธารณสุข
Doxycycline hyclate,Doxycycline hydrochloride,"cap, tab",,ก,ยาจำเป็นพื้นฐาน,บัตรทอง/ประกันสังคมเบิกได้ทุกกรณี,🟢,Infections,Antibacterial drugs,I,โรคติดเชื้อและปรสิต,,,,,บัญชียาหลักแห่งชาติ พ.ศ. 2558,http://drug.fda.moph.go.th:81/nlem.in.th/medicine/essential/list,กลุ่มนโยบายแห่งชาติด้านยา สำนักยา กระทรวงสาธารณสุข
Tetracycline hydrochloride,,"cap, tab",,ก,ยาจำเป็นพื้นฐาน,บัตรทอง/ประกันสังคมเบิกได้ทุกกรณี,🟢,Infections,Antibacterial drugs,I,โรคติดเชื้อและปรสิต,,,,,บัญชียาหลักแห่งชาติ พ.ศ. 2558,http://drug.fda.moph.go.th:81/nlem.in.th/medicine/essential/list,กลุ่มนโยบายแห่งชาติด้านยา สำนักยา กระทรวงสาธารณสุข
Neomycin sulfate,,tab,,ก,ยาจำเป็นพื้นฐาน,บัตรทอง/ประกันสังคมเบิกได้ทุกกรณี,🟢,Infections,Antibacterial drugs,I,โรคติดเชื้อและปรสิต,,,,ใช้สำหรับป้องกันการติดเชื้อจากการผ่าตัดสำไส้ใหญ่แบบไม่ฉุกเฉิน,บัญชียาหลักแห่งชาติ พ.ศ. 2558,http://drug.fda.moph.go.th:81/nlem.in.th/medicine/essential/list,กลุ่มนโยบายแห่งชาติด้านยา สำนักยา กระทรวงสาธารณสุข
Gentamicin sulfate,,sterile sol,,ก,ยาจำเป็นพื้นฐาน,บัตรทอง/ประกันสังคมเบิกได้ทุกกรณี,🟢,Infections,Antibacterial drugs,I,โรคติดเชื้อและปรสิต,,,,,บัญชียาหลักแห่งชาติ พ.ศ. 2558,http://drug.fda.moph.go.th:81/nlem.in.th/medicine/essential/list,กลุ่มนโยบายแห่งชาติด้านยา สำนักยา กระทรวงสาธารณสุข
Amikacin sulfate,,sterile sol,,ข,ยาที่ใช้ได้ตามเงื่อนไข,เบิกได้บางกรณี ตามเงื่อนไขที่กำหนด,🟡,Infections,Antibacterial drugs,I,โรคติดเชื้อและปรสิต,,ใช้สำหรับการติดเชื้อแบคทีเรียกรัมลบชนิดที่ดื้อต่อ gentamicin และ/หรือ netilmicin,,จัดเป็นบัญชี ค เมื่อใช้รักษา multidrug - resistant tuberculosis (MDR-TB),บัญชียาหลักแห่งชาติ พ.ศ. 2558,http://drug.fda.moph.go.th:81/nlem.in.th/medicine/essential/list,กลุ่มนโยบายแห่งชาติด้านยา สำนักยา กระทรวงสาธารณสุข
Netilmicin sulfate,,sterile sol,,ง,ยาโรคเฉพาะทาง,ใช้กับโรคเฉพาะ ตามแนวทางการรักษา,🟣,Infections,Antibacterial drugs,I,โรคติดเชื้อและปรสิต,,ใช้เฉพาะการติดเชื้อแบคทีเรียกรัมลบที่ดื้อต่อยา gentamicin และ amikacin ซึ่งต้องมีผลการทดสอบความไวทางห้องปฏิบัติการมายืนยัน,,,บัญชียาหลักแห่งชาติ พ.ศ. 2558,http://drug.fda.moph.go.th:81/nlem.in.th/medicine/essential/list,กลุ่มนโยบายแห่งชาติด้านยา สำนักยา กระทรวงสาธารณสุข
Erythromycin estolate,,susp /dry syr,,ก,ยาจำเป็นพื้นฐาน,บัตรทอง/ประกันสังคมเบิกได้ทุกกรณี,🟢,Infections,Antibacterial drugs,I,โรคติดเชื้อและปรสิต,,ใช้กับเด็กอายุต่ำกว่า 6 ปี,,ห้ามใช้กับผู้ป่วยโรคตับ,บัญชียาหลักแห่งชาติ พ.ศ. 2558,http://drug.fda.moph.go.th:81/nlem.in.th/medicine/essential/list,กลุ่มนโยบายแห่งชาติด้านยา สำนักยา กระทรวงสาธารณสุข
Erythromycin stearate or succinate,,dry syr,,ก,ยาจำเป็นพื้นฐาน,บัตรทอง/ประกันสังคมเบิกได้ทุกกรณี,🟢,Infections,Antibacterial drugs,I,โรคติดเชื้อและปรสิต,,,,,บัญชียาหลักแห่งชาติ พ.ศ. 2558,http://drug.fda.moph.go.th:81/nlem.in.th/medicine/essential/list,กลุ่มนโยบายแห่งชาติด้านยา สำนักยา กระทรวงสาธารณสุข
Roxithromycin,,cap/tab (เฉพาะ 100 และ 150 mg),,ก,ยาจำเป็นพื้นฐาน,บัตรทอง/ประกันสังคมเบิกได้ทุกกรณี,🟢,Infections,Antibacterial drugs,I,โรคติดเชื้อและปรสิต,,,,,บัญชียาหลักแห่งชาติ พ.ศ. 2558,http://drug.fda.moph.go.th:81/nlem.in.th/medicine/essential/list,กลุ่มนโยบายแห่งชาติด้านยา สำนักยา กระทรวงสาธารณสุข
Azithromycin,,"cap (ไม่รวมชนิดออกฤทธิ์นาน) , dry syrup (ไม่รวมชนิดซองและชนิดออกฤทธิ์นาน)",,ง,ยาโรคเฉพาะทาง,ใช้กับโรคเฉพาะ ตามแนวทางการรักษา,🟣,Infections,Antibacterial drugs,I,โรคติดเชื้อและปรสิต,,"1.  ใช้สำหรับการติดเชื้อทางเดินหายใจส่วนล่าง กรณีที่ใช้ยาอื่นไม่ได้หรือไม่ได้ผล
2.  ใช้รักษาการติดเชื้อ non-tuberculous mycobacterium (NTM)
3. ยา azithromycin ขนาด 2 กรัม กินครั้งเดียว สำหรับรักษาผู้ป่วย early syphilis ที่ไม่สามารถใช้  ยา penicillin หรือ doxycycline หรือ ceftriaxone ได้",,,บัญชียาหลักแห่งชาติ พ.ศ. 2558,http://drug.fda.moph.go.th:81/nlem.in.th/medicine/essential/list,กลุ่มนโยบายแห่งชาติด้านยา สำนักยา กระทรวงสาธารณสุข
Azithromycin,,sterile pwdr,,ง,ยาโรคเฉพาะทาง,ใช้กับโรคเฉพาะ ตามแนวทางการรักษา,🟣,Infections,Antibacterial drugs,I,โรคติดเชื้อและปรสิต,,"1. ใช้สำหรับการติดเชื้อของทางเดินหายใจส่วนล่างที่รุนแรงและอาจเกิดจาก atypical pathogen เช่น   legionellosis เป็นต้น
2. ใช้สำหรับ severe rickettsiosis",,,บัญชียาหลักแห่งชาติ พ.ศ. 2558,http://drug.fda.moph.go.th:81/nlem.in.th/medicine/essential/list,กลุ่มนโยบายแห่งชาติด้านยา สำนักยา กระทรวงสาธารณสุข
Clarithromycin,,"tab, dry syr",,ง,ยาโรคเฉพาะทาง,ใช้กับโรคเฉพาะ ตามแนวทางการรักษา,🟣,Infections,Antibacterial drugs,I,โรคติดเชื้อและปรสิต,,"1. ใช้สำหรับการติดเชื้อของทางเดินหายใจ ในกรณีที่ใช้ยาอื่นไม่ได้หรือไม่ได้ผล
2. ใช้ในข้อบ่งใช้พิเศษสำหรับโรคติดเชื้อ non-tuberculous Mycobacterium sp. (atypical mycobacterium)
3. ใช้ใน triple therapy หรือ quardruple therapy สำหรับกำจัดเชื้อ H. pylori หลังจากได้รับการตรวจยืนยันว่ามีเชื้อแล้ว หรือใช้สำหรับ complicated ulcer ที่ไม่ได้เกิดจากการใช้ยา NSAIDs",,,บัญชียาหลักแห่งชาติ พ.ศ. 2558,http://drug.fda.moph.go.th:81/nlem.in.th/medicine/essential/list,กลุ่มนโยบายแห่งชาติด้านยา สำนักยา กระทรวงสาธารณสุข
Norfloxacin,,tab,,ก,ยาจำเป็นพื้นฐาน,บัตรทอง/ประกันสังคมเบิกได้ทุกกรณี,🟢,Infections,Antibacterial drugs,I,โรคติดเชื้อและปรสิต,,,,,บัญชียาหลักแห่งชาติ พ.ศ. 2558,http://drug.fda.moph.go.th:81/nlem.in.th/medicine/essential/list,กลุ่มนโยบายแห่งชาติด้านยา สำนักยา กระทรวงสาธารณสุข
Ofloxacin,,"tab (เฉพาะ 100, 200 mg)",,ข,ยาที่ใช้ได้ตามเงื่อนไข,เบิกได้บางกรณี ตามเงื่อนไขที่กำหนด,🟡,Infections,Antibacterial drugs,I,โรคติดเชื้อและปรสิต,,ใช้เป็นยาแทน (alternative drug) ในการรักษาโรคติดเชื้อแบคทีเรียกรัมลบ,,จัดเป็นบัญชี ค เมื่อใช้รักษา multidrug-resistant tuberculosis (MDR-TB) โดยเป็น second-line therapy ดูข้อ 5.1.9 Antituberculosis drugs,บัญชียาหลักแห่งชาติ พ.ศ. 2558,http://drug.fda.moph.go.th:81/nlem.in.th/medicine/essential/list,กลุ่มนโยบายแห่งชาติด้านยา สำนักยา กระทรวงสาธารณสุข
Ciprofloxacin hydrochloride,,tab,,ง,ยาโรคเฉพาะทาง,ใช้กับโรคเฉพาะ ตามแนวทางการรักษา,🟣,Infections,Antibacterial drugs,I,โรคติดเชื้อและปรสิต,,ใช้ในกรณีพิเศษตามคำแนะนำของแพทย์ผู้เชี่ยวชาญด้านโรคติดเชื้อ เช่น ใช้ต่อเนื่องจากยาฉีด (sequential therapy หรือ switch therapy),,,บัญชียาหลักแห่งชาติ พ.ศ. 2558,http://drug.fda.moph.go.th:81/nlem.in.th/medicine/essential/list,กลุ่มนโยบายแห่งชาติด้านยา สำนักยา กระทรวงสาธารณสุข
Ciprofloxacin lactate,,sterile sol,,ง,ยาโรคเฉพาะทาง,ใช้กับโรคเฉพาะ ตามแนวทางการรักษา,🟣,Infections,Antibacterial drugs,I,โรคติดเชื้อและปรสิต,,"ใช้ในกรณีพิเศษตามคำแนะนำของแพทย์ผู้เชี่ยวชาญด้านโรคติดเชื้อ เช่น
1. ใช้สำหรับรักษาการติดเชื้อแบคทีเรียกรัมลบที่ไม่สามารถใช้ยากลุ่ม beta-lactam และ/หรือยากลุ่ม aminoglycoside ได้
2. ใช้เป็น empiric therapy ใน 3 วันแรกของการรักษาร่วมกับยากลุ่ม beta-lactam และ/หรือ aminoglycoside ในการรักษา severe hospital-acquired pneumonia ในกรณีที่ไม่สามารถรับประทานยาได้",,,บัญชียาหลักแห่งชาติ พ.ศ. 2558,http://drug.fda.moph.go.th:81/nlem.in.th/medicine/essential/list,กลุ่มนโยบายแห่งชาติด้านยา สำนักยา กระทรวงสาธารณสุข
Levofloxacin hemihydrate,,tab (เฉพาะ 500 mg),,ง,ยาโรคเฉพาะทาง,ใช้กับโรคเฉพาะ ตามแนวทางการรักษา,🟣,Infections,Antibacterial drugs,I,โรคติดเชื้อและปรสิต,,ใช้ในกรณีพิเศษตามคำแนะนำของแพทย์ผู้เชี่ยวชาญด้านโรคติดเชื้อ เช่น ใช้รักษาแบบผู้ป่วยนอก ในกรณี moderate to severe community-acquired pneumonia และ lower respiratory tract  infection ที่สงสัย Drug-Resistant S. pneumoniae (DRSP) หรือ pathogen ที่ทำให้เกิด atypical pneumonia ที่ใช้ macrolide ไม่ได้หรือไม่ได้ผล หรือ ใช้ต่อเนื่องจากยาฉีด (sequential therapy หรือ switch therapy),,"1. ผู้ป่วย community-acquired pneumonia (CAP) ที่มี comorbidities หรือ เคยใช้ยาปฏิชีวนะในช่วง 3 เดือนที่ผ่านมา IDSA 2007 (Infectious Diseases Society of America 2007) แนะนำให้ใช้ levofloxacin ในขนาด 750 mg วันละครั้ง อย่างน้อย 5 วัน หรือในขนาด 500 mg วันละครั้ง อย่างน้อย 7 วัน
2. จัดเป็นบัญชี ง เมื่อใช้รักษา multidrug-resistant tuberculosis (MDR-TB) โดยเป็น second-line therapy 
ดูข้อ 5.1.9 Antituberculous drugs",บัญชียาหลักแห่งชาติ พ.ศ. 2558,http://drug.fda.moph.go.th:81/nlem.in.th/medicine/essential/list,กลุ่มนโยบายแห่งชาติด้านยา สำนักยา กระทรวงสาธารณสุข
Levofloxacin hemihydrate,,sterile sol,,ง,ยาโรคเฉพาะทาง,ใช้กับโรคเฉพาะ ตามแนวทางการรักษา,🟣,Infections,Antibacterial drugs,I,โรคติดเชื้อและปรสิต,,ใช้ในกรณีพิเศษตามคำแนะนำของแพทย์ผู้เชี่ยวชาญด้านโรคติดเชื้อ เช่น ใช้รักษาแบบผู้ป่วยใน ในกรณี moderate to severe community-acquired pneumonia และ lower respiratory tract infection ที่สงสัย Drug-Resistant S. pneumoniae (DRSP) หรือ pathogen ที่ทำให้เกิด atypical pneumonia,,จัดเป็นบัญชี ง เมื่อใช้รักษา multidrug-resistant tuberculosis (MDR-TB) โดยเป็น second-line therapy ดูข้อ 5.1.9 Antituberculous drugs,บัญชียาหลักแห่งชาติ พ.ศ. 2558,http://drug.fda.moph.go.th:81/nlem.in.th/medicine/essential/list,กลุ่มนโยบายแห่งชาติด้านยา สำนักยา กระทรวงสาธารณสุข
Chloramphenicol sodium succinate,,sterile pwdr,,ค,ยาโรงพยาบาล,ต้องอยู่ในบัญชียาของ รพ.นั้น,🔵,Infections,Antibacterial drugs,I,โรคติดเชื้อและปรสิต,,"ใช้รักษา rickettsiosis (scrub typhus, murine typhus) ที่ไม่สามารถใช้ยาฉีดอื่นได้",,,บัญชียาหลักแห่งชาติ พ.ศ. 2558,http://drug.fda.moph.go.th:81/nlem.in.th/medicine/essential/list,กลุ่มนโยบายแห่งชาติด้านยา สำนักยา กระทรวงสาธารณสุข
Metronidazole,,"cap/tab (as base), susp (as benzoate), sterile sol (as base)",,ก,ยาจำเป็นพื้นฐาน,บัตรทอง/ประกันสังคมเบิกได้ทุกกรณี,🟢,Infections,Antibacterial drugs,I,โรคติดเชื้อและปรสิต,,,,,บัญชียาหลักแห่งชาติ พ.ศ. 2558,http://drug.fda.moph.go.th:81/nlem.in.th/medicine/essential/list,กลุ่มนโยบายแห่งชาติด้านยา สำนักยา กระทรวงสาธารณสุข
Clindamycin,,"cap (as hydrochloride), sterile sol (as phosphate)",,ข,ยาที่ใช้ได้ตามเงื่อนไข,เบิกได้บางกรณี ตามเงื่อนไขที่กำหนด,🟡,Infections,Antibacterial drugs,I,โรคติดเชื้อและปรสิต,,"1. ใช้สำหรับการติดเชื้อแบคทีเรียชนิด anaerobes, แบคทีเรียกรัมบวกชนิดรุนแรงในผู้ป่วยที่แพ้ยากลุ่ม beta-lactam แบบ type I (anaphylaxis หรือ urticaria) หรือการติดเชื้อผสมระหว่างแบคทีเรียกรัมบวก และ anaerobe
2. ใช้เป็นยาแทน (alternative drug) ในการป้องกันหรือรักษา Pneumocystis jirovecii pneumonia (PCP) ในผู้ป่วยเอดส์
3. ไม่ควรใช้รักษาโรคติดเชื้อนอกเหนือไปจากข้อ 1และข้อ 2 เนื่องจากความเสี่ยงต่อการเกิด Antibiotics Associated Colitis (AAC)",,AAC เกิดได้กับยาต้านจุลชีพที่ออกฤทธิ์กว้างทุกชนิดแม้แต่ amoxicillin,บัญชียาหลักแห่งชาติ พ.ศ. 2558,http://drug.fda.moph.go.th:81/nlem.in.th/medicine/essential/list,กลุ่มนโยบายแห่งชาติด้านยา สำนักยา กระทรวงสาธารณสุข
Lincomycin hydrochloride,,sterile sol,,ข,ยาที่ใช้ได้ตามเงื่อนไข,เบิกได้บางกรณี ตามเงื่อนไขที่กำหนด,🟡,Infections,Antibacterial drugs,I,โรคติดเชื้อและปรสิต,,ใช้สำหรับการติดเชื้อแบคทีเรียกรัมบวก (methicillin sensitive Staphylococcus หรือ Streptococcus) ที่มีอาการรุนแรงน้อยถึงปานกลาง โดยเฉพาะผู้ป่วยที่มีประวัติการแพ้ยากลุ่ม penicillins,,,บัญชียาหลักแห่งชาติ พ.ศ. 2558,http://drug.fda.moph.go.th:81/nlem.in.th/medicine/essential/list,กลุ่มนโยบายแห่งชาติด้านยา สำนักยา กระทรวงสาธารณสุข
Nitrofurantoin,,tab,,ข,ยาที่ใช้ได้ตามเงื่อนไข,เบิกได้บางกรณี ตามเงื่อนไขที่กำหนด,🟡,Infections,Antibacterial drugs,I,โรคติดเชื้อและปรสิต,,ใช้รักษาการติดเชื้อของทางเดินปัสสาวะส่วนล่างและป้องกันการกลับเป็นซ้ำในหญิงตั้งครรภ์ที่ใช้ยาในบัญชี ก (เช่น amoxicillin หรือ cephalexin) ไม่ได้หรือไม่ได้ผล,,,บัญชียาหลักแห่งชาติ พ.ศ. 2558,http://drug.fda.moph.go.th:81/nlem.in.th/medicine/essential/list,กลุ่มนโยบายแห่งชาติด้านยา สำนักยา กระทรวงสาธารณสุข
Colistimethate sodium,Sodium colistinmethanesulphonate,sterile pwdr,,ง,ยาโรคเฉพาะทาง,ใช้กับโรคเฉพาะ ตามแนวทางการรักษา,🟣,Infections,Antibacterial drugs,I,โรคติดเชื้อและปรสิต,,ใช้สำหรับการติดเชื้อกรัมลบที่ดื้อต่อยากลุ่ม carbapenems,,,บัญชียาหลักแห่งชาติ พ.ศ. 2558,http://drug.fda.moph.go.th:81/nlem.in.th/medicine/essential/list,กลุ่มนโยบายแห่งชาติด้านยา สำนักยา กระทรวงสาธารณสุข
Fosfomycin sodium,,sterile pwdr,,ง,ยาโรคเฉพาะทาง,ใช้กับโรคเฉพาะ ตามแนวทางการรักษา,🟣,Infections,Antibacterial drugs,I,โรคติดเชื้อและปรสิต,,ใช้สำหรับการติดเชื้อ Methicillin Resistant S. aureus (MRSA) ที่มีอาการรุนแรงน้อยถึงปานกลาง โดยใช้ร่วมกับยาอื่นเพื่อป้องกันการดื้อยา,,,บัญชียาหลักแห่งชาติ พ.ศ. 2558,http://drug.fda.moph.go.th:81/nlem.in.th/medicine/essential/list,กลุ่มนโยบายแห่งชาติด้านยา สำนักยา กระทรวงสาธารณสุข
Sodium fusidate,,tab,,ง,ยาโรคเฉพาะทาง,ใช้กับโรคเฉพาะ ตามแนวทางการรักษา,🟣,Infections,Antibacterial drugs,I,โรคติดเชื้อและปรสิต,,ใช้สำหรับการติดเชื้อ Methicillin Resistant S. aureus (MRSA) ที่มีอาการไม่รุนแรงถึงรุนแรงปานกลางหรือใช้ switch therapy ต่อจากยาฉีด โดยใช้ร่วมกับยาอื่นเพื่อป้องกันการดื้อยา,,,บัญชียาหลักแห่งชาติ พ.ศ. 2558,http://drug.fda.moph.go.th:81/nlem.in.th/medicine/essential/list,กลุ่มนโยบายแห่งชาติด้านยา สำนักยา กระทรวงสาธารณสุข
Vancomycin hydrochloride,,sterile pwdr,,ง,ยาโรคเฉพาะทาง,ใช้กับโรคเฉพาะ ตามแนวทางการรักษา,🟣,Infections,Antibacterial drugs,I,โรคติดเชื้อและปรสิต,,ใช้สำหรับการติดเชื้อ Methicillin Resistant S. aureus (MRSA) ที่รุนแรง หรือการติดเชื้อ methicillin-resistant S. epidermidis (MRSE),,,บัญชียาหลักแห่งชาติ พ.ศ. 2558,http://drug.fda.moph.go.th:81/nlem.in.th/medicine/essential/list,กลุ่มนโยบายแห่งชาติด้านยา สำนักยา กระทรวงสาธารณสุข
Linezolid,,tab,,จ(2),ยาพิเศษ,ต้องขออนุมัติ + เงื่อนไขพิเศษ,🔴,Infections,Antibacterial drugs,I,โรคติดเชื้อและปรสิต,,ใช้สำหรับโรคติดเชื้อ Methicillin Resistant Staphylococcus aureus (MRSA) โดยมีแนวทางกำกับการใช้ยาเป็นไปตามรายละเอียดในภาคผนวก 3,,"ราคายา Linezolid ขนาด 600 mg ที่ต่อรองได้ เม็ดละไม่เกิน 1,283.00 บาท (ราคารวมภาษีมูลค่าเพิ่ม) กำหนดยืนราคา 730 วัน  นับจากวันถัดจากวันประกาศในราชกิจจานุเบกษา เงื่อนไขและรายละเอียดอื่นๆ ให้ดูตามแบบเสนอยาในเว็บไซต์ www.nlem.in.th",บัญชียาหลักแห่งชาติ พ.ศ. 2558,http://drug.fda.moph.go.th:81/nlem.in.th/medicine/essential/list,กลุ่มนโยบายแห่งชาติด้านยา สำนักยา กระทรวงสาธารณสุข
Sulfadiazine,,tab,,ก,ยาจำเป็นพื้นฐาน,บัตรทอง/ประกันสังคมเบิกได้ทุกกรณี,🟢,Infections,Antibacterial drugs,I,โรคติดเชื้อและปรสิต,,ใช้รักษาการติดเชื้อ toxoplasmosis,,,บัญชียาหลักแห่งชาติ พ.ศ. 2558,http://drug.fda.moph.go.th:81/nlem.in.th/medicine/essential/list,กลุ่มนโยบายแห่งชาติด้านยา สำนักยา กระทรวงสาธารณสุข
Sulfamethoxazole + Trimethoprim,Co-trimoxazole,"cap, tab, susp, sterile sol",,ก,ยาจำเป็นพื้นฐาน,บัตรทอง/ประกันสังคมเบิกได้ทุกกรณี,🟢,Infections,Antibacterial drugs,I,โรคติดเชื้อและปรสิต,,,,,บัญชียาหลักแห่งชาติ พ.ศ. 2558,http://drug.fda.moph.go.th:81/nlem.in.th/medicine/essential/list,กลุ่มนโยบายแห่งชาติด้านยา สำนักยา กระทรวงสาธารณสุข
Trimethoprim,,tab,,ข,ยาที่ใช้ได้ตามเงื่อนไข,เบิกได้บางกรณี ตามเงื่อนไขที่กำหนด,🟡,Infections,Antibacterial drugs,I,โรคติดเชื้อและปรสิต,,ใช้รักษาปอดอักเสบจากเชื้อ Pneumocystis jirovecii โดยใช้ร่วมกับยาอื่นในกรณีที่ไม่สามารถใช้ร่วมกับยา sulfonamides ได้,,,บัญชียาหลักแห่งชาติ พ.ศ. 2558,http://drug.fda.moph.go.th:81/nlem.in.th/medicine/essential/list,กลุ่มนโยบายแห่งชาติด้านยา สำนักยา กระทรวงสาธารณสุข
Ethambutol hydrochloride,,film coated tab,,ก,ยาจำเป็นพื้นฐาน,บัตรทอง/ประกันสังคมเบิกได้ทุกกรณี,🟢,Infections,Antibacterial drugs,I,โรคติดเชื้อและปรสิต,,,,,บัญชียาหลักแห่งชาติ พ.ศ. 2558,http://drug.fda.moph.go.th:81/nlem.in.th/medicine/essential/list,กลุ่มนโยบายแห่งชาติด้านยา สำนักยา กระทรวงสาธารณสุข
Isoniazid,,tab,,ก,ยาจำเป็นพื้นฐาน,บัตรทอง/ประกันสังคมเบิกได้ทุกกรณี,🟢,Infections,Antibacterial drugs,I,โรคติดเชื้อและปรสิต,,,,,บัญชียาหลักแห่งชาติ พ.ศ. 2558,http://drug.fda.moph.go.th:81/nlem.in.th/medicine/essential/list,กลุ่มนโยบายแห่งชาติด้านยา สำนักยา กระทรวงสาธารณสุข
Pyrazinamide,,tab,,ก,ยาจำเป็นพื้นฐาน,บัตรทอง/ประกันสังคมเบิกได้ทุกกรณี,🟢,Infections,Antibacterial drugs,I,โรคติดเชื้อและปรสิต,,,,,บัญชียาหลักแห่งชาติ พ.ศ. 2558,http://drug.fda.moph.go.th:81/nlem.in.th/medicine/essential/list,กลุ่มนโยบายแห่งชาติด้านยา สำนักยา กระทรวงสาธารณสุข
Rifampicin,,"cap, tab, dry syr, syr, susp",,ก,ยาจำเป็นพื้นฐาน,บัตรทอง/ประกันสังคมเบิกได้ทุกกรณี,🟢,Infections,Antibacterial drugs,I,โรคติดเชื้อและปรสิต,,,,,บัญชียาหลักแห่งชาติ พ.ศ. 2558,http://drug.fda.moph.go.th:81/nlem.in.th/medicine/essential/list,กลุ่มนโยบายแห่งชาติด้านยา สำนักยา กระทรวงสาธารณสุข
Streptomycin sulfate,,sterile pwdr,,ก,ยาจำเป็นพื้นฐาน,บัตรทอง/ประกันสังคมเบิกได้ทุกกรณี,🟢,Infections,Antibacterial drugs,I,โรคติดเชื้อและปรสิต,,,,,บัญชียาหลักแห่งชาติ พ.ศ. 2558,http://drug.fda.moph.go.th:81/nlem.in.th/medicine/essential/list,กลุ่มนโยบายแห่งชาติด้านยา สำนักยา กระทรวงสาธารณสุข
Tuberculin Purified Protein Derivative,Tuberculin PPD,inj,,ก,ยาจำเป็นพื้นฐาน,บัตรทอง/ประกันสังคมเบิกได้ทุกกรณี,🟢,Infections,Antibacterial drugs,I,โรคติดเชื้อและปรสิต,,,,,บัญชียาหลักแห่งชาติ พ.ศ. 2558,http://drug.fda.moph.go.th:81/nlem.in.th/medicine/essential/list,กลุ่มนโยบายแห่งชาติด้านยา สำนักยา กระทรวงสาธารณสุข
Isoniazid + Rifampicin,,cap/tab (เฉพาะ 100+150 mg และ 150+300 mg),,ข,ยาที่ใช้ได้ตามเงื่อนไข,เบิกได้บางกรณี ตามเงื่อนไขที่กำหนด,🟡,Infections,Antibacterial drugs,I,โรคติดเชื้อและปรสิต,,ใช้เป็นยารวมในการรักษาวัณโรคในระยะ maintenance,,,บัญชียาหลักแห่งชาติ พ.ศ. 2558,http://drug.fda.moph.go.th:81/nlem.in.th/medicine/essential/list,กลุ่มนโยบายแห่งชาติด้านยา สำนักยา กระทรวงสาธารณสุข
Isoniazid + Rifampicin + Pyrazinamide,,tab (เฉพาะ 75 + 150 + 400 mg),,ข,ยาที่ใช้ได้ตามเงื่อนไข,เบิกได้บางกรณี ตามเงื่อนไขที่กำหนด,🟡,Infections,Antibacterial drugs,I,โรคติดเชื้อและปรสิต,,ใช้เป็นยารวมในการรักษาวัณโรคในระยะ initial และ maintenance,,,บัญชียาหลักแห่งชาติ พ.ศ. 2558,http://drug.fda.moph.go.th:81/nlem.in.th/medicine/essential/list,กลุ่มนโยบายแห่งชาติด้านยา สำนักยา กระทรวงสาธารณสุข
Isoniazid + Rifampicin + Pyrazinamide + Ethambutol hydrochloride,,tab (เฉพาะ 75 + 150 + 400 + 275 mg),,ข,ยาที่ใช้ได้ตามเงื่อนไข,เบิกได้บางกรณี ตามเงื่อนไขที่กำหนด,🟡,Infections,Antibacterial drugs,I,โรคติดเชื้อและปรสิต,,ใช้เป็นยารวมในการรักษาวัณโรคในระยะ initial,,,บัญชียาหลักแห่งชาติ พ.ศ. 2558,http://drug.fda.moph.go.th:81/nlem.in.th/medicine/essential/list,กลุ่มนโยบายแห่งชาติด้านยา สำนักยา กระทรวงสาธารณสุข
Amikacin sulfate,,sterile sol,,ค,ยาโรงพยาบาล,ต้องอยู่ในบัญชียาของ รพ.นั้น,🔵,Infections,Antibacterial drugs,I,โรคติดเชื้อและปรสิต,,ใช้รักษา multidrug-resistant tuberculosis (MDR-TB) โดยเป็น second-line drug,,ดูรายละเอียดเพิ่มเติมใน 5.1.4 Aminoglycosides,บัญชียาหลักแห่งชาติ พ.ศ. 2558,http://drug.fda.moph.go.th:81/nlem.in.th/medicine/essential/list,กลุ่มนโยบายแห่งชาติด้านยา สำนักยา กระทรวงสาธารณสุข
Cycloserine,,cap,,ค,ยาโรงพยาบาล,ต้องอยู่ในบัญชียาของ รพ.นั้น,🔵,Infections,Antibacterial drugs,I,โรคติดเชื้อและปรสิต,,เช่นเดียวกับยา amikacin sulfate,,,บัญชียาหลักแห่งชาติ พ.ศ. 2558,http://drug.fda.moph.go.th:81/nlem.in.th/medicine/essential/list,กลุ่มนโยบายแห่งชาติด้านยา สำนักยา กระทรวงสาธารณสุข
Ethionamide,,tab,,ค,ยาโรงพยาบาล,ต้องอยู่ในบัญชียาของ รพ.นั้น,🔵,Infections,Antibacterial drugs,I,โรคติดเชื้อและปรสิต,,เช่นเดียวกับยา amikacin sulfate,,,บัญชียาหลักแห่งชาติ พ.ศ. 2558,http://drug.fda.moph.go.th:81/nlem.in.th/medicine/essential/list,กลุ่มนโยบายแห่งชาติด้านยา สำนักยา กระทรวงสาธารณสุข
Kanamycin sulfate,,sterile pwdr,,ค,ยาโรงพยาบาล,ต้องอยู่ในบัญชียาของ รพ.นั้น,🔵,Infections,Antibacterial drugs,I,โรคติดเชื้อและปรสิต,,เช่นเดียวกับยา amikacin sulfate,,,บัญชียาหลักแห่งชาติ พ.ศ. 2558,http://drug.fda.moph.go.th:81/nlem.in.th/medicine/essential/list,กลุ่มนโยบายแห่งชาติด้านยา สำนักยา กระทรวงสาธารณสุข
Ofloxacin,,"tab (เฉพาะ 100, 200 mg)",,ค,ยาโรงพยาบาล,ต้องอยู่ในบัญชียาของ รพ.นั้น,🔵,Infections,Antibacterial drugs,I,โรคติดเชื้อและปรสิต,,ใช้รักษา multidrug-resistant tuberculosis (MDR-TB) โดยเป็น  second-line therapy หรือกรณีแพ้ยา,,จัดเป็นบัญชี ข  เมื่อใช้เป็นยาแทน (alternative drug) ในการรักษาโรคติดเชื้อแบคทีเรียกรัมลบ ดูข้อ 5.1.6 Quinolones,บัญชียาหลักแห่งชาติ พ.ศ. 2558,http://drug.fda.moph.go.th:81/nlem.in.th/medicine/essential/list,กลุ่มนโยบายแห่งชาติด้านยา สำนักยา กระทรวงสาธารณสุข
Para-aminosalicylic acid,PAS,EC tab,,ค,ยาโรงพยาบาล,ต้องอยู่ในบัญชียาของ รพ.นั้น,🔵,Infections,Antibacterial drugs,I,โรคติดเชื้อและปรสิต,,เช่นเดียวกับยา amikacin sulfate,,,บัญชียาหลักแห่งชาติ พ.ศ. 2558,http://drug.fda.moph.go.th:81/nlem.in.th/medicine/essential/list,กลุ่มนโยบายแห่งชาติด้านยา สำนักยา กระทรวงสาธารณสุข
Levofloxacin hemihydrate,,"tab (เฉพาะ 500 mg), sterile sol",,ง,ยาโรคเฉพาะทาง,ใช้กับโรคเฉพาะ ตามแนวทางการรักษา,🟣,Infections,Antibacterial drugs,I,โรคติดเชื้อและปรสิต,,ใช้รักษา multidrug-resistant tuberculosis (MDR-TB) โดยเป็น  second-line therapy,,ดูรายละเอียดเพิ่มเติมใน 5.1.6 Quinolones,บัญชียาหลักแห่งชาติ พ.ศ. 2558,http://drug.fda.moph.go.th:81/nlem.in.th/medicine/essential/list,กลุ่มนโยบายแห่งชาติด้านยา สำนักยา กระทรวงสาธารณสุข
Clofazimine,,cap,,ก,ยาจำเป็นพื้นฐาน,บัตรทอง/ประกันสังคมเบิกได้ทุกกรณี,🟢,Infections,Antibacterial drugs,I,โรคติดเชื้อและปรสิต,,,,,บัญชียาหลักแห่งชาติ พ.ศ. 2558,http://drug.fda.moph.go.th:81/nlem.in.th/medicine/essential/list,กลุ่มนโยบายแห่งชาติด้านยา สำนักยา กระทรวงสาธารณสุข
Dapsone,,tab,,ก,ยาจำเป็นพื้นฐาน,บัตรทอง/ประกันสังคมเบิกได้ทุกกรณี,🟢,Infections,Antibacterial drugs,I,โรคติดเชื้อและปรสิต,,,,,บัญชียาหลักแห่งชาติ พ.ศ. 2558,http://drug.fda.moph.go.th:81/nlem.in.th/medicine/essential/list,กลุ่มนโยบายแห่งชาติด้านยา สำนักยา กระทรวงสาธารณสุข
Fluconazole,,cap,,ก,ยาจำเป็นพื้นฐาน,บัตรทอง/ประกันสังคมเบิกได้ทุกกรณี,🟢,Infections,Antifungal drugs,I,โรคติดเชื้อและปรสิต,,"1. ใช้สำหรับ invasive fungal infection บางชนิด
2. ใช้สำหรับ dermatomycoses",,,บัญชียาหลักแห่งชาติ พ.ศ. 2558,http://drug.fda.moph.go.th:81/nlem.in.th/medicine/essential/list,กลุ่มนโยบายแห่งชาติด้านยา สำนักยา กระทรวงสาธารณสุข
Griseofulvin,,tab,,ก,ยาจำเป็นพื้นฐาน,บัตรทอง/ประกันสังคมเบิกได้ทุกกรณี,🟢,Infections,Antifungal drugs,I,โรคติดเชื้อและปรสิต,,,,,บัญชียาหลักแห่งชาติ พ.ศ. 2558,http://drug.fda.moph.go.th:81/nlem.in.th/medicine/essential/list,กลุ่มนโยบายแห่งชาติด้านยา สำนักยา กระทรวงสาธารณสุข
Ketoconazole,,tab,,ก,ยาจำเป็นพื้นฐาน,บัตรทอง/ประกันสังคมเบิกได้ทุกกรณี,🟢,Infections,Antifungal drugs,I,โรคติดเชื้อและปรสิต,,,,,บัญชียาหลักแห่งชาติ พ.ศ. 2558,http://drug.fda.moph.go.th:81/nlem.in.th/medicine/essential/list,กลุ่มนโยบายแห่งชาติด้านยา สำนักยา กระทรวงสาธารณสุข
Nystatin,,oral susp,,ก,ยาจำเป็นพื้นฐาน,บัตรทอง/ประกันสังคมเบิกได้ทุกกรณี,🟢,Infections,Antifungal drugs,I,โรคติดเชื้อและปรสิต,,,,,บัญชียาหลักแห่งชาติ พ.ศ. 2558,http://drug.fda.moph.go.th:81/nlem.in.th/medicine/essential/list,กลุ่มนโยบายแห่งชาติด้านยา สำนักยา กระทรวงสาธารณสุข
Saturated solution of potassium iodide,SSKI,sol (hosp),,ก,ยาจำเป็นพื้นฐาน,บัตรทอง/ประกันสังคมเบิกได้ทุกกรณี,🟢,Infections,Antifungal drugs,I,โรคติดเชื้อและปรสิต,,,,,บัญชียาหลักแห่งชาติ พ.ศ. 2558,http://drug.fda.moph.go.th:81/nlem.in.th/medicine/essential/list,กลุ่มนโยบายแห่งชาติด้านยา สำนักยา กระทรวงสาธารณสุข
Itraconazole,,cap,,ค,ยาโรงพยาบาล,ต้องอยู่ในบัญชียาของ รพ.นั้น,🔵,Infections,Antifungal drugs,I,โรคติดเชื้อและปรสิต,,"ใช้สำหรับโรคติดเชื้อ Penicillosis marneffei, cryptococcosis, vaginal candidiasis และ dermatomycoses",,,บัญชียาหลักแห่งชาติ พ.ศ. 2558,http://drug.fda.moph.go.th:81/nlem.in.th/medicine/essential/list,กลุ่มนโยบายแห่งชาติด้านยา สำนักยา กระทรวงสาธารณสุข
Amphotericin B,,sterile pwdr (เฉพาะ conventional formulations),,ค,ยาโรงพยาบาล,ต้องอยู่ในบัญชียาของ รพ.นั้น,🔵,Infections,Antifungal drugs,I,โรคติดเชื้อและปรสิต,,ใช้สำหรับการรักษา invasive fungal infections,,,บัญชียาหลักแห่งชาติ พ.ศ. 2558,http://drug.fda.moph.go.th:81/nlem.in.th/medicine/essential/list,กลุ่มนโยบายแห่งชาติด้านยา สำนักยา กระทรวงสาธารณสุข
Fluconazole,,sterile sol,,ค,ยาโรงพยาบาล,ต้องอยู่ในบัญชียาของ รพ.นั้น,🔵,Infections,Antifungal drugs,I,โรคติดเชื้อและปรสิต,,ใช้เป็นยาแทน (alternative drug) ของ amphotericin B ในการรักษา cryptococcosis หรือ candidiasis เมื่อผู้ป่วยไม่สามารถใช้ amphotericin B ได้,,,บัญชียาหลักแห่งชาติ พ.ศ. 2558,http://drug.fda.moph.go.th:81/nlem.in.th/medicine/essential/list,กลุ่มนโยบายแห่งชาติด้านยา สำนักยา กระทรวงสาธารณสุข
Itraconazole,,oral sol,,ง,ยาโรคเฉพาะทาง,ใช้กับโรคเฉพาะ ตามแนวทางการรักษา,🟣,Infections,Antifungal drugs,I,โรคติดเชื้อและปรสิต,,"1. ใช้กับผู้ป่วยที่รับประทานยาแคปซูลไม่ได้  
2.เป็นยาแทน (alternative drug) สำหรับ invasive fungal infection",,,บัญชียาหลักแห่งชาติ พ.ศ. 2558,http://drug.fda.moph.go.th:81/nlem.in.th/medicine/essential/list,กลุ่มนโยบายแห่งชาติด้านยา สำนักยา กระทรวงสาธารณสุข
Liposomal amphotericin B,,sterile pwdr,,จ(2),ยาพิเศษ,ต้องขออนุมัติ + เงื่อนไขพิเศษ,🔴,Infections,Antifungal drugs,I,โรคติดเชื้อและปรสิต,,ใช้รักษา invasive fungal infections (ยกเว้น aspergillosis) ในผู้ป่วยที่ไม่สามารถทนต่อยา conventional amphotericin B โดยมีแนวทางกำกับการใช้ยาเป็นไปตามรายละเอียดในภาคผนวก 3,,"ราคายา Liposomal amphotericin B ขนาด 50 mg ที่ต่อรองได้ ขวดละไม่เกิน 6,650.00 บาท (ราคารวมภาษีมูลค่าเพิ่ม) กำหนดยืนราคา 730 วัน นับจากวันถัดจากวันประกาศในราชกิจจานุเบกษา เงื่อนไขและรายละเอียดอื่นๆ ให้ดูตามแบบเสนอยาในเว็บไซต์ www.nlem.in.th",บัญชียาหลักแห่งชาติ พ.ศ. 2558,http://drug.fda.moph.go.th:81/nlem.in.th/medicine/essential/list,กลุ่มนโยบายแห่งชาติด้านยา สำนักยา กระทรวงสาธารณสุข
Voriconazole,,"tab, sterile pwdr",,จ(2),ยาพิเศษ,ต้องขออนุมัติ + เงื่อนไขพิเศษ,🔴,Infections,Antifungal drugs,I,โรคติดเชื้อและปรสิต,,ใช้รักษา invasive aspergillosis โดยมีแนวทางกำกับการใช้ยาเป็นไปตามรายละเอียดในภาคผนวก 3,,"1. ราคายา Voriconazole ขนาด 50 mg ที่ต่อรองได้ เม็ดละไม่เกิน 356.67 บาท (ราคารวมภาษีมูลค่าเพิ่ม) 
2. ราคายา Voriconazole ขนาด 200 mg ที่ต่อรองได้ เม็ดละไม่เกิน 1,391.00 บาท (ราคารวมภาษีมูลค่าเพิ่ม)
3. ราคายา Voriconazole ขนาด 200 mg ที่ต่อรองได้ ขวดละไม่เกิน 4,199.75 บาท (ราคารวมภาษีมูลค่าเพิ่ม)ราคายาลำดับที่ 1-3 กำหนดยืนราคา 730 วัน  นับจากวันถัดจากวันประกาศในราชกิจจานุเบกษา เงื่อนไขและรายละเอียดอื่นๆ ให้ดูตามแบบเสนอยาในเว็บไซต์ www.nlem.in.th",บัญชียาหลักแห่งชาติ พ.ศ. 2558,http://drug.fda.moph.go.th:81/nlem.in.th/medicine/essential/list,กลุ่มนโยบายแห่งชาติด้านยา สำนักยา กระทรวงสาธารณสุข
Aciclovir,Acyclovir,"oral susp, oral susp (hosp)",,ก,ยาจำเป็นพื้นฐาน,บัตรทอง/ประกันสังคมเบิกได้ทุกกรณี,🟢,Infections,Antiviral drugs,I,โรคติดเชื้อและปรสิต,,ใช้สำหรับการติดเชื้อ varicella-zoster และ herpes simplex ในผู้ป่วยเด็กที่มีภูมิคุ้มกันบกพร่อง,,,บัญชียาหลักแห่งชาติ พ.ศ. 2558,http://drug.fda.moph.go.th:81/nlem.in.th/medicine/essential/list,กลุ่มนโยบายแห่งชาติด้านยา สำนักยา กระทรวงสาธารณสุข
Aciclovir,Acyclovir,tab,,ก,ยาจำเป็นพื้นฐาน,บัตรทอง/ประกันสังคมเบิกได้ทุกกรณี,🟢,Infections,Antiviral drugs,I,โรคติดเชื้อและปรสิต,,"1. ใช้สำหรับการติดเชื้อ varicella - zoster และ herpes simplex ในผู้ป่วยที่มีภูมิคุ้มกันบกพร่อง
2. ใช้สำหรับการติดเชื้อ herpes zoster ในผู้ป่วยที่มีภูมิคุ้มกันปกติยกเว้นอีสุกอีใส (chicken pox) ในเด็ก
3. ใช้รักษาและควบคุม recurrent herpes simplex infection ที่รุนแรงในผู้ป่วยที่มีภูมิคุ้มกันปกติ",,,บัญชียาหลักแห่งชาติ พ.ศ. 2558,http://drug.fda.moph.go.th:81/nlem.in.th/medicine/essential/list,กลุ่มนโยบายแห่งชาติด้านยา สำนักยา กระทรวงสาธารณสุข
Aciclovir sodium,Acyclovir sodium,"sterile pwdr, sterile sol",,ค,ยาโรงพยาบาล,ต้องอยู่ในบัญชียาของ รพ.นั้น,🔵,Infections,Antiviral drugs,I,โรคติดเชื้อและปรสิต,,"1.ใช้สำหรับการติดเชื้อ varicella - zoster และ  herpes simplex  ในผู้ป่วยที่มีภูมิคุ้มกันบกพร่อง  
2.ใช้สำหรับ herpetic encephalitis และ herpes ophthalmitis  
3.ใช้กับทารกแรกเกิดที่มารดาป่วยเป็นโรคไข้อีสุกอีใสในช่วง 5 วันก่อนคลอดและในช่วง 2 วันหลังคลอด เพื่อป้องกันโรคอีสุกอีใสในเด็กแรกเกิด (neonatal varicella)
4.ใช้ในกรณีพิเศษตามคำแนะนำของแพทย์ผู้เชี่ยวชาญด้านโรคติดเชื้อ",,,บัญชียาหลักแห่งชาติ พ.ศ. 2558,http://drug.fda.moph.go.th:81/nlem.in.th/medicine/essential/list,กลุ่มนโยบายแห่งชาติด้านยา สำนักยา กระทรวงสาธารณสุข
Ganciclovir sodium,,sterile pwdr,,ง,ยาโรคเฉพาะทาง,ใช้กับโรคเฉพาะ ตามแนวทางการรักษา,🟣,Infections,Antiviral drugs,I,โรคติดเชื้อและปรสิต,,"1.ใช้สำหรับการติดเชื้อ cytomegalovirus (CMV)
2.ใช้กรณีพิเศษตามคำแนะนำของแพทย์ผู้เชี่ยวชาญด้านโรคติดเชื้อ",,,บัญชียาหลักแห่งชาติ พ.ศ. 2558,http://drug.fda.moph.go.th:81/nlem.in.th/medicine/essential/list,กลุ่มนโยบายแห่งชาติด้านยา สำนักยา กระทรวงสาธารณสุข
Oseltamivir phosphate,,"cap, dry syr",,จ(1),ยาราคาแพง/ยาใหม่,ต้องขออนุมัติก่อนใช้,🟠,Infections,Antiviral drugs,I,โรคติดเชื้อและปรสิต,,ใช้สำหรับการดำเนินงานตามแผนยุทธศาสตร์ป้องกัน แก้ไข และเตรียมพร้อมรับปัญหาโรคไข้หวัดนก และการระบาดใหญ่ของโรคไข้หวัดใหญ่ของประเทศ,,,บัญชียาหลักแห่งชาติ พ.ศ. 2558,http://drug.fda.moph.go.th:81/nlem.in.th/medicine/essential/list,กลุ่มนโยบายแห่งชาติด้านยา สำนักยา กระทรวงสาธารณสุข
Atazanavir sulfate,,cap,,จ(1),ยาราคาแพง/ยาใหม่,ต้องขออนุมัติก่อนใช้,🟠,Infections,Antiviral drugs,I,โรคติดเชื้อและปรสิต,,,,,บัญชียาหลักแห่งชาติ พ.ศ. 2558,http://drug.fda.moph.go.th:81/nlem.in.th/medicine/essential/list,กลุ่มนโยบายแห่งชาติด้านยา สำนักยา กระทรวงสาธารณสุข
Didanosine,ddI,"tab, oral pwdr",,จ(1),ยาราคาแพง/ยาใหม่,ต้องขออนุมัติก่อนใช้,🟠,Infections,Antiviral drugs,I,โรคติดเชื้อและปรสิต,,,,,บัญชียาหลักแห่งชาติ พ.ศ. 2558,http://drug.fda.moph.go.th:81/nlem.in.th/medicine/essential/list,กลุ่มนโยบายแห่งชาติด้านยา สำนักยา กระทรวงสาธารณสุข
Efavirenz,,"cap, tab",,จ(1),ยาราคาแพง/ยาใหม่,ต้องขออนุมัติก่อนใช้,🟠,Infections,Antiviral drugs,I,โรคติดเชื้อและปรสิต,,,,,บัญชียาหลักแห่งชาติ พ.ศ. 2558,http://drug.fda.moph.go.th:81/nlem.in.th/medicine/essential/list,กลุ่มนโยบายแห่งชาติด้านยา สำนักยา กระทรวงสาธารณสุข
Indinavir sulfate,,cap,,จ(1),ยาราคาแพง/ยาใหม่,ต้องขออนุมัติก่อนใช้,🟠,Infections,Antiviral drugs,I,โรคติดเชื้อและปรสิต,,,,,บัญชียาหลักแห่งชาติ พ.ศ. 2558,http://drug.fda.moph.go.th:81/nlem.in.th/medicine/essential/list,กลุ่มนโยบายแห่งชาติด้านยา สำนักยา กระทรวงสาธารณสุข
Lamivudine,3TC,"tab (เฉพาะ 100, 150 mg), syr",,จ(1),ยาราคาแพง/ยาใหม่,ต้องขออนุมัติก่อนใช้,🟠,Infections,Antiviral drugs,I,โรคติดเชื้อและปรสิต,,,,,บัญชียาหลักแห่งชาติ พ.ศ. 2558,http://drug.fda.moph.go.th:81/nlem.in.th/medicine/essential/list,กลุ่มนโยบายแห่งชาติด้านยา สำนักยา กระทรวงสาธารณสุข
Lamivudine + Stavudine + Nevirapine,,tab (เฉพาะ 150+30+200 mg),,จ(1),ยาราคาแพง/ยาใหม่,ต้องขออนุมัติก่อนใช้,🟠,Infections,Antiviral drugs,I,โรคติดเชื้อและปรสิต,,,,,บัญชียาหลักแห่งชาติ พ.ศ. 2558,http://drug.fda.moph.go.th:81/nlem.in.th/medicine/essential/list,กลุ่มนโยบายแห่งชาติด้านยา สำนักยา กระทรวงสาธารณสุข
Lopinavir + Ritonavir,,"tab, oral sol",,จ(1),ยาราคาแพง/ยาใหม่,ต้องขออนุมัติก่อนใช้,🟠,Infections,Antiviral drugs,I,โรคติดเชื้อและปรสิต,,,,,บัญชียาหลักแห่งชาติ พ.ศ. 2558,http://drug.fda.moph.go.th:81/nlem.in.th/medicine/essential/list,กลุ่มนโยบายแห่งชาติด้านยา สำนักยา กระทรวงสาธารณสุข
Nelfinavir mesilate,,"tab, dry syr",,จ(1),ยาราคาแพง/ยาใหม่,ต้องขออนุมัติก่อนใช้,🟠,Infections,Antiviral drugs,I,โรคติดเชื้อและปรสิต,,,,,บัญชียาหลักแห่งชาติ พ.ศ. 2558,http://drug.fda.moph.go.th:81/nlem.in.th/medicine/essential/list,กลุ่มนโยบายแห่งชาติด้านยา สำนักยา กระทรวงสาธารณสุข
Nevirapine,,"tab, susp",,จ(1),ยาราคาแพง/ยาใหม่,ต้องขออนุมัติก่อนใช้,🟠,Infections,Antiviral drugs,I,โรคติดเชื้อและปรสิต,,,,,บัญชียาหลักแห่งชาติ พ.ศ. 2558,http://drug.fda.moph.go.th:81/nlem.in.th/medicine/essential/list,กลุ่มนโยบายแห่งชาติด้านยา สำนักยา กระทรวงสาธารณสุข
Ritonavir,,"cap, oral sol",,จ(1),ยาราคาแพง/ยาใหม่,ต้องขออนุมัติก่อนใช้,🟠,Infections,Antiviral drugs,I,โรคติดเชื้อและปรสิต,,,,,บัญชียาหลักแห่งชาติ พ.ศ. 2558,http://drug.fda.moph.go.th:81/nlem.in.th/medicine/essential/list,กลุ่มนโยบายแห่งชาติด้านยา สำนักยา กระทรวงสาธารณสุข
Saquinavir,,cap (as base or mesilate),,จ(1),ยาราคาแพง/ยาใหม่,ต้องขออนุมัติก่อนใช้,🟠,Infections,Antiviral drugs,I,โรคติดเชื้อและปรสิต,,,,,บัญชียาหลักแห่งชาติ พ.ศ. 2558,http://drug.fda.moph.go.th:81/nlem.in.th/medicine/essential/list,กลุ่มนโยบายแห่งชาติด้านยา สำนักยา กระทรวงสาธารณสุข
Stavudine,d4T,"cap, dry syr",,จ(1),ยาราคาแพง/ยาใหม่,ต้องขออนุมัติก่อนใช้,🟠,Infections,Antiviral drugs,I,โรคติดเชื้อและปรสิต,,,,,บัญชียาหลักแห่งชาติ พ.ศ. 2558,http://drug.fda.moph.go.th:81/nlem.in.th/medicine/essential/list,กลุ่มนโยบายแห่งชาติด้านยา สำนักยา กระทรวงสาธารณสุข
Tenofovir disoproxil fumarate,,tab,,จ(1),ยาราคาแพง/ยาใหม่,ต้องขออนุมัติก่อนใช้,🟠,Infections,Antiviral drugs,I,โรคติดเชื้อและปรสิต,,,,,บัญชียาหลักแห่งชาติ พ.ศ. 2558,http://drug.fda.moph.go.th:81/nlem.in.th/medicine/essential/list,กลุ่มนโยบายแห่งชาติด้านยา สำนักยา กระทรวงสาธารณสุข
Zidovudine,AZT,"cap, oral sol",,จ(1),ยาราคาแพง/ยาใหม่,ต้องขออนุมัติก่อนใช้,🟠,Infections,Antiviral drugs,I,โรคติดเชื้อและปรสิต,,,,,บัญชียาหลักแห่งชาติ พ.ศ. 2558,http://drug.fda.moph.go.th:81/nlem.in.th/medicine/essential/list,กลุ่มนโยบายแห่งชาติด้านยา สำนักยา กระทรวงสาธารณสุข
Zidovudine + Lamivudine,AZT+3TC,tab (เฉพาะ 300+150 mg),,จ(1),ยาราคาแพง/ยาใหม่,ต้องขออนุมัติก่อนใช้,🟠,Infections,Antiviral drugs,I,โรคติดเชื้อและปรสิต,,,,,บัญชียาหลักแห่งชาติ พ.ศ. 2558,http://drug.fda.moph.go.th:81/nlem.in.th/medicine/essential/list,กลุ่มนโยบายแห่งชาติด้านยา สำนักยา กระทรวงสาธารณสุข
Zidovudine + Lamivudine + Nevirapine,,tab (เฉพาะ 250 + 150 +200 mg),,จ(1),ยาราคาแพง/ยาใหม่,ต้องขออนุมัติก่อนใช้,🟠,Infections,Antiviral drugs,I,โรคติดเชื้อและปรสิต,,,,,บัญชียาหลักแห่งชาติ พ.ศ. 2558,http://drug.fda.moph.go.th:81/nlem.in.th/medicine/essential/list,กลุ่มนโยบายแห่งชาติด้านยา สำนักยา กระทรวงสาธารณสุข
Darunavir ethanolate,DRV,tab,,จ(2),ยาพิเศษ,ต้องขออนุมัติ + เงื่อนไขพิเศษ,🔴,Infections,Antiviral drugs,I,โรคติดเชื้อและปรสิต,,ใช้เป็นยาแทน (alternative drug) ในกรณีที่ทนผลข้างเคียงของ Lopinavir + Ritonavir ไม่ได้ โดยมีแนวทางกำกับการใช้ยาเป็นไปตามรายละเอียดที่คณะอนุกรรมการด้านการพัฒนาและบริการผู้ติดเชื้อเอชไอวี/ผู้ป่วยเอดส์ ของสำนักงานหลักประกันสุขภาพแห่งชาติกำหนด,,"1. ราคายา Darunavir ethanolate (DRV) ขนาด 300 mg ที่ต่อรองได้ เม็ดละไม่เกิน 61.2575 บาท (ราคารวมภาษีมูลค่าเพิ่ม) 
2. ราคายา Darunavir ethanolate (DRV) ขนาด 600 mg ที่ต่อรองได้ เม็ดละไม่เกิน 122.515 บาท (ราคารวมภาษีมูลค่าเพิ่ม)
ราคายาลำดับที่ 1 และ 2 กำหนดยืนราคา 730 วัน  นับจากวันถัดจากวันประกาศในราชกิจจานุเบกษา เงื่อนไขและรายละเอียดอื่นๆ ให้ดูตามแบบเสนอยาในเว็บไซต์ www.nlem.in.th",บัญชียาหลักแห่งชาติ พ.ศ. 2558,http://drug.fda.moph.go.th:81/nlem.in.th/medicine/essential/list,กลุ่มนโยบายแห่งชาติด้านยา สำนักยา กระทรวงสาธารณสุข
Lamivudine,3TC,"tab (เฉพาะ 100, 150 mg)",,ง,ยาโรคเฉพาะทาง,ใช้กับโรคเฉพาะ ตามแนวทางการรักษา,🟣,Infections,Antiviral drugs,I,โรคติดเชื้อและปรสิต,,"1.  ใช้สำหรับโรคไวรัสตับอักเสบบีเรื้อรัง (chronic hepatitis B) ที่มี HBeAg positive หรือ negative โดยต้องมีระดับ Alanine aminotransferase (ALT) สูงกว่าหรือเท่ากับ 1.5 เท่าของค่าปกติ และมี HBV DNA มากกว่า 10,000 copies/ml (หรือ 2,000 IU/ml) และ/หรือมีผล liver histology แสดงว่าเป็นโรคไวรัสตับอักเสบบีเรื้อรัง
 2.  ใช้สำหรับ compensated หรือ decompensated cirrhosis ที่ตรวจพบ HBV DNA
 3.  ใช้กับผู้ป่วย HBsAg positive ที่ได้รับยาเคมีบำบัดหรือยากดภูมิคุ้มกัน
 4.  ให้ตรวจ HIV serology negative 2 ครั้ง ห่างกัน 3 เดือน และเป็นระยะตลอดเวลาการรักษา ยกเว้นในกรณีที่มีความจำเป็นเร่งด่วนต้องรักษาผู้ป่วยที่ติดเชื้อไวรัสตับอักเสบบี ให้มีผล HIV serology negative ในครั้งแรก",,"ระดับ ALT ที่ผิดปกติต้องวินิจฉัยแยกโรคอื่นๆ ที่ทำให้ ALT สูงกว่าปกติ เช่น  fatty liver, drug-induced hepatitis, autoimmune hepatitis",บัญชียาหลักแห่งชาติ พ.ศ. 2558,http://drug.fda.moph.go.th:81/nlem.in.th/medicine/essential/list,กลุ่มนโยบายแห่งชาติด้านยา สำนักยา กระทรวงสาธารณสุข
Tenofovir disoproxil fumarate,,tab,,ง,ยาโรคเฉพาะทาง,ใช้กับโรคเฉพาะ ตามแนวทางการรักษา,🟣,Infections,Antiviral drugs,I,โรคติดเชื้อและปรสิต,,"1.  ใช้สำหรับโรคไวรัสตับอักเสบบีเรื้อรังเฉพาะกรณีดังต่อไปนี้
1.1  ใช้ในกรณี rescue ในผู้ป่วยที่ดื้อต่อยาในกลุ่ม nucleoside analog (NRTI) เช่น lamivudine โดยใช้ tenofovir เป็นการรักษาเสริมและไม่ให้ใช้เป็นยาเดี่ยว
1.2  ใช้ในกรณีที่ผู้ป่วยยังมี HBV DNA มากกว่า 1,000 copies/ml (หรือ 200 IU/ml) หลังรักษาด้วยยาในกลุ่ม nucleoside analog (NRTI) เช่น lamivudine เป็นเวลา 24 สัปดาห์
2.  ให้ตรวจ HIV serology negative 2 ครั้ง ห่างกัน 3 เดือน และเป็นระยะตลอดเวลาการรักษา ยกเว้นในกรณีที่มีความจำเป็นเร่งด่วนต้องรักษาผู้ป่วยที่ติดเชื้อไวรัสตับอักเสบบี ให้มีผล HIV serology negative ในครั้งแรก",,,บัญชียาหลักแห่งชาติ พ.ศ. 2558,http://drug.fda.moph.go.th:81/nlem.in.th/medicine/essential/list,กลุ่มนโยบายแห่งชาติด้านยา สำนักยา กระทรวงสาธารณสุข
Peginterferon  alfa-2a,,sterile  sol,,จ(2),ยาพิเศษ,ต้องขออนุมัติ + เงื่อนไขพิเศษ,🔴,Infections,Antiviral drugs,I,โรคติดเชื้อและปรสิต,,"ใช้รักษาโรคไวรัสตับอักเสบซีเรื้อรัง (genotype 2, 3) โดยมีแนวทางกำกับการใช้ยาเป็นไปตามรายละเอียดในภาคผนวก 3",,"1. ราคายา Peginterferon  alfa-2a ขนาด 135 mcg (0.5 ml) ที่ต่อรองได้ syringe ละไม่เกิน 3,150.00 บาท (ราคารวมภาษีมูลค่าเพิ่ม) ซึ่งเป็นราคาที่รวมราคายา Ribavirin ไว้ด้วย กำหนดยืนราคา 730 วัน นับจากวันถัดจากวันประกาศในราชกิจจานุเบกษา เงื่อนไขและรายละเอียดอื่นๆ ให้ดูตามแบบเสนอยาในเว็บไซต์ www.nlem.in.th
 2. ราคายา Peginterferon  alfa-2a ขนาด 180 mcg (0.5 ml) ที่ต่อรองได้ syringe ละไม่เกิน 3,150.00  บาท (ราคารวมภาษีมูลค่าเพิ่ม) ซึ่งเป็นราคาที่รวมราคายา Ribavirin ไว้ด้วย กำหนดยืนราคา 730 วัน นับจากวันถัดจากวันประกาศในราชกิจจานุเบกษา เงื่อนไขและรายละเอียดอื่นๆ ให้ดูตามแบบเสนอยาในเว็บไซต์ www.nlem.in.th",บัญชียาหลักแห่งชาติ พ.ศ. 2558,http://drug.fda.moph.go.th:81/nlem.in.th/medicine/essential/list,กลุ่มนโยบายแห่งชาติด้านยา สำนักยา กระทรวงสาธารณสุข
Peginterferon  alfa-2b,,sterile pwdr,,จ(2),ยาพิเศษ,ต้องขออนุมัติ + เงื่อนไขพิเศษ,🔴,Infections,Antiviral drugs,I,โรคติดเชื้อและปรสิต,,"ใช้รักษาโรคไวรัสตับอักเสบซีเรื้อรัง (genotype 2, 3) โดยมีแนวทางกำกับการใช้ยาเป็นไปตามรายละเอียดในภาคผนวก 3",,"1. ราคายา Peginterferon  alfa-2b ขนาด 100 mcg ที่ต่อรองได้ ขวดละไม่เกิน 3,150.00 บาท (ราคารวมภาษีมูลค่าเพิ่ม) ซึ่งเป็นราคาที่รวมราคายา Ribavirin ไว้ด้วย กำหนดยืนราคา 730 วัน นับจากวันถัดจากวันประกาศในราชกิจจานุเบกษา เงื่อนไขและรายละเอียดอื่นๆ ให้ดูตามแบบเสนอยาในเว็บไซต์ www.nlem.in.th
2. ราคายา Peginterferon  alfa-2b ขนาด 100 mcg ที่ต่อรองได้ redipen ละไม่เกิน 3,150.00  บาท (ราคารวมภาษีมูลค่าเพิ่ม) ซึ่งเป็นราคาที่รวมราคายา Ribavirin ไว้ด้วย กำหนดยืนราคา 730 วัน นับจากวันถัดจากวันประกาศในราชกิจจานุเบกษา เงื่อนไขและรายละเอียดอื่นๆ ให้ดูตามแบบเสนอยาในเว็บไซต์ www.nlem.in.th",บัญชียาหลักแห่งชาติ พ.ศ. 2558,http://drug.fda.moph.go.th:81/nlem.in.th/medicine/essential/list,กลุ่มนโยบายแห่งชาติด้านยา สำนักยา กระทรวงสาธารณสุข
Ribavirin,,cap/tab  (เฉพาะ 200 mg),,จ(2),ยาพิเศษ,ต้องขออนุมัติ + เงื่อนไขพิเศษ,🔴,Infections,Antiviral drugs,I,โรคติดเชื้อและปรสิต,,"ใช้ ribavirin ร่วมกับ peginterferon alfa ชนิด 2a หรือ 2b ในการรักษาโรคไวรัสตับอักเสบซีเรื้อรัง(genotype 2, 3) โดยมีแนวทางกำกับการใช้ยาเป็นไปตามรายละเอียดในภาคผนวก 3",,ราคา ribavirin cap/tab (เฉพาะ 200 mg) ให้ดูหมายเหตุราคา Peginterferon  alfa-2a และ Peginterferon  alfa-2b ในรายการยาลำดับที่ 3 และ 4,บัญชียาหลักแห่งชาติ พ.ศ. 2558,http://drug.fda.moph.go.th:81/nlem.in.th/medicine/essential/list,กลุ่มนโยบายแห่งชาติด้านยา สำนักยา กระทรวงสาธารณสุข
Chloroquine phosphate,,tab,,ก,ยาจำเป็นพื้นฐาน,บัตรทอง/ประกันสังคมเบิกได้ทุกกรณี,🟢,Infections,Antiprotozoal drugs,I,โรคติดเชื้อและปรสิต,,,,,บัญชียาหลักแห่งชาติ พ.ศ. 2558,http://drug.fda.moph.go.th:81/nlem.in.th/medicine/essential/list,กลุ่มนโยบายแห่งชาติด้านยา สำนักยา กระทรวงสาธารณสุข
Primaquine phosphate,,tab,,ก,ยาจำเป็นพื้นฐาน,บัตรทอง/ประกันสังคมเบิกได้ทุกกรณี,🟢,Infections,Antiprotozoal drugs,I,โรคติดเชื้อและปรสิต,,,,,บัญชียาหลักแห่งชาติ พ.ศ. 2558,http://drug.fda.moph.go.th:81/nlem.in.th/medicine/essential/list,กลุ่มนโยบายแห่งชาติด้านยา สำนักยา กระทรวงสาธารณสุข
Quinine,,"compressed/film coated tab (as sulfate), sterile sol (as dihydrochloride)",,ก,ยาจำเป็นพื้นฐาน,บัตรทอง/ประกันสังคมเบิกได้ทุกกรณี,🟢,Infections,Antiprotozoal drugs,I,โรคติดเชื้อและปรสิต,,,,,บัญชียาหลักแห่งชาติ พ.ศ. 2558,http://drug.fda.moph.go.th:81/nlem.in.th/medicine/essential/list,กลุ่มนโยบายแห่งชาติด้านยา สำนักยา กระทรวงสาธารณสุข
Artesunate,,"tab (ไม่รวม lactab และ rectocap), sterile pwdr",,ค,ยาโรงพยาบาล,ต้องอยู่ในบัญชียาของ รพ.นั้น,🔵,Infections,Antiprotozoal drugs,I,โรคติดเชื้อและปรสิต,,"1.ใช้รักษามาลาเรียตามข้อกำหนดในแนวทางการบำบัดรักษาหรือการใช้ยาฉบับปัจจุบันของกรมควบคุมโรค กระทรวงสาธารณสุข
2.ห้ามใช้ในการป้องกัน",,ในกรณีใช้ยานี้ในพื้นที่ที่มีการระบาดของมาลาเรีย ให้โรงพยาบาลรัฐแจ้งสำนักควบคุมโรคนำโดยแมลง กรมควบคุมโรค,บัญชียาหลักแห่งชาติ พ.ศ. 2558,http://drug.fda.moph.go.th:81/nlem.in.th/medicine/essential/list,กลุ่มนโยบายแห่งชาติด้านยา สำนักยา กระทรวงสาธารณสุข
Mefloquine hydrochloride,,tab,,ค,ยาโรงพยาบาล,ต้องอยู่ในบัญชียาของ รพ.นั้น,🔵,Infections,Antiprotozoal drugs,I,โรคติดเชื้อและปรสิต,,เช่นเดียวกับ artesunate,,,บัญชียาหลักแห่งชาติ พ.ศ. 2558,http://drug.fda.moph.go.th:81/nlem.in.th/medicine/essential/list,กลุ่มนโยบายแห่งชาติด้านยา สำนักยา กระทรวงสาธารณสุข
Metronidazole,,"cap/tab (as base), susp (as benzoate), sterile sol (as base)",,ก,ยาจำเป็นพื้นฐาน,บัตรทอง/ประกันสังคมเบิกได้ทุกกรณี,🟢,Infections,Antiprotozoal drugs,I,โรคติดเชื้อและปรสิต,,"ใช้สำหรับ amebiasis, giardiasis และ urogenital trichomoniasis",,,บัญชียาหลักแห่งชาติ พ.ศ. 2558,http://drug.fda.moph.go.th:81/nlem.in.th/medicine/essential/list,กลุ่มนโยบายแห่งชาติด้านยา สำนักยา กระทรวงสาธารณสุข
Pyrimethamine,,tab,,ก,ยาจำเป็นพื้นฐาน,บัตรทอง/ประกันสังคมเบิกได้ทุกกรณี,🟢,Infections,Antiprotozoal drugs,I,โรคติดเชื้อและปรสิต,,ใช้สำหรับโรคติดเชื้อ Toxoplasma โดยเฉพาะผู้ป่วยที่มีภูมิคุ้มกันบกพร่อง และผู้ป่วยเอดส์,,,บัญชียาหลักแห่งชาติ พ.ศ. 2558,http://drug.fda.moph.go.th:81/nlem.in.th/medicine/essential/list,กลุ่มนโยบายแห่งชาติด้านยา สำนักยา กระทรวงสาธารณสุข
Pentamidine isetionate,Pentamidine isethionate,sterile pwdr,,ง,ยาโรคเฉพาะทาง,ใช้กับโรคเฉพาะ ตามแนวทางการรักษา,🟣,Infections,Antiprotozoal drugs,I,โรคติดเชื้อและปรสิต,,ใช้สำหรับป้องกันหรือรักษาปอดอักเสบที่เกิดจาก Pneumocystis jirovecii    ที่ดื้อต่อยา co-trimoxazole หรือ trimethoprim,,,บัญชียาหลักแห่งชาติ พ.ศ. 2558,http://drug.fda.moph.go.th:81/nlem.in.th/medicine/essential/list,กลุ่มนโยบายแห่งชาติด้านยา สำนักยา กระทรวงสาธารณสุข
Albendazole,,"tab, susp",,ก,ยาจำเป็นพื้นฐาน,บัตรทอง/ประกันสังคมเบิกได้ทุกกรณี,🟢,Infections,Anthelmintics,I,โรคติดเชื้อและปรสิต,,,,,บัญชียาหลักแห่งชาติ พ.ศ. 2558,http://drug.fda.moph.go.th:81/nlem.in.th/medicine/essential/list,กลุ่มนโยบายแห่งชาติด้านยา สำนักยา กระทรวงสาธารณสุข
Diethylcarbamazine citrate,,tab,,ก,ยาจำเป็นพื้นฐาน,บัตรทอง/ประกันสังคมเบิกได้ทุกกรณี,🟢,Infections,Anthelmintics,I,โรคติดเชื้อและปรสิต,,,,,บัญชียาหลักแห่งชาติ พ.ศ. 2558,http://drug.fda.moph.go.th:81/nlem.in.th/medicine/essential/list,กลุ่มนโยบายแห่งชาติด้านยา สำนักยา กระทรวงสาธารณสุข
Mebendazole,,"tab, susp, susp (hosp)",,ก,ยาจำเป็นพื้นฐาน,บัตรทอง/ประกันสังคมเบิกได้ทุกกรณี,🟢,Infections,Anthelmintics,I,โรคติดเชื้อและปรสิต,,,,,บัญชียาหลักแห่งชาติ พ.ศ. 2558,http://drug.fda.moph.go.th:81/nlem.in.th/medicine/essential/list,กลุ่มนโยบายแห่งชาติด้านยา สำนักยา กระทรวงสาธารณสุข
Niclosamide,,tab,,ก,ยาจำเป็นพื้นฐาน,บัตรทอง/ประกันสังคมเบิกได้ทุกกรณี,🟢,Infections,Anthelmintics,I,โรคติดเชื้อและปรสิต,,,,,บัญชียาหลักแห่งชาติ พ.ศ. 2558,http://drug.fda.moph.go.th:81/nlem.in.th/medicine/essential/list,กลุ่มนโยบายแห่งชาติด้านยา สำนักยา กระทรวงสาธารณสุข
Praziquantel,,tab,,ก,ยาจำเป็นพื้นฐาน,บัตรทอง/ประกันสังคมเบิกได้ทุกกรณี,🟢,Infections,Anthelmintics,I,โรคติดเชื้อและปรสิต,,,,,บัญชียาหลักแห่งชาติ พ.ศ. 2558,http://drug.fda.moph.go.th:81/nlem.in.th/medicine/essential/list,กลุ่มนโยบายแห่งชาติด้านยา สำนักยา กระทรวงสาธารณสุข
Pyrantel embonate,Pyrantel pamoate,"tab, susp",,ก,ยาจำเป็นพื้นฐาน,บัตรทอง/ประกันสังคมเบิกได้ทุกกรณี,🟢,Infections,Anthelmintics,I,โรคติดเชื้อและปรสิต,,,,,บัญชียาหลักแห่งชาติ พ.ศ. 2558,http://drug.fda.moph.go.th:81/nlem.in.th/medicine/essential/list,กลุ่มนโยบายแห่งชาติด้านยา สำนักยา กระทรวงสาธารณสุข
Ivermectin,,tab,,ข,ยาที่ใช้ได้ตามเงื่อนไข,เบิกได้บางกรณี ตามเงื่อนไขที่กำหนด,🟡,Infections,Anthelmintics,I,โรคติดเชื้อและปรสิต,,,,,บัญชียาหลักแห่งชาติ พ.ศ. 2558,http://drug.fda.moph.go.th:81/nlem.in.th/medicine/essential/list,กลุ่มนโยบายแห่งชาติด้านยา สำนักยา กระทรวงสาธารณสุข
Chlorhexidine gluconate,,"sol (aqueous), sol (เฉพาะ 2% ,  4% และ 5%) , sol/sol (hosp)(เฉพาะ 2% , 4% in 70% alcohol)",,ก,ยาจำเป็นพื้นฐาน,บัตรทอง/ประกันสังคมเบิกได้ทุกกรณี,🟢,Infections,Antiseptics,I,โรคติดเชื้อและปรสิต,,,,ChlorhexIdine gluconate 5% เป็นชนิดเข้มข้นที่ใช้เตรียม Chlorhexidine แบบ freshly prepared,บัญชียาหลักแห่งชาติ พ.ศ. 2558,http://drug.fda.moph.go.th:81/nlem.in.th/medicine/essential/list,กลุ่มนโยบายแห่งชาติด้านยา สำนักยา กระทรวงสาธารณสุข
Ethyl alcohol,,"sol, sol (hosp), gel (hosp)",,ก,ยาจำเป็นพื้นฐาน,บัตรทอง/ประกันสังคมเบิกได้ทุกกรณี,🟢,Infections,Antiseptics,I,โรคติดเชื้อและปรสิต,,,,,บัญชียาหลักแห่งชาติ พ.ศ. 2558,http://drug.fda.moph.go.th:81/nlem.in.th/medicine/essential/list,กลุ่มนโยบายแห่งชาติด้านยา สำนักยา กระทรวงสาธารณสุข
Gentian violet,,sol (paint),,ก,ยาจำเป็นพื้นฐาน,บัตรทอง/ประกันสังคมเบิกได้ทุกกรณี,🟢,Infections,Antiseptics,I,โรคติดเชื้อและปรสิต,,,,,บัญชียาหลักแห่งชาติ พ.ศ. 2558,http://drug.fda.moph.go.th:81/nlem.in.th/medicine/essential/list,กลุ่มนโยบายแห่งชาติด้านยา สำนักยา กระทรวงสาธารณสุข
Hydrogen peroxide,,sol,,ก,ยาจำเป็นพื้นฐาน,บัตรทอง/ประกันสังคมเบิกได้ทุกกรณี,🟢,Infections,Antiseptics,I,โรคติดเชื้อและปรสิต,,,,,บัญชียาหลักแห่งชาติ พ.ศ. 2558,http://drug.fda.moph.go.th:81/nlem.in.th/medicine/essential/list,กลุ่มนโยบายแห่งชาติด้านยา สำนักยา กระทรวงสาธารณสุข
Potassium permanganate,,pwdr (hosp),,ก,ยาจำเป็นพื้นฐาน,บัตรทอง/ประกันสังคมเบิกได้ทุกกรณี,🟢,Infections,Antiseptics,I,โรคติดเชื้อและปรสิต,,,,,บัญชียาหลักแห่งชาติ พ.ศ. 2558,http://drug.fda.moph.go.th:81/nlem.in.th/medicine/essential/list,กลุ่มนโยบายแห่งชาติด้านยา สำนักยา กระทรวงสาธารณสุข
Povidone-iodine,,"sol, sol (hosp)",,ก,ยาจำเป็นพื้นฐาน,บัตรทอง/ประกันสังคมเบิกได้ทุกกรณี,🟢,Infections,Antiseptics,I,โรคติดเชื้อและปรสิต,,,,,บัญชียาหลักแห่งชาติ พ.ศ. 2558,http://drug.fda.moph.go.th:81/nlem.in.th/medicine/essential/list,กลุ่มนโยบายแห่งชาติด้านยา สำนักยา กระทรวงสาธารณสุข
Tincture of iodine,Iodine in alcohol,"sol, sol (hosp)",,ก,ยาจำเป็นพื้นฐาน,บัตรทอง/ประกันสังคมเบิกได้ทุกกรณี,🟢,Infections,Antiseptics,I,โรคติดเชื้อและปรสิต,,,,,บัญชียาหลักแห่งชาติ พ.ศ. 2558,http://drug.fda.moph.go.th:81/nlem.in.th/medicine/essential/list,กลุ่มนโยบายแห่งชาติด้านยา สำนักยา กระทรวงสาธารณสุข
Biphasic isophane insulin,Soluble insulin + Isophane insulin,sterile susp,,ก,ยาจำเป็นพื้นฐาน,บัตรทอง/ประกันสังคมเบิกได้ทุกกรณี,🟢,Endocrine system,Drugs used in diabetes,IV,โรคต่อมไร้ท่อ โภชนาการ และเมตาบอลิซึม,,,,,บัญชียาหลักแห่งชาติ พ.ศ. 2558,http://drug.fda.moph.go.th:81/nlem.in.th/medicine/essential/list,กลุ่มนโยบายแห่งชาติด้านยา สำนักยา กระทรวงสาธารณสุข
Isophane insulin,NPH; Isophane protamine insulin,sterile susp,,ก,ยาจำเป็นพื้นฐาน,บัตรทอง/ประกันสังคมเบิกได้ทุกกรณี,🟢,Endocrine system,Drugs used in diabetes,IV,โรคต่อมไร้ท่อ โภชนาการ และเมตาบอลิซึม,,,,,บัญชียาหลักแห่งชาติ พ.ศ. 2558,http://drug.fda.moph.go.th:81/nlem.in.th/medicine/essential/list,กลุ่มนโยบายแห่งชาติด้านยา สำนักยา กระทรวงสาธารณสุข
Soluble insulin,Neutral insulin; insulin injection,sterile sol,,ก,ยาจำเป็นพื้นฐาน,บัตรทอง/ประกันสังคมเบิกได้ทุกกรณี,🟢,Endocrine system,Drugs used in diabetes,IV,โรคต่อมไร้ท่อ โภชนาการ และเมตาบอลิซึม,,,,,บัญชียาหลักแห่งชาติ พ.ศ. 2558,http://drug.fda.moph.go.th:81/nlem.in.th/medicine/essential/list,กลุ่มนโยบายแห่งชาติด้านยา สำนักยา กระทรวงสาธารณสุข
Insulin aspart,,sterile sol,,ง,ยาโรคเฉพาะทาง,ใช้กับโรคเฉพาะ ตามแนวทางการรักษา,🟣,Endocrine system,Drugs used in diabetes,IV,โรคต่อมไร้ท่อ โภชนาการ และเมตาบอลิซึม,,"1. ใช้เฉพาะผู้ป่วยที่เกิด hypoglycemia  บ่อยเมื่อใช้ conventional insulin 
2. ใช้สำหรับควบคุมภาวะ postprandial hyperglycemia",,ราคายา Insulin aspart ขนาด 300 IU (3 ml) ที่ต่อรองได้ cartridge ละไม่เกิน 181.90 บาท (ราคารวมภาษีมูลค่าเพิ่ม) และ pre-filled pen ละไม่เกิน 363.80 บาท (ราคารวมภาษีมูลค่าเพิ่ม) กำหนดยืนราคา 730 วัน  นับจากวันถัดจากวันประกาศในราชกิจจานุเบกษา เงื่อนไขและรายละเอียดอื่นๆ ให้ดูตามแบบเสนอยาในเว็บไซต์ www.nlem.in.th,บัญชียาหลักแห่งชาติ พ.ศ. 2558,http://drug.fda.moph.go.th:81/nlem.in.th/medicine/essential/list,กลุ่มนโยบายแห่งชาติด้านยา สำนักยา กระทรวงสาธารณสุข
Insulin aspart + insulin aspart protamine,,sterile susp,,ง,ยาโรคเฉพาะทาง,ใช้กับโรคเฉพาะ ตามแนวทางการรักษา,🟣,Endocrine system,Drugs used in diabetes,IV,โรคต่อมไร้ท่อ โภชนาการ และเมตาบอลิซึม,,เช่นเดียวกับ Insulin aspart,,ราคายา Insulin aspart + insulin aspart protamine (30/70) ขนาด 300 IU (3 ml) ที่ต่อรองได้ cartridge ละไม่เกิน 181.90 บาท (ราคารวมภาษีมูลค่าเพิ่ม) และ pre-filled pen ละไม่เกิน 363.80 บาท (ราคารวมภาษีมูลค่าเพิ่ม) กำหนดยืนราคา 730 วัน  นับจากวันถัดจากวันประกาศในราชกิจจานุเบกษา เงื่อนไขและรายละเอียดอื่นๆ ให้ดูตามแบบเสนอยาในเว็บไซต์ www.nlem.in.th,บัญชียาหลักแห่งชาติ พ.ศ. 2558,http://drug.fda.moph.go.th:81/nlem.in.th/medicine/essential/list,กลุ่มนโยบายแห่งชาติด้านยา สำนักยา กระทรวงสาธารณสุข
Insulin glargine,,sterile sol,,ง,ยาโรคเฉพาะทาง,ใช้กับโรคเฉพาะ ตามแนวทางการรักษา,🟣,Endocrine system,Drugs used in diabetes,IV,โรคต่อมไร้ท่อ โภชนาการ และเมตาบอลิซึม,ผู้ป่วยควรตรวจระดับน้ำตาลในเลือดด้วยตนเองอย่างสม่ำเสมอ เพื่อให้การใช้ยา insulin glargine เกิดประโยชน์สูงสุด,ใช้เฉพาะผู้ป่วยโรคเบาหวานชนิดที่ 1 ที่ใช้ multiple daily insulin injections สูตรที่ฉีด NPH insulin ก่อนนอน แล้วมีภาวะน้ำตาลต่ำในเลือดอย่างรุนแรง หรือน้ำตาลต่ำในเลือดช่วงกลางคืน (nocturnal hypoglycemia) บ่อยครั้ง จนรบกวนการดำเนินชีวิตตามปกติ,,multiple daily insulin injections หมายถึง การฉีดอินซูลินวันละหลายครั้งตามมื้ออาหารและก่อนนอน,บัญชียาหลักแห่งชาติ พ.ศ. 2558,http://drug.fda.moph.go.th:81/nlem.in.th/medicine/essential/list,กลุ่มนโยบายแห่งชาติด้านยา สำนักยา กระทรวงสาธารณสุข
Glibenclamide,,"tab (เฉพาะ 2.5, 5 mg)",,ก,ยาจำเป็นพื้นฐาน,บัตรทอง/ประกันสังคมเบิกได้ทุกกรณี,🟢,Endocrine system,Drugs used in diabetes,IV,โรคต่อมไร้ท่อ โภชนาการ และเมตาบอลิซึม,,,พึงระมัดระวังในผู้ป่วยสูงอายุหรือผู้ป่วยที่มีการทำงานของไตบกพร่อง,,บัญชียาหลักแห่งชาติ พ.ศ. 2558,http://drug.fda.moph.go.th:81/nlem.in.th/medicine/essential/list,กลุ่มนโยบายแห่งชาติด้านยา สำนักยา กระทรวงสาธารณสุข
Glipizide,,tab,,ก,ยาจำเป็นพื้นฐาน,บัตรทอง/ประกันสังคมเบิกได้ทุกกรณี,🟢,Endocrine system,Drugs used in diabetes,IV,โรคต่อมไร้ท่อ โภชนาการ และเมตาบอลิซึม,,,,,บัญชียาหลักแห่งชาติ พ.ศ. 2558,http://drug.fda.moph.go.th:81/nlem.in.th/medicine/essential/list,กลุ่มนโยบายแห่งชาติด้านยา สำนักยา กระทรวงสาธารณสุข
Metformin hydrochloride,,tab,,ก,ยาจำเป็นพื้นฐาน,บัตรทอง/ประกันสังคมเบิกได้ทุกกรณี,🟢,Endocrine system,Drugs used in diabetes,IV,โรคต่อมไร้ท่อ โภชนาการ และเมตาบอลิซึม,,,,,บัญชียาหลักแห่งชาติ พ.ศ. 2558,http://drug.fda.moph.go.th:81/nlem.in.th/medicine/essential/list,กลุ่มนโยบายแห่งชาติด้านยา สำนักยา กระทรวงสาธารณสุข
Acarbose,,tab,,ค,ยาโรงพยาบาล,ต้องอยู่ในบัญชียาของ รพ.นั้น,🔵,Endocrine system,Drugs used in diabetes,IV,โรคต่อมไร้ท่อ โภชนาการ และเมตาบอลิซึม,,ใช้สำหรับผู้ป่วยเบาหวานบางรายที่มีระดับน้ำตาลในเลือดหลังอาหารสูง,,การใช้ยาให้ได้ผลควรรับประทานพร้อมอาหารคำแรก,บัญชียาหลักแห่งชาติ พ.ศ. 2558,http://drug.fda.moph.go.th:81/nlem.in.th/medicine/essential/list,กลุ่มนโยบายแห่งชาติด้านยา สำนักยา กระทรวงสาธารณสุข
Pioglitazone hydrochloride,,"tab (เฉพาะ 15, 30 mg)",,ง,ยาโรคเฉพาะทาง,ใช้กับโรคเฉพาะ ตามแนวทางการรักษา,🟣,Endocrine system,Drugs used in diabetes,IV,โรคต่อมไร้ท่อ โภชนาการ และเมตาบอลิซึม,,ใช้เป็นยาชนิดที่สามเพิ่มเติมหลังจากใช้ยา sulfonylureas และ metformin แล้วเกิด secondary failure หรือใช้เมื่อแพ้ยา metformin หรือ sulfonylureas,,,บัญชียาหลักแห่งชาติ พ.ศ. 2558,http://drug.fda.moph.go.th:81/nlem.in.th/medicine/essential/list,กลุ่มนโยบายแห่งชาติด้านยา สำนักยา กระทรวงสาธารณสุข
Repaglinide,,"tab (เฉพาะ 0.5, 1, 2 mg)",,ง,ยาโรคเฉพาะทาง,ใช้กับโรคเฉพาะ ตามแนวทางการรักษา,🟣,Endocrine system,Drugs used in diabetes,IV,โรคต่อมไร้ท่อ โภชนาการ และเมตาบอลิซึม,,ใช้เฉพาะกับผู้ป่วยที่จำเป็นต้องใช้ยากลุ่ม sulfonylureas และแพ้ sulfonamides,,,บัญชียาหลักแห่งชาติ พ.ศ. 2558,http://drug.fda.moph.go.th:81/nlem.in.th/medicine/essential/list,กลุ่มนโยบายแห่งชาติด้านยา สำนักยา กระทรวงสาธารณสุข
Diazoxide,,tab,ยากำพร้า,ง,ยาโรคเฉพาะทาง,ใช้กับโรคเฉพาะ ตามแนวทางการรักษา,🟣,Endocrine system,Drugs used in diabetes,IV,โรคต่อมไร้ท่อ โภชนาการ และเมตาบอลิซึม,,"1. ใช้สำหรับ persistent hyperinsulinemic hypoglycemia of infancy (PHHI หรือ nesidioblastosis)
2. ใช้สำหรับ insulinoma ที่ผ่าตัดไม่ได้",,,บัญชียาหลักแห่งชาติ พ.ศ. 2558,http://drug.fda.moph.go.th:81/nlem.in.th/medicine/essential/list,กลุ่มนโยบายแห่งชาติด้านยา สำนักยา กระทรวงสาธารณสุข
Levothyroxine sodium,L-thyroxine sodium,tab,,ก,ยาจำเป็นพื้นฐาน,บัตรทอง/ประกันสังคมเบิกได้ทุกกรณี,🟢,Endocrine system,Thyroid and antithyroid drugs,IV,โรคต่อมไร้ท่อ โภชนาการ และเมตาบอลิซึม,,,,,บัญชียาหลักแห่งชาติ พ.ศ. 2558,http://drug.fda.moph.go.th:81/nlem.in.th/medicine/essential/list,กลุ่มนโยบายแห่งชาติด้านยา สำนักยา กระทรวงสาธารณสุข
Liothyronine sodium,,tab,ยากำพร้า,ง,ยาโรคเฉพาะทาง,ใช้กับโรคเฉพาะ ตามแนวทางการรักษา,🟣,Endocrine system,Thyroid and antithyroid drugs,IV,โรคต่อมไร้ท่อ โภชนาการ และเมตาบอลิซึม,,ใช้แทน levothyroxine sodium ชั่วคราวระหว่างรอทำ total body scan ในผู้ป่วยมะเร็งต่อมไทรอยด์,,,บัญชียาหลักแห่งชาติ พ.ศ. 2558,http://drug.fda.moph.go.th:81/nlem.in.th/medicine/essential/list,กลุ่มนโยบายแห่งชาติด้านยา สำนักยา กระทรวงสาธารณสุข
Lugol 's solution,"Aqueous iodine oral solution, Strong iodine solution",oral sol (hosp),,ก,ยาจำเป็นพื้นฐาน,บัตรทอง/ประกันสังคมเบิกได้ทุกกรณี,🟢,Endocrine system,Thyroid and antithyroid drugs,IV,โรคต่อมไร้ท่อ โภชนาการ และเมตาบอลิซึม,,,,,บัญชียาหลักแห่งชาติ พ.ศ. 2558,http://drug.fda.moph.go.th:81/nlem.in.th/medicine/essential/list,กลุ่มนโยบายแห่งชาติด้านยา สำนักยา กระทรวงสาธารณสุข
Propylthiouracil,,tab,,ก,ยาจำเป็นพื้นฐาน,บัตรทอง/ประกันสังคมเบิกได้ทุกกรณี,🟢,Endocrine system,Thyroid and antithyroid drugs,IV,โรคต่อมไร้ท่อ โภชนาการ และเมตาบอลิซึม,,,,,บัญชียาหลักแห่งชาติ พ.ศ. 2558,http://drug.fda.moph.go.th:81/nlem.in.th/medicine/essential/list,กลุ่มนโยบายแห่งชาติด้านยา สำนักยา กระทรวงสาธารณสุข
Saturated solution of potassium iodide,SSKI,oral sol (hosp),,ก,ยาจำเป็นพื้นฐาน,บัตรทอง/ประกันสังคมเบิกได้ทุกกรณี,🟢,Endocrine system,Thyroid and antithyroid drugs,IV,โรคต่อมไร้ท่อ โภชนาการ และเมตาบอลิซึม,,,,,บัญชียาหลักแห่งชาติ พ.ศ. 2558,http://drug.fda.moph.go.th:81/nlem.in.th/medicine/essential/list,กลุ่มนโยบายแห่งชาติด้านยา สำนักยา กระทรวงสาธารณสุข
Thiamazole,Methimazole,tab,,ก,ยาจำเป็นพื้นฐาน,บัตรทอง/ประกันสังคมเบิกได้ทุกกรณี,🟢,Endocrine system,Thyroid and antithyroid drugs,IV,โรคต่อมไร้ท่อ โภชนาการ และเมตาบอลิซึม,,,,,บัญชียาหลักแห่งชาติ พ.ศ. 2558,http://drug.fda.moph.go.th:81/nlem.in.th/medicine/essential/list,กลุ่มนโยบายแห่งชาติด้านยา สำนักยา กระทรวงสาธารณสุข
Dexamethasone,,"cap/tab (as base), sterile sol (as sodium phosphate or acetate)",,ก,ยาจำเป็นพื้นฐาน,บัตรทอง/ประกันสังคมเบิกได้ทุกกรณี,🟢,Endocrine system,Corticosteroids,IV,โรคต่อมไร้ท่อ โภชนาการ และเมตาบอลิซึม,,,,,บัญชียาหลักแห่งชาติ พ.ศ. 2558,http://drug.fda.moph.go.th:81/nlem.in.th/medicine/essential/list,กลุ่มนโยบายแห่งชาติด้านยา สำนักยา กระทรวงสาธารณสุข
Hydrocortisone,,"tab (as base) , sterile pwdr (as sodium succinate), sterile susp (as acetate)",ชนิดเม็ดเป็นยากำพร้า,ก,ยาจำเป็นพื้นฐาน,บัตรทอง/ประกันสังคมเบิกได้ทุกกรณี,🟢,Endocrine system,Corticosteroids,IV,โรคต่อมไร้ท่อ โภชนาการ และเมตาบอลิซึม,,,,,บัญชียาหลักแห่งชาติ พ.ศ. 2558,http://drug.fda.moph.go.th:81/nlem.in.th/medicine/essential/list,กลุ่มนโยบายแห่งชาติด้านยา สำนักยา กระทรวงสาธารณสุข
Prednisolone,,"cap, tab",,ก,ยาจำเป็นพื้นฐาน,บัตรทอง/ประกันสังคมเบิกได้ทุกกรณี,🟢,Endocrine system,Corticosteroids,IV,โรคต่อมไร้ท่อ โภชนาการ และเมตาบอลิซึม,,,,,บัญชียาหลักแห่งชาติ พ.ศ. 2558,http://drug.fda.moph.go.th:81/nlem.in.th/medicine/essential/list,กลุ่มนโยบายแห่งชาติด้านยา สำนักยา กระทรวงสาธารณสุข
Fludrocortisone acetate,,tab,ยากำพร้า,ข,ยาที่ใช้ได้ตามเงื่อนไข,เบิกได้บางกรณี ตามเงื่อนไขที่กำหนด,🟡,Endocrine system,Corticosteroids,IV,โรคต่อมไร้ท่อ โภชนาการ และเมตาบอลิซึม,,ใช้สำหรับ replacement therapy ใน adrenocortical insufficiency,,,บัญชียาหลักแห่งชาติ พ.ศ. 2558,http://drug.fda.moph.go.th:81/nlem.in.th/medicine/essential/list,กลุ่มนโยบายแห่งชาติด้านยา สำนักยา กระทรวงสาธารณสุข
Methylprednisolone,,sterile pwdr/sterile susp (as hemisuccinate or sodium succinate or acetate),,ค,ยาโรงพยาบาล,ต้องอยู่ในบัญชียาของ รพ.นั้น,🔵,Endocrine system,Corticosteroids,IV,โรคต่อมไร้ท่อ โภชนาการ และเมตาบอลิซึม,,"1.ใช้สำหรับ induction ในการปลูกถ่ายอวัยวะ
2.ใช้รักษา acute rejection ในการปลูกถ่ายอวัยวะ (renal allograft acute rejection),SLE ชนิดรุนแรง, glomerulonephritis ชนิดรุนแรง, vasculitis, aplastic anaemia, idiopathic thrombocytopenic purpura, demyelinating disease",,,บัญชียาหลักแห่งชาติ พ.ศ. 2558,http://drug.fda.moph.go.th:81/nlem.in.th/medicine/essential/list,กลุ่มนโยบายแห่งชาติด้านยา สำนักยา กระทรวงสาธารณสุข
Triamcinolone acetonide,,sterile susp,,ค,ยาโรงพยาบาล,ต้องอยู่ในบัญชียาของ รพ.นั้น,🔵,Endocrine system,Corticosteroids,IV,โรคต่อมไร้ท่อ โภชนาการ และเมตาบอลิซึม,,,"1. ห้ามฉีดในตำแหน่งหรือรอยโรคที่มีการติดเชื้อหรือสงสัยว่าจะมีการติดเชื้อ
2. กรณีฉีดเข้าข้อ ไม่แนะนำให้ใช้ในระยะยาวเกินกว่า 1 ปี โดย
2.1 ไม่ควรฉีดเข้าข้อใหญ่ในคราวเดียวกันเกิน 2 ข้อ ยกเว้นผู้ป่วยเด็กที่เป็นโรคข้ออักเสบเรื้อรัง
2.2 การฉีดยาซ้ำเข้าข้อเดียวกันควรเว้นระยะห่างอย่างน้อย 3 เดือน 
3. กรณีฉีดเข้ารอยโรค (intralesional injection) สำหรับโรคผิวหนัง ควรฉีดเข้าในชั้นหนังแท้ หลีกเลี่ยงการฉีดเข้าในชั้นหนังกำพร้าหรือไขมันใต้ผิวหนัง เพราะทำให้เกิดผลข้างเคียง เช่น ผิวหนังบาง เป็นต้น",,บัญชียาหลักแห่งชาติ พ.ศ. 2558,http://drug.fda.moph.go.th:81/nlem.in.th/medicine/essential/list,กลุ่มนโยบายแห่งชาติด้านยา สำนักยา กระทรวงสาธารณสุข
Medroxyprogesterone acetate,,"tab (เฉพาะ 2.5 , 5 และ 10 mg)",,ก,ยาจำเป็นพื้นฐาน,บัตรทอง/ประกันสังคมเบิกได้ทุกกรณี,🟢,Endocrine system,Sex hormones,IV,โรคต่อมไร้ท่อ โภชนาการ และเมตาบอลิซึม,,,,,บัญชียาหลักแห่งชาติ พ.ศ. 2558,http://drug.fda.moph.go.th:81/nlem.in.th/medicine/essential/list,กลุ่มนโยบายแห่งชาติด้านยา สำนักยา กระทรวงสาธารณสุข
Norethisterone,,tab,,ก,ยาจำเป็นพื้นฐาน,บัตรทอง/ประกันสังคมเบิกได้ทุกกรณี,🟢,Endocrine system,Sex hormones,IV,โรคต่อมไร้ท่อ โภชนาการ และเมตาบอลิซึม,,,,,บัญชียาหลักแห่งชาติ พ.ศ. 2558,http://drug.fda.moph.go.th:81/nlem.in.th/medicine/essential/list,กลุ่มนโยบายแห่งชาติด้านยา สำนักยา กระทรวงสาธารณสุข
Conjugated estrogens,,tab,,ข,ยาที่ใช้ได้ตามเงื่อนไข,เบิกได้บางกรณี ตามเงื่อนไขที่กำหนด,🟡,Endocrine system,Sex hormones,IV,โรคต่อมไร้ท่อ โภชนาการ และเมตาบอลิซึม,,,,,บัญชียาหลักแห่งชาติ พ.ศ. 2558,http://drug.fda.moph.go.th:81/nlem.in.th/medicine/essential/list,กลุ่มนโยบายแห่งชาติด้านยา สำนักยา กระทรวงสาธารณสุข
Estradiol valerate,,tab,,ข,ยาที่ใช้ได้ตามเงื่อนไข,เบิกได้บางกรณี ตามเงื่อนไขที่กำหนด,🟡,Endocrine system,Sex hormones,IV,โรคต่อมไร้ท่อ โภชนาการ และเมตาบอลิซึม,,,,,บัญชียาหลักแห่งชาติ พ.ศ. 2558,http://drug.fda.moph.go.th:81/nlem.in.th/medicine/essential/list,กลุ่มนโยบายแห่งชาติด้านยา สำนักยา กระทรวงสาธารณสุข
Hydroxyprogesterone caproate,,sterile oily sol for inj,,ข,ยาที่ใช้ได้ตามเงื่อนไข,เบิกได้บางกรณี ตามเงื่อนไขที่กำหนด,🟡,Endocrine system,Sex hormones,IV,โรคต่อมไร้ท่อ โภชนาการ และเมตาบอลิซึม,,,,,บัญชียาหลักแห่งชาติ พ.ศ. 2558,http://drug.fda.moph.go.th:81/nlem.in.th/medicine/essential/list,กลุ่มนโยบายแห่งชาติด้านยา สำนักยา กระทรวงสาธารณสุข
Conjugated estrogens,,sterile pwdr,,ค,ยาโรงพยาบาล,ต้องอยู่ในบัญชียาของ รพ.นั้น,🔵,Endocrine system,Sex hormones,IV,โรคต่อมไร้ท่อ โภชนาการ และเมตาบอลิซึม,,,,,บัญชียาหลักแห่งชาติ พ.ศ. 2558,http://drug.fda.moph.go.th:81/nlem.in.th/medicine/essential/list,กลุ่มนโยบายแห่งชาติด้านยา สำนักยา กระทรวงสาธารณสุข
Testosterone enantate,Testosterone enanthate,sterile oily sol for inj,,ค,ยาโรงพยาบาล,ต้องอยู่ในบัญชียาของ รพ.นั้น,🔵,Endocrine system,Sex hormones,IV,โรคต่อมไร้ท่อ โภชนาการ และเมตาบอลิซึม,,,,,บัญชียาหลักแห่งชาติ พ.ศ. 2558,http://drug.fda.moph.go.th:81/nlem.in.th/medicine/essential/list,กลุ่มนโยบายแห่งชาติด้านยา สำนักยา กระทรวงสาธารณสุข
Cyproterone acetate,,tab,,ง,ยาโรคเฉพาะทาง,ใช้กับโรคเฉพาะ ตามแนวทางการรักษา,🟣,Endocrine system,Sex hormones,IV,โรคต่อมไร้ท่อ โภชนาการ และเมตาบอลิซึม,,ใช้ในผู้ป่วย moderate to severe hirsutism ที่มีข้อห้ามใช้หรือมีผลข้างเคียงจากการใช้ยา combined oral contraceptive หรือ spironolactone,"อาการที่เกี่ยวข้องกับความเป็นพิษของตับ (ดีซ่าน, ตับอักเสบ, ตับวาย) มักเกิดขึ้นหลังการใช้ยานี้ติดต่อกันเป็นเวลานานหลายเดือน ควรติดตามการทำงานของตับและพิจารณาหยุดยา หากพบหลักฐานการเกิดพิษต่อตับ",,บัญชียาหลักแห่งชาติ พ.ศ. 2558,http://drug.fda.moph.go.th:81/nlem.in.th/medicine/essential/list,กลุ่มนโยบายแห่งชาติด้านยา สำนักยา กระทรวงสาธารณสุข
Chrorionic gonadotrophin,Human Chorionic Gonadotrophin ; HCG,sterile pwdr,,ง,ยาโรคเฉพาะทาง,ใช้กับโรคเฉพาะ ตามแนวทางการรักษา,🟣,Endocrine system,Hypothalamic and pituitary hormones,IV,โรคต่อมไร้ท่อ โภชนาการ และเมตาบอลิซึม,,ใช้สำหรับกระตุ้นการเคลื่อนตัวของอัณฑะ ในผู้ป่วยเด็กที่มี undescended testis และใช้ทดสอบการทำงานของอัณฑะ (HCG test),,,บัญชียาหลักแห่งชาติ พ.ศ. 2558,http://drug.fda.moph.go.th:81/nlem.in.th/medicine/essential/list,กลุ่มนโยบายแห่งชาติด้านยา สำนักยา กระทรวงสาธารณสุข
Tetracosactide,Cosyntropin,sterile pwdr,ยากำพร้า,ง,ยาโรคเฉพาะทาง,ใช้กับโรคเฉพาะ ตามแนวทางการรักษา,🟣,Endocrine system,Hypothalamic and pituitary hormones,IV,โรคต่อมไร้ท่อ โภชนาการ และเมตาบอลิซึม,,ใช้สำหรับวินิจฉัยโรคทางต่อมไร้ท่อ,,,บัญชียาหลักแห่งชาติ พ.ศ. 2558,http://drug.fda.moph.go.th:81/nlem.in.th/medicine/essential/list,กลุ่มนโยบายแห่งชาติด้านยา สำนักยา กระทรวงสาธารณสุข
Thyrotropin alfa,,sterile pwdr,,จ(2),ยาพิเศษ,ต้องขออนุมัติ + เงื่อนไขพิเศษ,🔴,Endocrine system,Hypothalamic and pituitary hormones,IV,โรคต่อมไร้ท่อ โภชนาการ และเมตาบอลิซึม,,ใช้สำหรับ well-differentiated thyroid cancer โดยมีแนวทางกำกับการใช้ยาเป็นไปตามรายละเอียดในภาคผนวก 3,,,บัญชียาหลักแห่งชาติ พ.ศ. 2558,http://drug.fda.moph.go.th:81/nlem.in.th/medicine/essential/list,กลุ่มนโยบายแห่งชาติด้านยา สำนักยา กระทรวงสาธารณสุข
Chlorpropamide,,tab,,ง,ยาโรคเฉพาะทาง,ใช้กับโรคเฉพาะ ตามแนวทางการรักษา,🟣,Endocrine system,Hypothalamic and pituitary hormones,IV,โรคต่อมไร้ท่อ โภชนาการ และเมตาบอลิซึม,,ใช้สำหรับ partial central diabetes insipidus กรณีที่ไม่สามารถจัดหายา desmopressin ได้,,,บัญชียาหลักแห่งชาติ พ.ศ. 2558,http://drug.fda.moph.go.th:81/nlem.in.th/medicine/essential/list,กลุ่มนโยบายแห่งชาติด้านยา สำนักยา กระทรวงสาธารณสุข
Desmopressin acetate,DDAVP,"tab, nasal spray, nasal sol, sterile sol",,ง,ยาโรคเฉพาะทาง,ใช้กับโรคเฉพาะ ตามแนวทางการรักษา,🟣,Endocrine system,Hypothalamic and pituitary hormones,IV,โรคต่อมไร้ท่อ โภชนาการ และเมตาบอลิซึม,,"1.ใช้สำหรับ diabetes insipidus
2.ชนิดเม็ดใช้กับผู้ป่วยที่ไม่สามารถใช้ยาทางจมูกได้เท่านั้น",,,บัญชียาหลักแห่งชาติ พ.ศ. 2558,http://drug.fda.moph.go.th:81/nlem.in.th/medicine/essential/list,กลุ่มนโยบายแห่งชาติด้านยา สำนักยา กระทรวงสาธารณสุข
Calcitonin-salmon,,sterile sol,,ง,ยาโรคเฉพาะทาง,ใช้กับโรคเฉพาะ ตามแนวทางการรักษา,🟣,Endocrine system,Drugs affecting bone metabolism,IV,โรคต่อมไร้ท่อ โภชนาการ และเมตาบอลิซึม,,"1.ใช้กับผู้ป่วย osteoporosis ที่มี acute pain หลังภาวะ fracture  
2.ใช้กับผู้ป่วย severe hypercalcemia",,,บัญชียาหลักแห่งชาติ พ.ศ. 2558,http://drug.fda.moph.go.th:81/nlem.in.th/medicine/essential/list,กลุ่มนโยบายแห่งชาติด้านยา สำนักยา กระทรวงสาธารณสุข
Disodium pamidronate,,"sterile pwdr, sterile sol",,ง,ยาโรคเฉพาะทาง,ใช้กับโรคเฉพาะ ตามแนวทางการรักษา,🟣,Endocrine system,Drugs affecting bone metabolism,IV,โรคต่อมไร้ท่อ โภชนาการ และเมตาบอลิซึม,,"1. ใช้สำหรับภาวะ hypercalcemia ที่เกิดจากโรคมะเร็ง
2. ใช้สำหรับป้องกันโรคแทรกซ้อนทางกระดูกซึ่งมี osteolytic lesion จากภาพรังสี (plain X-ray หรือ CT-scan) และเกิดจากโรคมะเร็งดังต่อไปนี้
    2.1  multiple myeloma โดยให้ pamidronate ไม่เกิน 2 ปี
    2.2 โรคมะเร็งเต้านมระยะแพร่กระจาย โดยให้ pamidronate ไม่เกิน 1 ปี
3. ให้หยุดยาหลังจากมีการลุกลามของโรคมากขึ้น
4. ขนาดยาที่ใช้ 60 – 90 mg ทุก 3 – 4 สัปดาห์",,,บัญชียาหลักแห่งชาติ พ.ศ. 2558,http://drug.fda.moph.go.th:81/nlem.in.th/medicine/essential/list,กลุ่มนโยบายแห่งชาติด้านยา สำนักยา กระทรวงสาธารณสุข
Bromocriptine mesilate,,tab,,ค,ยาโรงพยาบาล,ต้องอยู่ในบัญชียาของ รพ.นั้น,🔵,Endocrine system,Other endocrine drugs,IV,โรคต่อมไร้ท่อ โภชนาการ และเมตาบอลิซึม,,"ใช้สำหรับ prolactinoma , acromegaly, amenorrhea ทั้งที่มีและไม่มี galactorrhea",,,บัญชียาหลักแห่งชาติ พ.ศ. 2558,http://drug.fda.moph.go.th:81/nlem.in.th/medicine/essential/list,กลุ่มนโยบายแห่งชาติด้านยา สำนักยา กระทรวงสาธารณสุข
Leuprorelin acetate,,sterile pwdr (เฉพาะ 3.75 mg),,จ(2),ยาพิเศษ,ต้องขออนุมัติ + เงื่อนไขพิเศษ,🔴,Endocrine system,Other endocrine drugs,IV,โรคต่อมไร้ท่อ โภชนาการ และเมตาบอลิซึม,,ใช้สำหรับภาวะ central (gonadotrophin dependent) precocious puberty โดยมีแนวทางกำกับการใช้ยา เป็นไปตามรายละเอียดในภาคผนวก 3,,,บัญชียาหลักแห่งชาติ พ.ศ. 2558,http://drug.fda.moph.go.th:81/nlem.in.th/medicine/essential/list,กลุ่มนโยบายแห่งชาติด้านยา สำนักยา กระทรวงสาธารณสุข
Methylergometrine maleate,,sterile sol,,ก,ยาจำเป็นพื้นฐาน,บัตรทอง/ประกันสังคมเบิกได้ทุกกรณี,🟢,"Obstetrics, gynaecology and urinary-tract disorders",Drugs used in obstetrics,XIV,โรคระบบสืบพันธุ์-ปัสสาวะ,,,,,บัญชียาหลักแห่งชาติ พ.ศ. 2558,http://drug.fda.moph.go.th:81/nlem.in.th/medicine/essential/list,กลุ่มนโยบายแห่งชาติด้านยา สำนักยา กระทรวงสาธารณสุข
Oxytocin,,sterile sol,,ก,ยาจำเป็นพื้นฐาน,บัตรทอง/ประกันสังคมเบิกได้ทุกกรณี,🟢,"Obstetrics, gynaecology and urinary-tract disorders",Drugs used in obstetrics,XIV,โรคระบบสืบพันธุ์-ปัสสาวะ,,,,,บัญชียาหลักแห่งชาติ พ.ศ. 2558,http://drug.fda.moph.go.th:81/nlem.in.th/medicine/essential/list,กลุ่มนโยบายแห่งชาติด้านยา สำนักยา กระทรวงสาธารณสุข
Alprostadil,,sterile sol (เฉพาะ 0.5 mg/ml),,ง,ยาโรคเฉพาะทาง,ใช้กับโรคเฉพาะ ตามแนวทางการรักษา,🟣,"Obstetrics, gynaecology and urinary-tract disorders",Drugs used in obstetrics,XIV,โรคระบบสืบพันธุ์-ปัสสาวะ,,ใช้กับผู้ป่วยโรคหัวใจแต่กำเนิดที่ต้องพึ่ง ductus arteriosus,,,บัญชียาหลักแห่งชาติ พ.ศ. 2558,http://drug.fda.moph.go.th:81/nlem.in.th/medicine/essential/list,กลุ่มนโยบายแห่งชาติด้านยา สำนักยา กระทรวงสาธารณสุข
Indomethacin sodium,,sterile pwdr,ยากำพร้า,ง,ยาโรคเฉพาะทาง,ใช้กับโรคเฉพาะ ตามแนวทางการรักษา,🟣,"Obstetrics, gynaecology and urinary-tract disorders",Drugs used in obstetrics,XIV,โรคระบบสืบพันธุ์-ปัสสาวะ,,ใช้กับผู้ป่วยเด็กเพื่อปิด patent ductus arteriosus,,,บัญชียาหลักแห่งชาติ พ.ศ. 2558,http://drug.fda.moph.go.th:81/nlem.in.th/medicine/essential/list,กลุ่มนโยบายแห่งชาติด้านยา สำนักยา กระทรวงสาธารณสุข
Sulprostone,,sterile pwdr,,ง,ยาโรคเฉพาะทาง,ใช้กับโรคเฉพาะ ตามแนวทางการรักษา,🟣,"Obstetrics, gynaecology and urinary-tract disorders",Drugs used in obstetrics,XIV,โรคระบบสืบพันธุ์-ปัสสาวะ,,ใช้ช่วยชีวิตผู้ป่วย severe post-partum hemorrhage,,,บัญชียาหลักแห่งชาติ พ.ศ. 2558,http://drug.fda.moph.go.th:81/nlem.in.th/medicine/essential/list,กลุ่มนโยบายแห่งชาติด้านยา สำนักยา กระทรวงสาธารณสุข
Salbutamol sulfate,,tab,,ก,ยาจำเป็นพื้นฐาน,บัตรทอง/ประกันสังคมเบิกได้ทุกกรณี,🟢,"Obstetrics, gynaecology and urinary-tract disorders",Drugs used in obstetrics,XIV,โรคระบบสืบพันธุ์-ปัสสาวะ,,,,,บัญชียาหลักแห่งชาติ พ.ศ. 2558,http://drug.fda.moph.go.th:81/nlem.in.th/medicine/essential/list,กลุ่มนโยบายแห่งชาติด้านยา สำนักยา กระทรวงสาธารณสุข
Terbutaline sulfate,,"tab, sterile sol",,ก,ยาจำเป็นพื้นฐาน,บัตรทอง/ประกันสังคมเบิกได้ทุกกรณี,🟢,"Obstetrics, gynaecology and urinary-tract disorders",Drugs used in obstetrics,XIV,โรคระบบสืบพันธุ์-ปัสสาวะ,,,,,บัญชียาหลักแห่งชาติ พ.ศ. 2558,http://drug.fda.moph.go.th:81/nlem.in.th/medicine/essential/list,กลุ่มนโยบายแห่งชาติด้านยา สำนักยา กระทรวงสาธารณสุข
Clotrimazole,,vaginal tab,,ก,ยาจำเป็นพื้นฐาน,บัตรทอง/ประกันสังคมเบิกได้ทุกกรณี,🟢,"Obstetrics, gynaecology and urinary-tract disorders",Treatment of vaginal and vulval conditions,XIV,โรคระบบสืบพันธุ์-ปัสสาวะ,,,,,บัญชียาหลักแห่งชาติ พ.ศ. 2558,http://drug.fda.moph.go.th:81/nlem.in.th/medicine/essential/list,กลุ่มนโยบายแห่งชาติด้านยา สำนักยา กระทรวงสาธารณสุข
Nystatin,,vaginal tab,,ก,ยาจำเป็นพื้นฐาน,บัตรทอง/ประกันสังคมเบิกได้ทุกกรณี,🟢,"Obstetrics, gynaecology and urinary-tract disorders",Treatment of vaginal and vulval conditions,XIV,โรคระบบสืบพันธุ์-ปัสสาวะ,,,,,บัญชียาหลักแห่งชาติ พ.ศ. 2558,http://drug.fda.moph.go.th:81/nlem.in.th/medicine/essential/list,กลุ่มนโยบายแห่งชาติด้านยา สำนักยา กระทรวงสาธารณสุข
Conjugated estrogens,,vaginal cream,,ข,ยาที่ใช้ได้ตามเงื่อนไข,เบิกได้บางกรณี ตามเงื่อนไขที่กำหนด,🟡,"Obstetrics, gynaecology and urinary-tract disorders",Treatment of vaginal and vulval conditions,XIV,โรคระบบสืบพันธุ์-ปัสสาวะ,,,,,บัญชียาหลักแห่งชาติ พ.ศ. 2558,http://drug.fda.moph.go.th:81/nlem.in.th/medicine/essential/list,กลุ่มนโยบายแห่งชาติด้านยา สำนักยา กระทรวงสาธารณสุข
Etonogestrel,,implant 1 rod (68 mg/rod),,ก,ยาจำเป็นพื้นฐาน,บัตรทอง/ประกันสังคมเบิกได้ทุกกรณี,🟢,"Obstetrics, gynaecology and urinary-tract disorders",Contraceptives,XIV,โรคระบบสืบพันธุ์-ปัสสาวะ,,,,,บัญชียาหลักแห่งชาติ พ.ศ. 2558,http://drug.fda.moph.go.th:81/nlem.in.th/medicine/essential/list,กลุ่มนโยบายแห่งชาติด้านยา สำนักยา กระทรวงสาธารณสุข
Ethinylestradiol + Levonorgestrel,,tab (เฉพาะ 30 + 150 mcg),,ก,ยาจำเป็นพื้นฐาน,บัตรทอง/ประกันสังคมเบิกได้ทุกกรณี,🟢,"Obstetrics, gynaecology and urinary-tract disorders",Contraceptives,XIV,โรคระบบสืบพันธุ์-ปัสสาวะ,,,,,บัญชียาหลักแห่งชาติ พ.ศ. 2558,http://drug.fda.moph.go.th:81/nlem.in.th/medicine/essential/list,กลุ่มนโยบายแห่งชาติด้านยา สำนักยา กระทรวงสาธารณสุข
Levonorgestrel,,"tab (เฉพาะ 750 mcg), implant  2 rods (75 mg/rod)",,ก,ยาจำเป็นพื้นฐาน,บัตรทอง/ประกันสังคมเบิกได้ทุกกรณี,🟢,"Obstetrics, gynaecology and urinary-tract disorders",Contraceptives,XIV,โรคระบบสืบพันธุ์-ปัสสาวะ,,Levonorgestrel รูปแบบยาเม็ดใช้สำหรับคุมกำเนิดกรณีฉุกเฉินเท่านั้น,,,บัญชียาหลักแห่งชาติ พ.ศ. 2558,http://drug.fda.moph.go.th:81/nlem.in.th/medicine/essential/list,กลุ่มนโยบายแห่งชาติด้านยา สำนักยา กระทรวงสาธารณสุข
Medroxyprogesterone acetate,,sterile susp,,ก,ยาจำเป็นพื้นฐาน,บัตรทอง/ประกันสังคมเบิกได้ทุกกรณี,🟢,"Obstetrics, gynaecology and urinary-tract disorders",Contraceptives,XIV,โรคระบบสืบพันธุ์-ปัสสาวะ,,,,,บัญชียาหลักแห่งชาติ พ.ศ. 2558,http://drug.fda.moph.go.th:81/nlem.in.th/medicine/essential/list,กลุ่มนโยบายแห่งชาติด้านยา สำนักยา กระทรวงสาธารณสุข
Ethinylestradiol + Desogestrel,,tab (เฉพาะ 20 + 150 mcg),,ข,ยาที่ใช้ได้ตามเงื่อนไข,เบิกได้บางกรณี ตามเงื่อนไขที่กำหนด,🟡,"Obstetrics, gynaecology and urinary-tract disorders",Contraceptives,XIV,โรคระบบสืบพันธุ์-ปัสสาวะ,,,,,บัญชียาหลักแห่งชาติ พ.ศ. 2558,http://drug.fda.moph.go.th:81/nlem.in.th/medicine/essential/list,กลุ่มนโยบายแห่งชาติด้านยา สำนักยา กระทรวงสาธารณสุข
Lynestrenol,,tab (เฉพาะ 0.5 mg),,ข,ยาที่ใช้ได้ตามเงื่อนไข,เบิกได้บางกรณี ตามเงื่อนไขที่กำหนด,🟡,"Obstetrics, gynaecology and urinary-tract disorders",Contraceptives,XIV,โรคระบบสืบพันธุ์-ปัสสาวะ,,,,,บัญชียาหลักแห่งชาติ พ.ศ. 2558,http://drug.fda.moph.go.th:81/nlem.in.th/medicine/essential/list,กลุ่มนโยบายแห่งชาติด้านยา สำนักยา กระทรวงสาธารณสุข
Alfuzosin hydrochloride,,SR tab (เฉพาะ 10 mg),,ค,ยาโรงพยาบาล,ต้องอยู่ในบัญชียาของ รพ.นั้น,🔵,"Obstetrics, gynaecology and urinary-tract disorders",Drugs for genito-urinary disorders,XIV,โรคระบบสืบพันธุ์-ปัสสาวะ,,,,,บัญชียาหลักแห่งชาติ พ.ศ. 2558,http://drug.fda.moph.go.th:81/nlem.in.th/medicine/essential/list,กลุ่มนโยบายแห่งชาติด้านยา สำนักยา กระทรวงสาธารณสุข
Doxazosin mesilate,,immediate release tab (เฉพาะ 2 และ 4 mg),,ค,ยาโรงพยาบาล,ต้องอยู่ในบัญชียาของ รพ.นั้น,🔵,"Obstetrics, gynaecology and urinary-tract disorders",Drugs for genito-urinary disorders,XIV,โรคระบบสืบพันธุ์-ปัสสาวะ,,,,,บัญชียาหลักแห่งชาติ พ.ศ. 2558,http://drug.fda.moph.go.th:81/nlem.in.th/medicine/essential/list,กลุ่มนโยบายแห่งชาติด้านยา สำนักยา กระทรวงสาธารณสุข
Finasteride,,tab(เฉพาะ 5 mg),,ง,ยาโรคเฉพาะทาง,ใช้กับโรคเฉพาะ ตามแนวทางการรักษา,🟣,"Obstetrics, gynaecology and urinary-tract disorders",Drugs for genito-urinary disorders,XIV,โรคระบบสืบพันธุ์-ปัสสาวะ,,ใช้กับผู้ป่วยโรคต่อมลูกหมากโตที่มีอาการผิดปกติในการปัสสาวะระดับปานกลางถึงรุนแรง และมีขนาดของต่อมลูกหมากมากกว่า 40 ml,,Finasteride ขนาด 1 mg ที่ใช้รักษาศีรษะล้านไม่จัดเป็นยาในบัญชียาหลักแห่งชาติ,บัญชียาหลักแห่งชาติ พ.ศ. 2558,http://drug.fda.moph.go.th:81/nlem.in.th/medicine/essential/list,กลุ่มนโยบายแห่งชาติด้านยา สำนักยา กระทรวงสาธารณสุข
Oxybutynin hydrochloride,,immediate release tab,,ค,ยาโรงพยาบาล,ต้องอยู่ในบัญชียาของ รพ.นั้น,🔵,"Obstetrics, gynaecology and urinary-tract disorders",Drugs for genito-urinary disorders,XIV,โรคระบบสืบพันธุ์-ปัสสาวะ,,"1. ใช้ใน overactive urinary bladder และ urinary incontinence ยกเว้น stress incontinence
2. ไม่ใช้สำหรับ nocturnal enuresis (ปัสสาวะรดที่นอนในเด็ก)",,ยามีประสิทธิภาพต่ำ ประโยชน์ที่ได้ไม่ชัดเจน ผลข้างเคียงเกิดได้บ่อย และมีค่าใช้จ่ายสูง ควรพิจารณาใช้อย่างรอบคอบ,บัญชียาหลักแห่งชาติ พ.ศ. 2558,http://drug.fda.moph.go.th:81/nlem.in.th/medicine/essential/list,กลุ่มนโยบายแห่งชาติด้านยา สำนักยา กระทรวงสาธารณสุข
Potassium citrate,,"oral sol (hosp), dry pwdr for oral sol (hosp)",,ก,ยาจำเป็นพื้นฐาน,บัตรทอง/ประกันสังคมเบิกได้ทุกกรณี,🟢,"Obstetrics, gynaecology and urinary-tract disorders",Drugs for genito-urinary disorders,XIV,โรคระบบสืบพันธุ์-ปัสสาวะ,,,,,บัญชียาหลักแห่งชาติ พ.ศ. 2558,http://drug.fda.moph.go.th:81/nlem.in.th/medicine/essential/list,กลุ่มนโยบายแห่งชาติด้านยา สำนักยา กระทรวงสาธารณสุข
Sodium citrate + Citric acid,Shohl’s solution,oral sol (hosp),,ก,ยาจำเป็นพื้นฐาน,บัตรทอง/ประกันสังคมเบิกได้ทุกกรณี,🟢,"Obstetrics, gynaecology and urinary-tract disorders",Drugs for genito-urinary disorders,XIV,โรคระบบสืบพันธุ์-ปัสสาวะ,,,,,บัญชียาหลักแห่งชาติ พ.ศ. 2558,http://drug.fda.moph.go.th:81/nlem.in.th/medicine/essential/list,กลุ่มนโยบายแห่งชาติด้านยา สำนักยา กระทรวงสาธารณสุข
"Sodium citrate + 
Potassium citrate",,oral sol (hosp),,ก,ยาจำเป็นพื้นฐาน,บัตรทอง/ประกันสังคมเบิกได้ทุกกรณี,🟢,"Obstetrics, gynaecology and urinary-tract disorders",Drugs for genito-urinary disorders,XIV,โรคระบบสืบพันธุ์-ปัสสาวะ,,,,,บัญชียาหลักแห่งชาติ พ.ศ. 2558,http://drug.fda.moph.go.th:81/nlem.in.th/medicine/essential/list,กลุ่มนโยบายแห่งชาติด้านยา สำนักยา กระทรวงสาธารณสุข
Busulfan,,tab,,ค,ยาโรงพยาบาล,ต้องอยู่ในบัญชียาของ รพ.นั้น,🔵,Malignant disease and immunosuppression,Cytotoxic drugs,II,โรคเนื้องอก/มะเร็ง,,,,,บัญชียาหลักแห่งชาติ พ.ศ. 2558,http://drug.fda.moph.go.th:81/nlem.in.th/medicine/essential/list,กลุ่มนโยบายแห่งชาติด้านยา สำนักยา กระทรวงสาธารณสุข
Chlorambucil,,tab,,ค,ยาโรงพยาบาล,ต้องอยู่ในบัญชียาของ รพ.นั้น,🔵,Malignant disease and immunosuppression,Cytotoxic drugs,II,โรคเนื้องอก/มะเร็ง,,สำหรับโรคไตให้ใช้กรณี idiopathic membranous glomerulonephritis,,,บัญชียาหลักแห่งชาติ พ.ศ. 2558,http://drug.fda.moph.go.th:81/nlem.in.th/medicine/essential/list,กลุ่มนโยบายแห่งชาติด้านยา สำนักยา กระทรวงสาธารณสุข
Cyclophosphamide,,"tab, sterile pwdr",,ค,ยาโรงพยาบาล,ต้องอยู่ในบัญชียาของ รพ.นั้น,🔵,Malignant disease and immunosuppression,Cytotoxic drugs,II,โรคเนื้องอก/มะเร็ง,,,,,บัญชียาหลักแห่งชาติ พ.ศ. 2558,http://drug.fda.moph.go.th:81/nlem.in.th/medicine/essential/list,กลุ่มนโยบายแห่งชาติด้านยา สำนักยา กระทรวงสาธารณสุข
Melphalan,,tab,,ค,ยาโรงพยาบาล,ต้องอยู่ในบัญชียาของ รพ.นั้น,🔵,Malignant disease and immunosuppression,Cytotoxic drugs,II,โรคเนื้องอก/มะเร็ง,,,,,บัญชียาหลักแห่งชาติ พ.ศ. 2558,http://drug.fda.moph.go.th:81/nlem.in.th/medicine/essential/list,กลุ่มนโยบายแห่งชาติด้านยา สำนักยา กระทรวงสาธารณสุข
Ifosfamide,,sterile pwdr,,ง,ยาโรคเฉพาะทาง,ใช้กับโรคเฉพาะ ตามแนวทางการรักษา,🟣,Malignant disease and immunosuppression,Cytotoxic drugs,II,โรคเนื้องอก/มะเร็ง,,"1. ใช้เป็น second-line treatment สำหรับ non-Hodgkin’s lymphoma ชนิด relapse หรือ refractory
2. ใช้กับผู้ป่วยที่เป็น sarcoma
3. ใช้เป็น Wilms' tumor และ neuroblastoma
4. ใช้สำหรับ germ cell tumor",,,บัญชียาหลักแห่งชาติ พ.ศ. 2558,http://drug.fda.moph.go.th:81/nlem.in.th/medicine/essential/list,กลุ่มนโยบายแห่งชาติด้านยา สำนักยา กระทรวงสาธารณสุข
Bleomycin,,sterile pwdr (as sulfate or as hydrochloride),,ค,ยาโรงพยาบาล,ต้องอยู่ในบัญชียาของ รพ.นั้น,🔵,Malignant disease and immunosuppression,Cytotoxic drugs,II,โรคเนื้องอก/มะเร็ง,,,,,บัญชียาหลักแห่งชาติ พ.ศ. 2558,http://drug.fda.moph.go.th:81/nlem.in.th/medicine/essential/list,กลุ่มนโยบายแห่งชาติด้านยา สำนักยา กระทรวงสาธารณสุข
Dactinomycin,,sterile pwdr,,ค,ยาโรงพยาบาล,ต้องอยู่ในบัญชียาของ รพ.นั้น,🔵,Malignant disease and immunosuppression,Cytotoxic drugs,II,โรคเนื้องอก/มะเร็ง,,,,,บัญชียาหลักแห่งชาติ พ.ศ. 2558,http://drug.fda.moph.go.th:81/nlem.in.th/medicine/essential/list,กลุ่มนโยบายแห่งชาติด้านยา สำนักยา กระทรวงสาธารณสุข
Doxorubicin hydrochloride,,"sterile pwdr,sterile susp ,sterile sol",,ค,ยาโรงพยาบาล,ต้องอยู่ในบัญชียาของ รพ.นั้น,🔵,Malignant disease and immunosuppression,Cytotoxic drugs,II,โรคเนื้องอก/มะเร็ง,,ไม่ใช้กับผู้ป่วยโรคหัวใจขาดเลือดเฉียบพลัน และผู้ป่วยที่มี cardiomyopathy ที่มี left ventricular ejection fraction น้อยกว่า 50%,,,บัญชียาหลักแห่งชาติ พ.ศ. 2558,http://drug.fda.moph.go.th:81/nlem.in.th/medicine/essential/list,กลุ่มนโยบายแห่งชาติด้านยา สำนักยา กระทรวงสาธารณสุข
Idarubicin hydrochloride,,sterile pwdr,,ง,ยาโรคเฉพาะทาง,ใช้กับโรคเฉพาะ ตามแนวทางการรักษา,🟣,Malignant disease and immunosuppression,Cytotoxic drugs,II,โรคเนื้องอก/มะเร็ง,,ใช้กับผู้ป่วย acute myelogenous leukemia,,,บัญชียาหลักแห่งชาติ พ.ศ. 2558,http://drug.fda.moph.go.th:81/nlem.in.th/medicine/essential/list,กลุ่มนโยบายแห่งชาติด้านยา สำนักยา กระทรวงสาธารณสุข
Mitomycin,,"sterile pwdr , sterile sol",,ง,ยาโรคเฉพาะทาง,ใช้กับโรคเฉพาะ ตามแนวทางการรักษา,🟣,Malignant disease and immunosuppression,Cytotoxic drugs,II,โรคเนื้องอก/มะเร็ง,,"1. ใช้เป็น alternative drug ของ BCG สำหรับมะเร็งกระเพาะปัสสาวะชนิด superficial bladder cancer 
2. ใช้รักษามะเร็งปอดระยะลุกลาม
3. ใช้รักษามะเร็งตับโดยการฉีดเข้าหลอดเลือดแดงเฉพาะที่
4. ใช้รักษามะเร็งทวารหนัก (anal canal) โดยใช้ร่วมกับรังสีรักษาในการทำ transcatheter oily chemo embolization (TOCE)",,,บัญชียาหลักแห่งชาติ พ.ศ. 2558,http://drug.fda.moph.go.th:81/nlem.in.th/medicine/essential/list,กลุ่มนโยบายแห่งชาติด้านยา สำนักยา กระทรวงสาธารณสุข
Mitoxantrone hydrochloride,,"sterile pwdr, sterile sol",,ง,ยาโรคเฉพาะทาง,ใช้กับโรคเฉพาะ ตามแนวทางการรักษา,🟣,Malignant disease and immunosuppression,Cytotoxic drugs,II,โรคเนื้องอก/มะเร็ง,,"1. ใช้สำหรับ acute myeloid leukemia  และมะเร็งต่อมน้ำเหลือง
2. ใช้สำหรับมะเร็งต่อมลูกหมากที่ไม่ตอบสนองต่อการรักษาด้วยยาฮอร์โมน",,,บัญชียาหลักแห่งชาติ พ.ศ. 2558,http://drug.fda.moph.go.th:81/nlem.in.th/medicine/essential/list,กลุ่มนโยบายแห่งชาติด้านยา สำนักยา กระทรวงสาธารณสุข
Cytarabine,,"sterile pwdr, sterile sol",,ค,ยาโรงพยาบาล,ต้องอยู่ในบัญชียาของ รพ.นั้น,🔵,Malignant disease and immunosuppression,Cytotoxic drugs,II,โรคเนื้องอก/มะเร็ง,,,,,บัญชียาหลักแห่งชาติ พ.ศ. 2558,http://drug.fda.moph.go.th:81/nlem.in.th/medicine/essential/list,กลุ่มนโยบายแห่งชาติด้านยา สำนักยา กระทรวงสาธารณสุข
Fluorouracil,,sterile sol,,ค,ยาโรงพยาบาล,ต้องอยู่ในบัญชียาของ รพ.นั้น,🔵,Malignant disease and immunosuppression,Cytotoxic drugs,II,โรคเนื้องอก/มะเร็ง,,,,,บัญชียาหลักแห่งชาติ พ.ศ. 2558,http://drug.fda.moph.go.th:81/nlem.in.th/medicine/essential/list,กลุ่มนโยบายแห่งชาติด้านยา สำนักยา กระทรวงสาธารณสุข
Mercaptopurine,,tab,,ค,ยาโรงพยาบาล,ต้องอยู่ในบัญชียาของ รพ.นั้น,🔵,Malignant disease and immunosuppression,Cytotoxic drugs,II,โรคเนื้องอก/มะเร็ง,,,,,บัญชียาหลักแห่งชาติ พ.ศ. 2558,http://drug.fda.moph.go.th:81/nlem.in.th/medicine/essential/list,กลุ่มนโยบายแห่งชาติด้านยา สำนักยา กระทรวงสาธารณสุข
Methotrexate,,"tab (as base or sodium), sterile pwdr / sterile sol (as sodium)",,ค,ยาโรงพยาบาล,ต้องอยู่ในบัญชียาของ รพ.นั้น,🔵,Malignant disease and immunosuppression,Cytotoxic drugs,II,โรคเนื้องอก/มะเร็ง,,,,,บัญชียาหลักแห่งชาติ พ.ศ. 2558,http://drug.fda.moph.go.th:81/nlem.in.th/medicine/essential/list,กลุ่มนโยบายแห่งชาติด้านยา สำนักยา กระทรวงสาธารณสุข
Capecitabine,,tab,,ง,ยาโรคเฉพาะทาง,ใช้กับโรคเฉพาะ ตามแนวทางการรักษา,🟣,Malignant disease and immunosuppression,Cytotoxic drugs,II,โรคเนื้องอก/มะเร็ง,,ใช้สำหรับ advanced breast cancer โดยใช้เป็น second หรือ third -line drug หลังการใช้ anthracycline และ/หรือ taxane มาแล้ว,,,บัญชียาหลักแห่งชาติ พ.ศ. 2558,http://drug.fda.moph.go.th:81/nlem.in.th/medicine/essential/list,กลุ่มนโยบายแห่งชาติด้านยา สำนักยา กระทรวงสาธารณสุข
Gemcitabine hydrochloride,,sterile pwdr,,ง,ยาโรคเฉพาะทาง,ใช้กับโรคเฉพาะ ตามแนวทางการรักษา,🟣,Malignant disease and immunosuppression,Cytotoxic drugs,II,โรคเนื้องอก/มะเร็ง,,"1. ใช้สำหรับ advanced pancreatic cancer
2. ใช้สำหรับ advanced non-small cell lung  cancer
3. ใช้สำหรับ advanced bladder cancer
4. ใช้สำหรับ second -line หรือ subsequent line ใน advanced ovarian cancer ที่ดื้อต่อยาในกลุ่ม taxane",,,บัญชียาหลักแห่งชาติ พ.ศ. 2558,http://drug.fda.moph.go.th:81/nlem.in.th/medicine/essential/list,กลุ่มนโยบายแห่งชาติด้านยา สำนักยา กระทรวงสาธารณสุข
Oxaliplatin,,"sterile pwdr ,sterile sol",,ง,ยาโรคเฉพาะทาง,ใช้กับโรคเฉพาะ ตามแนวทางการรักษา,🟣,Malignant disease and immunosuppression,Cytotoxic drugs,II,โรคเนื้องอก/มะเร็ง,,ใช้เป็น adjuvant therapy ใน stage III colorectal cancer โดยใช้ร่วมกับ 5-FU + leucovorin based- regimen ในคนไข้ที่มี Eastern Co-operative Oncology Group (ECOG) performance status ตั้งแต่ 0 - 1,,,บัญชียาหลักแห่งชาติ พ.ศ. 2558,http://drug.fda.moph.go.th:81/nlem.in.th/medicine/essential/list,กลุ่มนโยบายแห่งชาติด้านยา สำนักยา กระทรวงสาธารณสุข
Tegafur + uracil,,capsule (100/224 mg),,ง,ยาโรคเฉพาะทาง,ใช้กับโรคเฉพาะ ตามแนวทางการรักษา,🟣,Malignant disease and immunosuppression,Cytotoxic drugs,II,โรคเนื้องอก/มะเร็ง,,ใช้ใน adjuvant treatment ใน stage II colorectal cancer,,ราคายา Tegafur + uracil (100/224 mg) ที่ต่อรองได้ แคปซูลละไม่เกิน 56.00 บาท (ราคารวมภาษีมูลค่าเพิ่ม) กำหนดยืนราคา 730 วัน  นับจากวันถัดจากวันประกาศในราชกิจจานุเบกษา เงื่อนไขและรายละเอียดอื่นๆ ให้ดูตามแบบเสนอยาในเว็บไซต์ www.nlem.in.th,บัญชียาหลักแห่งชาติ พ.ศ. 2558,http://drug.fda.moph.go.th:81/nlem.in.th/medicine/essential/list,กลุ่มนโยบายแห่งชาติด้านยา สำนักยา กระทรวงสาธารณสุข
Tioguanine,Thioguanine,tab,,ง,ยาโรคเฉพาะทาง,ใช้กับโรคเฉพาะ ตามแนวทางการรักษา,🟣,Malignant disease and immunosuppression,Cytotoxic drugs,II,โรคเนื้องอก/มะเร็ง,,"ใช้สำหรับ chronic myeloid leukemia,  acute lymphocytic leukemia และ acute non-lymphocytic leukemia",,,บัญชียาหลักแห่งชาติ พ.ศ. 2558,http://drug.fda.moph.go.th:81/nlem.in.th/medicine/essential/list,กลุ่มนโยบายแห่งชาติด้านยา สำนักยา กระทรวงสาธารณสุข
Etoposide,,"cap (as base), sterile sol (as base)",,ค,ยาโรงพยาบาล,ต้องอยู่ในบัญชียาของ รพ.นั้น,🔵,Malignant disease and immunosuppression,Cytotoxic drugs,II,โรคเนื้องอก/มะเร็ง,,,,,บัญชียาหลักแห่งชาติ พ.ศ. 2558,http://drug.fda.moph.go.th:81/nlem.in.th/medicine/essential/list,กลุ่มนโยบายแห่งชาติด้านยา สำนักยา กระทรวงสาธารณสุข
Vinblastine sulfate,,"sterile pwdr, sterile sol",,ค,ยาโรงพยาบาล,ต้องอยู่ในบัญชียาของ รพ.นั้น,🔵,Malignant disease and immunosuppression,Cytotoxic drugs,II,โรคเนื้องอก/มะเร็ง,,,,,บัญชียาหลักแห่งชาติ พ.ศ. 2558,http://drug.fda.moph.go.th:81/nlem.in.th/medicine/essential/list,กลุ่มนโยบายแห่งชาติด้านยา สำนักยา กระทรวงสาธารณสุข
Vincristine sulfate,,"sterile pwdr, sterile sol",,ค,ยาโรงพยาบาล,ต้องอยู่ในบัญชียาของ รพ.นั้น,🔵,Malignant disease and immunosuppression,Cytotoxic drugs,II,โรคเนื้องอก/มะเร็ง,,,,,บัญชียาหลักแห่งชาติ พ.ศ. 2558,http://drug.fda.moph.go.th:81/nlem.in.th/medicine/essential/list,กลุ่มนโยบายแห่งชาติด้านยา สำนักยา กระทรวงสาธารณสุข
Asparaginase,Crisantapase,sterile pwdr,,ค,ยาโรงพยาบาล,ต้องอยู่ในบัญชียาของ รพ.นั้น,🔵,Malignant disease and immunosuppression,Cytotoxic drugs,II,โรคเนื้องอก/มะเร็ง,,,,,บัญชียาหลักแห่งชาติ พ.ศ. 2558,http://drug.fda.moph.go.th:81/nlem.in.th/medicine/essential/list,กลุ่มนโยบายแห่งชาติด้านยา สำนักยา กระทรวงสาธารณสุข
Cisplatin,,"sterile pwdr, sterile sol",,ค,ยาโรงพยาบาล,ต้องอยู่ในบัญชียาของ รพ.นั้น,🔵,Malignant disease and immunosuppression,Cytotoxic drugs,II,โรคเนื้องอก/มะเร็ง,,,,,บัญชียาหลักแห่งชาติ พ.ศ. 2558,http://drug.fda.moph.go.th:81/nlem.in.th/medicine/essential/list,กลุ่มนโยบายแห่งชาติด้านยา สำนักยา กระทรวงสาธารณสุข
Carboplatin,,"sterile pwdr, sterile sol",,ค,ยาโรงพยาบาล,ต้องอยู่ในบัญชียาของ รพ.นั้น,🔵,Malignant disease and immunosuppression,Cytotoxic drugs,II,โรคเนื้องอก/มะเร็ง,,,,,บัญชียาหลักแห่งชาติ พ.ศ. 2558,http://drug.fda.moph.go.th:81/nlem.in.th/medicine/essential/list,กลุ่มนโยบายแห่งชาติด้านยา สำนักยา กระทรวงสาธารณสุข
Hydroxycarbamide,Hydroxyurea,cap,,ค,ยาโรงพยาบาล,ต้องอยู่ในบัญชียาของ รพ.นั้น,🔵,Malignant disease and immunosuppression,Cytotoxic drugs,II,โรคเนื้องอก/มะเร็ง,,,,,บัญชียาหลักแห่งชาติ พ.ศ. 2558,http://drug.fda.moph.go.th:81/nlem.in.th/medicine/essential/list,กลุ่มนโยบายแห่งชาติด้านยา สำนักยา กระทรวงสาธารณสุข
Paclitaxel,,sterile sol,,ง,ยาโรคเฉพาะทาง,ใช้กับโรคเฉพาะ ตามแนวทางการรักษา,🟣,Malignant disease and immunosuppression,Cytotoxic drugs,II,โรคเนื้องอก/มะเร็ง,,"1. ใช้สำหรับ advanced breast cancer ที่ได้รับ anthracycline มาแล้ว หรือไม่สามารถให้ anthracycline ได้
2. ใช้เป็น adjuvant treatment สำหรับ high risk, node positive breast cancer
3. ใช้สำหรับมะเร็งรังไข่
4. ใช้สำหรับ advanced non-small cell lung cancer
5. ใช้สำหรับ AIDS-related Kaposi’s sarcoma",,,บัญชียาหลักแห่งชาติ พ.ศ. 2558,http://drug.fda.moph.go.th:81/nlem.in.th/medicine/essential/list,กลุ่มนโยบายแห่งชาติด้านยา สำนักยา กระทรวงสาธารณสุข
Tretinoin,all-trans-Retinoic acid,cap,,ง,ยาโรคเฉพาะทาง,ใช้กับโรคเฉพาะ ตามแนวทางการรักษา,🟣,Malignant disease and immunosuppression,Cytotoxic drugs,II,โรคเนื้องอก/มะเร็ง,,ใช้รักษาโรค acute myelogenous leukemia ชนิด M3 (acute promyelocytic leukemia) ที่ได้รับการตรวจ chromosome หรือ PML/RARA โดยจะต้องหยุดใช้ยาเมื่อผลการตรวจ chromosome ไม่ยืนยันว่าพบ t(15;17) หรือ PML/RARA เป็นลบ,,,บัญชียาหลักแห่งชาติ พ.ศ. 2558,http://drug.fda.moph.go.th:81/nlem.in.th/medicine/essential/list,กลุ่มนโยบายแห่งชาติด้านยา สำนักยา กระทรวงสาธารณสุข
Docetaxel,,sterile sol,,จ(2),ยาพิเศษ,ต้องขออนุมัติ + เงื่อนไขพิเศษ,🔴,Malignant disease and immunosuppression,Cytotoxic drugs,II,โรคเนื้องอก/มะเร็ง,,"1. ใช้กับผู้ป่วยโรคมะเร็งเต้านมระยะเริ่มต้นหรือระยะลุกลาม ที่มีปัญหาโรคหัวใจ โดยมีแนวทางกำกับการใช้ยาเป็นไปตามรายละเอียดในภาคผนวก 3
2. ใช้เป็น second-line drug สำหรับโรคมะเร็งปอด ชนิด non-small cell ระยะลุกลาม โดยมีแนวทางกำกับการใช้ยาเป็นไปตามรายละเอียดในภาคผนวก 3
3. ใช้สำหรับมะเร็งต่อมลูกหมากระยะแพร่กระจาย โดยมีแนวทางกำกับการใช้ยาเป็นไปตามรายละเอียดในภาคผนวก 3",,,บัญชียาหลักแห่งชาติ พ.ศ. 2558,http://drug.fda.moph.go.th:81/nlem.in.th/medicine/essential/list,กลุ่มนโยบายแห่งชาติด้านยา สำนักยา กระทรวงสาธารณสุข
Imatinib  mesilate,,tab  (เฉพาะ 100 และ 400 mg),,จ(2),ยาพิเศษ,ต้องขออนุมัติ + เงื่อนไขพิเศษ,🔴,Malignant disease and immunosuppression,Cytotoxic drugs,II,โรคเนื้องอก/มะเร็ง,,"1. ใช้สำหรับ chronic myelogenous leukemia (CML) ระยะ chronic stable phase โดยมีแนวทางกำกับการใช้ยาเป็นไปตามรายละเอียดในภาคผนวก 3
2. ใช้สำหรับ gastrointestinal stromal tumors (GISTs) ระยะลุกลามหรือมีการกระจายของโรค โดยมีแนวทางกำกับการใช้ยาเป็นไปตามรายละเอียดในภาคผนวก 3",,,บัญชียาหลักแห่งชาติ พ.ศ. 2558,http://drug.fda.moph.go.th:81/nlem.in.th/medicine/essential/list,กลุ่มนโยบายแห่งชาติด้านยา สำนักยา กระทรวงสาธารณสุข
Dexamethasone,,"cap (as base) , tab (as base), sterile sol (as sodium phosphate or acetate)",,ก,ยาจำเป็นพื้นฐาน,บัตรทอง/ประกันสังคมเบิกได้ทุกกรณี,🟢,Malignant disease and immunosuppression,Drugs affecting the immune response,II,โรคเนื้องอก/มะเร็ง,,,,,บัญชียาหลักแห่งชาติ พ.ศ. 2558,http://drug.fda.moph.go.th:81/nlem.in.th/medicine/essential/list,กลุ่มนโยบายแห่งชาติด้านยา สำนักยา กระทรวงสาธารณสุข
Prednisolone,,"cap, tab",,ก,ยาจำเป็นพื้นฐาน,บัตรทอง/ประกันสังคมเบิกได้ทุกกรณี,🟢,Malignant disease and immunosuppression,Drugs affecting the immune response,II,โรคเนื้องอก/มะเร็ง,,,,,บัญชียาหลักแห่งชาติ พ.ศ. 2558,http://drug.fda.moph.go.th:81/nlem.in.th/medicine/essential/list,กลุ่มนโยบายแห่งชาติด้านยา สำนักยา กระทรวงสาธารณสุข
Azathioprine,,tab,,ค,ยาโรงพยาบาล,ต้องอยู่ในบัญชียาของ รพ.นั้น,🔵,Malignant disease and immunosuppression,Drugs affecting the immune response,II,โรคเนื้องอก/มะเร็ง,,กรณี multiple sclerosis ให้ใช้โดยผู้เชี่ยวชาญด้านประสาทวิทยา,,,บัญชียาหลักแห่งชาติ พ.ศ. 2558,http://drug.fda.moph.go.th:81/nlem.in.th/medicine/essential/list,กลุ่มนโยบายแห่งชาติด้านยา สำนักยา กระทรวงสาธารณสุข
Ciclosporin,Cyclosporin,"cap, oral sol, oral susp, sterile sol",,ค,ยาโรงพยาบาล,ต้องอยู่ในบัญชียาของ รพ.นั้น,🔵,Malignant disease and immunosuppression,Drugs affecting the immune response,II,โรคเนื้องอก/มะเร็ง,,"กรณีผู้ป่วยไตมีเงื่อนไข คือ 
1. กรณีผู้ป่วยปลูกถ่ายไตในระยะ maintenance therapy ให้ใช้ยารับประทานชนิด microemulsion
2. ใช้กับผู้ป่วย mininal change disease (MCD) ที่มี relapse บ่อย
3. ใช้กับผู้ป่วย focal segmental glomerulosclerosis (FSGS) ที่ดื้อต่อ prednisolone และ cyclophosphamide",,,บัญชียาหลักแห่งชาติ พ.ศ. 2558,http://drug.fda.moph.go.th:81/nlem.in.th/medicine/essential/list,กลุ่มนโยบายแห่งชาติด้านยา สำนักยา กระทรวงสาธารณสุข
Methylprednisolone,,sterile pwdr/sterile susp (as hemisuccinate or sodium succinate or acetate),,ค,ยาโรงพยาบาล,ต้องอยู่ในบัญชียาของ รพ.นั้น,🔵,Malignant disease and immunosuppression,Drugs affecting the immune response,II,โรคเนื้องอก/มะเร็ง,,"1.ใช้สำหรับ induction therapy ในการปลูกถ่ายอวัยวะ
2.ใช้สำหรับ acute rejection ในการปลูกถ่ายอวัยวะ (renal allograft acute rejection), SLE ชนิดรุนแรง, glomerulonephritis ชนิดรุนแรง, vasculitis, aplastic anemia, idiopathic thrombocytopenic purpura, demyelinating disease",,,บัญชียาหลักแห่งชาติ พ.ศ. 2558,http://drug.fda.moph.go.th:81/nlem.in.th/medicine/essential/list,กลุ่มนโยบายแห่งชาติด้านยา สำนักยา กระทรวงสาธารณสุข
"Antithymocyte immunoglobulin, rabbit",ATG,"sterile pwdr , sterile sol",,ง,ยาโรคเฉพาะทาง,ใช้กับโรคเฉพาะ ตามแนวทางการรักษา,🟣,Malignant disease and immunosuppression,Drugs affecting the immune response,II,โรคเนื้องอก/มะเร็ง,,"1. ใช้รักษาระยะ induction ในผู้ป่วยที่มีความเสี่ยงสูงต่อการเกิด acute renal allograft rejection 
2. ใช้รักษาภาวะ acute renal allograft rejection ที่ไม่ตอบสนองต่อ pulse methylprednisolone หรือที่มี พยาธิสภาพรุนแรง",,"จัดเป็นบัญชี จ(2) เมื่อใช้สำหรับ severe aplastic anemia ดูข้อ 9.1.2 Drugs used in hypoplastic, hemolytic and renal anemias",บัญชียาหลักแห่งชาติ พ.ศ. 2558,http://drug.fda.moph.go.th:81/nlem.in.th/medicine/essential/list,กลุ่มนโยบายแห่งชาติด้านยา สำนักยา กระทรวงสาธารณสุข
Basiliximab,,sterile pwdr,,ง,ยาโรคเฉพาะทาง,ใช้กับโรคเฉพาะ ตามแนวทางการรักษา,🟣,Malignant disease and immunosuppression,Drugs affecting the immune response,II,โรคเนื้องอก/มะเร็ง,,ใช้สำหรับ induction therapy ในผู้ป่วยปลูกถ่ายไต,,,บัญชียาหลักแห่งชาติ พ.ศ. 2558,http://drug.fda.moph.go.th:81/nlem.in.th/medicine/essential/list,กลุ่มนโยบายแห่งชาติด้านยา สำนักยา กระทรวงสาธารณสุข
Mycophenolate mofetil,,cap,,ง,ยาโรคเฉพาะทาง,ใช้กับโรคเฉพาะ ตามแนวทางการรักษา,🟣,Malignant disease and immunosuppression,Drugs affecting the immune response,II,โรคเนื้องอก/มะเร็ง,,ใช้เป็น alternative drug ในกรณีผู้ป่วยปลูกถ่ายไตในระยะ maintenance therapy,,,บัญชียาหลักแห่งชาติ พ.ศ. 2558,http://drug.fda.moph.go.th:81/nlem.in.th/medicine/essential/list,กลุ่มนโยบายแห่งชาติด้านยา สำนักยา กระทรวงสาธารณสุข
Tacrolimus,,"cap, sterile sol (concentrate for infusion)",,ง,ยาโรคเฉพาะทาง,ใช้กับโรคเฉพาะ ตามแนวทางการรักษา,🟣,Malignant disease and immunosuppression,Drugs affecting the immune response,II,โรคเนื้องอก/มะเร็ง,,"1. ชนิดรับประทานใช้กับผู้ป่วยปลูกถ่ายไตในระยะ maintenance therapy กรณีมีผลข้างเคียงจากการใช้ ciclosporin เช่น severe gum hypertrophy, hirsutism เป็นต้น
2. ชนิดรับประทานใช้กับผู้ป่วยปลูกถ่ายไตระยะ maintenance therapy หลังเกิดภาวะ acute rejection ที่รุนแรง 
3. ใช้กับผู้ป่วยปลูกถ่ายตับ",,,บัญชียาหลักแห่งชาติ พ.ศ. 2558,http://drug.fda.moph.go.th:81/nlem.in.th/medicine/essential/list,กลุ่มนโยบายแห่งชาติด้านยา สำนักยา กระทรวงสาธารณสุข
BCG,Bacillus Calmette-Guérin,freeze-dried pwdr for bladder instillation,,ง,ยาโรคเฉพาะทาง,ใช้กับโรคเฉพาะ ตามแนวทางการรักษา,🟣,Malignant disease and immunosuppression,Drugs affecting the immune response,II,โรคเนื้องอก/มะเร็ง,,ใช้สำหรับมะเร็งกระเพาะปัสสาวะชนิด superficial bladder cancer,,,บัญชียาหลักแห่งชาติ พ.ศ. 2558,http://drug.fda.moph.go.th:81/nlem.in.th/medicine/essential/list,กลุ่มนโยบายแห่งชาติด้านยา สำนักยา กระทรวงสาธารณสุข
"Human normal immunoglobulin, intravenous",IVIG,"sterile pwdr, sterile sol",,จ(2),ยาพิเศษ,ต้องขออนุมัติ + เงื่อนไขพิเศษ,🔴,Malignant disease and immunosuppression,Drugs affecting the immune response,II,โรคเนื้องอก/มะเร็ง,,"1. ใช้สำหรับโรคคาวาซากิระยะเฉียบพลัน (acute phase of Kawasaki disease) โดยมีแนวทางกำกับการใช้ยาเป็นไปตามรายละเอียดในภาคผนวก 3
2. ใช้สำหรับโรคภูมิคุ้มกันบกพร่องปฐมภูมิ (primary immunodeficiency diseases) โดยมีแนวทางกำกับการใช้ยาเป็นไปตามรายละเอียดในภาคผนวก 3
3. ใช้สำหรับโรค idiopathic thrombocytopenic purpura (ITP) ชนิดรุนแรง โดยมีแนวทางกำกับการใช้ยาเป็นไปตามรายละเอียดในภาคผนวก 3
4. ใช้สำหรับ autoimmune hemolytic anemia (AIHA) ที่ไม่ตอบสนองต่อการรักษาตามขั้นตอนของมาตรฐานการรักษา และมีอาการรุนแรงที่อาจเป็นอันตรายถึงแก่ชีวิต โดยมีแนวทางกำกับการใช้ยาเป็นไปตามรายละเอียดในภาคผนวก 3
5. ใช้สำหรับโรค Guillain–Barré syndrome ที่มีอาการรุนแรง โดยมีแนวทางกำกับการใช้ยาเป็นไปตามรายละเอียดในภาคผนวก 3
6. ใช้สำหรับโรคกล้ามเนื้ออ่อนแรงชนิดร้ายระยะวิกฤต (myasthenia gravis, acute exacerbation หรือ myasthenic crisis) โดยมีแนวทางกำกับการใช้ยาเป็นไปตามรายละเอียดในภาคผนวก 3
7. ใช้สำหรับโรค pemphigus vulgaris ที่มีอาการรุนแรง และไม่ตอบสนองต่อการรักษาด้วยยามาตรฐาน โดยมีแนวทางกำกับการใช้ยาเป็นไปตามรายละเอียดในภาคผนวก 3
8. ใช้สำหรับ hemophagocytic lymphohistiocytosis (HLH) โดยมีแนวทางกำกับการใช้ยาเป็นไปตามรายละเอียดในภาคผนวก 3",,,บัญชียาหลักแห่งชาติ พ.ศ. 2558,http://drug.fda.moph.go.th:81/nlem.in.th/medicine/essential/list,กลุ่มนโยบายแห่งชาติด้านยา สำนักยา กระทรวงสาธารณสุข
Sirolimus,Rapamycin,"oral sol (เฉพาะ 1 mg/ml), tab (เฉพาะ 1 mg)",,ง,ยาโรคเฉพาะทาง,ใช้กับโรคเฉพาะ ตามแนวทางการรักษา,🟣,Malignant disease and immunosuppression,Drugs affecting the immune response,II,โรคเนื้องอก/มะเร็ง,,ใช้กับผู้ป่วยปลูกถ่ายไตในระยะ maintenance therapy ที่ต้องการหลีกเลี่ยงการใช้ prednisolone รวมทั้งเพื่อหลีกเลี่ยงพิษต่อไตจาก ciclosporin หรือ tacrolimus,,,บัญชียาหลักแห่งชาติ พ.ศ. 2558,http://drug.fda.moph.go.th:81/nlem.in.th/medicine/essential/list,กลุ่มนโยบายแห่งชาติด้านยา สำนักยา กระทรวงสาธารณสุข
Tamoxifen citrate,,tab,,ค,ยาโรงพยาบาล,ต้องอยู่ในบัญชียาของ รพ.นั้น,🔵,Malignant disease and immunosuppression,Sex hormones and hormone antagonists in malignant disease,II,โรคเนื้องอก/มะเร็ง,,ใช้สำหรับมะเร็งเต้านม,,,บัญชียาหลักแห่งชาติ พ.ศ. 2558,http://drug.fda.moph.go.th:81/nlem.in.th/medicine/essential/list,กลุ่มนโยบายแห่งชาติด้านยา สำนักยา กระทรวงสาธารณสุข
Letrozole,,tab (เฉพาะ 2.5 mg),,จ(2),ยาพิเศษ,ต้องขออนุมัติ + เงื่อนไขพิเศษ,🔴,Malignant disease and immunosuppression,Sex hormones and hormone antagonists in malignant disease,II,โรคเนื้องอก/มะเร็ง,,ใช้สำหรับมะเร็งเต้านมที่มี hormone receptor เป็นบวก โดยมีแนวทางกำกับการใช้ยาเป็นไปตามรายละเอียดในภาคผนวก 3,,,บัญชียาหลักแห่งชาติ พ.ศ. 2558,http://drug.fda.moph.go.th:81/nlem.in.th/medicine/essential/list,กลุ่มนโยบายแห่งชาติด้านยา สำนักยา กระทรวงสาธารณสุข
Megestrol acetate,,tab,,ง,ยาโรคเฉพาะทาง,ใช้กับโรคเฉพาะ ตามแนวทางการรักษา,🟣,Malignant disease and immunosuppression,Sex hormones and hormone antagonists in malignant disease,II,โรคเนื้องอก/มะเร็ง,,ใช้สำหรับ advanced breast cancer ที่มีผลการตรวจ hormone receptor เป็นบวก,,,บัญชียาหลักแห่งชาติ พ.ศ. 2558,http://drug.fda.moph.go.th:81/nlem.in.th/medicine/essential/list,กลุ่มนโยบายแห่งชาติด้านยา สำนักยา กระทรวงสาธารณสุข
Flutamide,,tab,,ง,ยาโรคเฉพาะทาง,ใช้กับโรคเฉพาะ ตามแนวทางการรักษา,🟣,Malignant disease and immunosuppression,Sex hormones and hormone antagonists in malignant disease,II,โรคเนื้องอก/มะเร็ง,,ใช้เป็น monotherapy สำหรับการรักษามะเร็งต่อมลูกหมากในระยะแพร่กระจายโดยเป็น second-line drug ของ bilateral orchiectomy,,,บัญชียาหลักแห่งชาติ พ.ศ. 2558,http://drug.fda.moph.go.th:81/nlem.in.th/medicine/essential/list,กลุ่มนโยบายแห่งชาติด้านยา สำนักยา กระทรวงสาธารณสุข
Fresh dried plasma,,,,ก,ยาจำเป็นพื้นฐาน,บัตรทอง/ประกันสังคมเบิกได้ทุกกรณี,🟢,Nutrition and blood,"Whole blood, blood products and drugs used in some blood disorders",III,โรคของเลือดและอวัยวะสร้างเลือด,,,,,บัญชียาหลักแห่งชาติ พ.ศ. 2558,http://drug.fda.moph.go.th:81/nlem.in.th/medicine/essential/list,กลุ่มนโยบายแห่งชาติด้านยา สำนักยา กระทรวงสาธารณสุข
Fresh frozen plasma,,,,ก,ยาจำเป็นพื้นฐาน,บัตรทอง/ประกันสังคมเบิกได้ทุกกรณี,🟢,Nutrition and blood,"Whole blood, blood products and drugs used in some blood disorders",III,โรคของเลือดและอวัยวะสร้างเลือด,,,,,บัญชียาหลักแห่งชาติ พ.ศ. 2558,http://drug.fda.moph.go.th:81/nlem.in.th/medicine/essential/list,กลุ่มนโยบายแห่งชาติด้านยา สำนักยา กระทรวงสาธารณสุข
Frozen cryoprecipitate,,,,ก,ยาจำเป็นพื้นฐาน,บัตรทอง/ประกันสังคมเบิกได้ทุกกรณี,🟢,Nutrition and blood,"Whole blood, blood products and drugs used in some blood disorders",III,โรคของเลือดและอวัยวะสร้างเลือด,,,,,บัญชียาหลักแห่งชาติ พ.ศ. 2558,http://drug.fda.moph.go.th:81/nlem.in.th/medicine/essential/list,กลุ่มนโยบายแห่งชาติด้านยา สำนักยา กระทรวงสาธารณสุข
Leukocyte depleted platelets concentrate,,,,ก,ยาจำเป็นพื้นฐาน,บัตรทอง/ประกันสังคมเบิกได้ทุกกรณี,🟢,Nutrition and blood,"Whole blood, blood products and drugs used in some blood disorders",III,โรคของเลือดและอวัยวะสร้างเลือด,,,,,บัญชียาหลักแห่งชาติ พ.ศ. 2558,http://drug.fda.moph.go.th:81/nlem.in.th/medicine/essential/list,กลุ่มนโยบายแห่งชาติด้านยา สำนักยา กระทรวงสาธารณสุข
"Leukocyte depleted pooled platelets concentrate, random donor",LD-PPC,,,ก,ยาจำเป็นพื้นฐาน,บัตรทอง/ประกันสังคมเบิกได้ทุกกรณี,🟢,Nutrition and blood,"Whole blood, blood products and drugs used in some blood disorders",III,โรคของเลือดและอวัยวะสร้างเลือด,,,,,บัญชียาหลักแห่งชาติ พ.ศ. 2558,http://drug.fda.moph.go.th:81/nlem.in.th/medicine/essential/list,กลุ่มนโยบายแห่งชาติด้านยา สำนักยา กระทรวงสาธารณสุข
Lyophilized cryoprecipitate,,,,ก,ยาจำเป็นพื้นฐาน,บัตรทอง/ประกันสังคมเบิกได้ทุกกรณี,🟢,Nutrition and blood,"Whole blood, blood products and drugs used in some blood disorders",III,โรคของเลือดและอวัยวะสร้างเลือด,,,,,บัญชียาหลักแห่งชาติ พ.ศ. 2558,http://drug.fda.moph.go.th:81/nlem.in.th/medicine/essential/list,กลุ่มนโยบายแห่งชาติด้านยา สำนักยา กระทรวงสาธารณสุข
Packed red cell,,,,ก,ยาจำเป็นพื้นฐาน,บัตรทอง/ประกันสังคมเบิกได้ทุกกรณี,🟢,Nutrition and blood,"Whole blood, blood products and drugs used in some blood disorders",III,โรคของเลือดและอวัยวะสร้างเลือด,,,,,บัญชียาหลักแห่งชาติ พ.ศ. 2558,http://drug.fda.moph.go.th:81/nlem.in.th/medicine/essential/list,กลุ่มนโยบายแห่งชาติด้านยา สำนักยา กระทรวงสาธารณสุข
"Packed red cell, leukocyte depleted",,,,ก,ยาจำเป็นพื้นฐาน,บัตรทอง/ประกันสังคมเบิกได้ทุกกรณี,🟢,Nutrition and blood,"Whole blood, blood products and drugs used in some blood disorders",III,โรคของเลือดและอวัยวะสร้างเลือด,,,,,บัญชียาหลักแห่งชาติ พ.ศ. 2558,http://drug.fda.moph.go.th:81/nlem.in.th/medicine/essential/list,กลุ่มนโยบายแห่งชาติด้านยา สำนักยา กระทรวงสาธารณสุข
"Packed red cell, leukocyte poor",,,,ก,ยาจำเป็นพื้นฐาน,บัตรทอง/ประกันสังคมเบิกได้ทุกกรณี,🟢,Nutrition and blood,"Whole blood, blood products and drugs used in some blood disorders",III,โรคของเลือดและอวัยวะสร้างเลือด,,,,,บัญชียาหลักแห่งชาติ พ.ศ. 2558,http://drug.fda.moph.go.th:81/nlem.in.th/medicine/essential/list,กลุ่มนโยบายแห่งชาติด้านยา สำนักยา กระทรวงสาธารณสุข
"Platelets concentrate, random donor",,,,ก,ยาจำเป็นพื้นฐาน,บัตรทอง/ประกันสังคมเบิกได้ทุกกรณี,🟢,Nutrition and blood,"Whole blood, blood products and drugs used in some blood disorders",III,โรคของเลือดและอวัยวะสร้างเลือด,,,,,บัญชียาหลักแห่งชาติ พ.ศ. 2558,http://drug.fda.moph.go.th:81/nlem.in.th/medicine/essential/list,กลุ่มนโยบายแห่งชาติด้านยา สำนักยา กระทรวงสาธารณสุข
"Platelets concentrate, single donor",,,,ก,ยาจำเป็นพื้นฐาน,บัตรทอง/ประกันสังคมเบิกได้ทุกกรณี,🟢,Nutrition and blood,"Whole blood, blood products and drugs used in some blood disorders",III,โรคของเลือดและอวัยวะสร้างเลือด,,,,,บัญชียาหลักแห่งชาติ พ.ศ. 2558,http://drug.fda.moph.go.th:81/nlem.in.th/medicine/essential/list,กลุ่มนโยบายแห่งชาติด้านยา สำนักยา กระทรวงสาธารณสุข
Whole blood,,,,ก,ยาจำเป็นพื้นฐาน,บัตรทอง/ประกันสังคมเบิกได้ทุกกรณี,🟢,Nutrition and blood,"Whole blood, blood products and drugs used in some blood disorders",III,โรคของเลือดและอวัยวะสร้างเลือด,,,,,บัญชียาหลักแห่งชาติ พ.ศ. 2558,http://drug.fda.moph.go.th:81/nlem.in.th/medicine/essential/list,กลุ่มนโยบายแห่งชาติด้านยา สำนักยา กระทรวงสาธารณสุข
"Leukocyte depleted platelets concentrate, single donor",,,,ข,ยาที่ใช้ได้ตามเงื่อนไข,เบิกได้บางกรณี ตามเงื่อนไขที่กำหนด,🟡,Nutrition and blood,"Whole blood, blood products and drugs used in some blood disorders",III,โรคของเลือดและอวัยวะสร้างเลือด,,ใช้เฉพาะผู้ป่วยที่มีกลุ่มเลือดหายาก Rh- หรือมีความจำเป็นต้องใช้เลือดเร่งด่วนแต่ขาดเลือดเท่านั้น,,,บัญชียาหลักแห่งชาติ พ.ศ. 2558,http://drug.fda.moph.go.th:81/nlem.in.th/medicine/essential/list,กลุ่มนโยบายแห่งชาติด้านยา สำนักยา กระทรวงสาธารณสุข
"Packed red cell, leukocyte depleted single donor 2 units",,,,ข,ยาที่ใช้ได้ตามเงื่อนไข,เบิกได้บางกรณี ตามเงื่อนไขที่กำหนด,🟡,Nutrition and blood,"Whole blood, blood products and drugs used in some blood disorders",III,โรคของเลือดและอวัยวะสร้างเลือด,,ใช้เฉพาะผู้ป่วยที่มีกลุ่มเลือดหายาก Rh- หรือมีความจำเป็นต้องใช้เลือดเร่งด่วนแต่ขาดเลือดเท่านั้น,,,บัญชียาหลักแห่งชาติ พ.ศ. 2558,http://drug.fda.moph.go.th:81/nlem.in.th/medicine/essential/list,กลุ่มนโยบายแห่งชาติด้านยา สำนักยา กระทรวงสาธารณสุข
"Packed red cell, irradiated",,,,ค,ยาโรงพยาบาล,ต้องอยู่ในบัญชียาของ รพ.นั้น,🔵,Nutrition and blood,"Whole blood, blood products and drugs used in some blood disorders",III,โรคของเลือดและอวัยวะสร้างเลือด,,ใช้กับผู้ป่วยปลูกถ่ายเซลล์ต้นกำเนิดเม็ดเลือด,,,บัญชียาหลักแห่งชาติ พ.ศ. 2558,http://drug.fda.moph.go.th:81/nlem.in.th/medicine/essential/list,กลุ่มนโยบายแห่งชาติด้านยา สำนักยา กระทรวงสาธารณสุข
"Packed red cell, leukocyte poor, irradiated",,,,ค,ยาโรงพยาบาล,ต้องอยู่ในบัญชียาของ รพ.นั้น,🔵,Nutrition and blood,"Whole blood, blood products and drugs used in some blood disorders",III,โรคของเลือดและอวัยวะสร้างเลือด,,ใช้กับผู้ป่วยปลูกถ่ายเซลล์ต้นกำเนิดเม็ดเลือด,,,บัญชียาหลักแห่งชาติ พ.ศ. 2558,http://drug.fda.moph.go.th:81/nlem.in.th/medicine/essential/list,กลุ่มนโยบายแห่งชาติด้านยา สำนักยา กระทรวงสาธารณสุข
"Platelets concentrate, irradiated",,,,ค,ยาโรงพยาบาล,ต้องอยู่ในบัญชียาของ รพ.นั้น,🔵,Nutrition and blood,"Whole blood, blood products and drugs used in some blood disorders",III,โรคของเลือดและอวัยวะสร้างเลือด,,ใช้กับผู้ป่วยปลูกถ่ายเซลล์ต้นกำเนิดเม็ดเลือด,,,บัญชียาหลักแห่งชาติ พ.ศ. 2558,http://drug.fda.moph.go.th:81/nlem.in.th/medicine/essential/list,กลุ่มนโยบายแห่งชาติด้านยา สำนักยา กระทรวงสาธารณสุข
"Packed red cell, leukocyte depleted irradiated",,,,ง,ยาโรคเฉพาะทาง,ใช้กับโรคเฉพาะ ตามแนวทางการรักษา,🟣,Nutrition and blood,"Whole blood, blood products and drugs used in some blood disorders",III,โรคของเลือดและอวัยวะสร้างเลือด,,"ใช้กับผู้ป่วยปลูกถ่ายเซลล์ต้นกำเนิดเม็ดเลือดที่เคยแพ้ต่อ Packed red cell, leukocyte poor, irradiated",,,บัญชียาหลักแห่งชาติ พ.ศ. 2558,http://drug.fda.moph.go.th:81/nlem.in.th/medicine/essential/list,กลุ่มนโยบายแห่งชาติด้านยา สำนักยา กระทรวงสาธารณสุข
Folic acid,,tab (เฉพาะไม่น้อยกว่า 5 mg),,ก,ยาจำเป็นพื้นฐาน,บัตรทอง/ประกันสังคมเบิกได้ทุกกรณี,🟢,Nutrition and blood,"Whole blood, blood products and drugs used in some blood disorders",III,โรคของเลือดและอวัยวะสร้างเลือด,,,,,บัญชียาหลักแห่งชาติ พ.ศ. 2558,http://drug.fda.moph.go.th:81/nlem.in.th/medicine/essential/list,กลุ่มนโยบายแห่งชาติด้านยา สำนักยา กระทรวงสาธารณสุข
Oxymetholone,,tab,,ข,ยาที่ใช้ได้ตามเงื่อนไข,เบิกได้บางกรณี ตามเงื่อนไขที่กำหนด,🟡,Nutrition and blood,"Whole blood, blood products and drugs used in some blood disorders",III,โรคของเลือดและอวัยวะสร้างเลือด,,,,,บัญชียาหลักแห่งชาติ พ.ศ. 2558,http://drug.fda.moph.go.th:81/nlem.in.th/medicine/essential/list,กลุ่มนโยบายแห่งชาติด้านยา สำนักยา กระทรวงสาธารณสุข
Deferoxamine mesilate,Desferrioxamine mesilate,sterile pwdr,,ค,ยาโรงพยาบาล,ต้องอยู่ในบัญชียาของ รพ.นั้น,🔵,Nutrition and blood,"Whole blood, blood products and drugs used in some blood disorders",III,โรคของเลือดและอวัยวะสร้างเลือด,,,,ดูรายละเอียดเพิ่มเติมในกลุ่มยา 16,บัญชียาหลักแห่งชาติ พ.ศ. 2558,http://drug.fda.moph.go.th:81/nlem.in.th/medicine/essential/list,กลุ่มนโยบายแห่งชาติด้านยา สำนักยา กระทรวงสาธารณสุข
Iron sucrose,,sterile sol,,ค,ยาโรงพยาบาล,ต้องอยู่ในบัญชียาของ รพ.นั้น,🔵,Nutrition and blood,"Whole blood, blood products and drugs used in some blood disorders",III,โรคของเลือดและอวัยวะสร้างเลือด,,ใช้สำหรับรักษา iron deficiency anemia ในผู้ป่วย chronic kidney disease ที่ได้รับการล้างไตร่วมกับการให้ epoetin therapy,,,บัญชียาหลักแห่งชาติ พ.ศ. 2558,http://drug.fda.moph.go.th:81/nlem.in.th/medicine/essential/list,กลุ่มนโยบายแห่งชาติด้านยา สำนักยา กระทรวงสาธารณสุข
"Antithymocyte immunoglobulin, rabbit",ATG,"sterile pwdr, sterile sol",,จ(2),ยาพิเศษ,ต้องขออนุมัติ + เงื่อนไขพิเศษ,🔴,Nutrition and blood,"Whole blood, blood products and drugs used in some blood disorders",III,โรคของเลือดและอวัยวะสร้างเลือด,,ใช้สำหรับ severe aplastic anemia โดยมีแนวทางกำกับการใช้ยาเป็นไปตามรายละเอียดในภาคผนวก 3,,จัดเป็นบัญชี ง เมื่อใช้กรณีปลูกถ่ายไต ดูข้อ 8.2 Drugs affecting the immune response,บัญชียาหลักแห่งชาติ พ.ศ. 2558,http://drug.fda.moph.go.th:81/nlem.in.th/medicine/essential/list,กลุ่มนโยบายแห่งชาติด้านยา สำนักยา กระทรวงสาธารณสุข
Deferiprone,,tab (เฉพาะ 500 mg),,ง,ยาโรคเฉพาะทาง,ใช้กับโรคเฉพาะ ตามแนวทางการรักษา,🟣,Nutrition and blood,"Whole blood, blood products and drugs used in some blood disorders",III,โรคของเลือดและอวัยวะสร้างเลือด,,ใช้สำหรับรักษาภาวะธาตุเหล็กเกินเรื้อรัง เนื่องจากการรับเลือดในผู้ป่วยธาลัสซีเมียที่มีอายุตั้งแต่ 6 ปีขึ้นไป,,,บัญชียาหลักแห่งชาติ พ.ศ. 2558,http://drug.fda.moph.go.th:81/nlem.in.th/medicine/essential/list,กลุ่มนโยบายแห่งชาติด้านยา สำนักยา กระทรวงสาธารณสุข
Epoetin alfa,epoetin alpha,"sterile pwdr/ sterile sol (เฉพาะ 1000, 2000, 3000, 4000, 5000 IU)",,จ(2),ยาพิเศษ,ต้องขออนุมัติ + เงื่อนไขพิเศษ,🔴,Nutrition and blood,"Whole blood, blood products and drugs used in some blood disorders",III,โรคของเลือดและอวัยวะสร้างเลือด,,ใช้สำหรับภาวะเลือดจางจากโรคไตเรื้อรังที่ไม่พบสาเหตุอื่นที่รักษาได้ โดยมีแนวทางกำกับการใช้ยาเป็นไปตามรายละเอียดในภาคผนวก 3,,,บัญชียาหลักแห่งชาติ พ.ศ. 2558,http://drug.fda.moph.go.th:81/nlem.in.th/medicine/essential/list,กลุ่มนโยบายแห่งชาติด้านยา สำนักยา กระทรวงสาธารณสุข
Epoetin beta,,"sterile sol (เฉพาะ 2000, 3000, 5000 IU)",,จ(2),ยาพิเศษ,ต้องขออนุมัติ + เงื่อนไขพิเศษ,🔴,Nutrition and blood,"Whole blood, blood products and drugs used in some blood disorders",III,โรคของเลือดและอวัยวะสร้างเลือด,,ใช้สำหรับภาวะเลือดจางจากโรคไตเรื้อรังที่ไม่พบสาเหตุอื่นที่รักษาได้ โดยมีแนวทางกำกับการใช้ยาเป็นไปตามรายละเอียดในภาคผนวก 3,,,บัญชียาหลักแห่งชาติ พ.ศ. 2558,http://drug.fda.moph.go.th:81/nlem.in.th/medicine/essential/list,กลุ่มนโยบายแห่งชาติด้านยา สำนักยา กระทรวงสาธารณสุข
Filgrastim,,sterile sol,,ง,ยาโรคเฉพาะทาง,ใช้กับโรคเฉพาะ ตามแนวทางการรักษา,🟣,Nutrition and blood,"Whole blood, blood products and drugs used in some blood disorders",III,โรคของเลือดและอวัยวะสร้างเลือด,,"1. ใช้สำหรับปลูกถ่ายไขกระดูกหรือเซลล์ต้นกำเนิดเม็ดเลือด เพื่อเคลื่อนย้าย progenitor cell จากไขกระดูกออกมาในเลือดของผู้ให้หรือผู้ป่วย เพื่อนำไปใช้ทั้งใน allogeneic และ autologous transplantation
2. ใช้รักษา febrile neutropenia ที่เกิดจากยาเคมีบำบัด ให้พิจารณาในผู้ป่วยที่ต้องเข้ารับการรักษาในโรงพยาบาลร่วมกับการให้ยาต้านเชื้อจุลชีพในผู้ป่วยความเสี่ยงสูง กล่าวคือมีข้อใดข้อหนึ่งดังต่อไปนี้
2.1  Profound neutropenia ซึ่งมี absolute neutrophil count น้อยกว่า 100 /mm3
2.2  มีปอดอักเสบชนิด bacterial pneumonia หรือ lobar pneumonia หรือ มีภาวะ septicemia 
3. ใช้ป้องกัน febrile neutropenia แบบปฐมภูมิ (primary prophylaxis) ในกรณีดังต่อไปนี้
3.1 ผู้ป่วยที่จะได้รับยาเคมีบำบัดด้วยสูตรที่มีความเสี่ยงสูงต่อการเกิด febrile neutropenia มากกว่าร้อยละ 20
3.2 ผู้ป่วยที่มีความเสี่ยงต่อการเกิด febrile neutropenia ร้อยละ 10 - 20 ร่วมกับการประเมินปัจจัยเสี่ยงของผู้ป่วย กล่าวคือ มีข้อใดข้อหนึ่งดังต่อไปนี้
• อายุมากกว่า 65 ปี 
• มี performance status ที่ไม่ดี (Eastern Co-operative Oncology Group (ECOG) performance status  มากกว่าหรือเท่ากับ 2)
• มีภาวะ neutropenia (absolute neutrophil count < 1,500/mm3) หรือมีโรคแทรกซ้อนในไขกระดูกที่เกิดจากโรคมะเร็งดังกล่าว
4. ใช้ป้องกัน febrile neutropenia แบบทุติยภูมิ (Secondary prophylaxis) ในผู้ป่วยที่เคยเกิด febrile neutropenia จากการรับยาเคมีบำบัดในครั้งก่อน และเป็นผู้ป่วยที่มีเป้าหมายการรักษาเพื่อหายขาด (curative aim)",,"1.  ไม่แนะนำให้ใช้ยากลุ่ม Granulocyte-Colony Stimulating Factors (G-CSF) ในกรณีที่ผู้ป่วยได้รับเคมีบำบัดโดยไม่ได้หวังผลการรักษาเพื่อหายขาด  สำหรับ palliative chemotherapy แนะนำให้ลดขนาดยาเคมีบำบัดลงตามมาตรฐาน
2.  Febrile neutropenia หมายถึง ภาวะที่ผู้ป่วยมีไข้ร่วมกับนิวโทรฟิลในเลือดต่ำ โดย
ไข้ คือ   1) ภาวะที่อุณหภูมิกายของผู้ป่วยซึ่งวัดทางปาก ณ เวลาใดๆ มากกว่าหรือเท่ากับ 38.3°C หรือ 
                  2) ภาวะที่อุณหภูมิกายซึ่งวัดทางปากมากกว่าหรือเท่ากับ 38.0°C นานติดต่อกันเกิน 1 ชั่วโมง 
นิวโทรฟิลในเลือดต่ำ คือ 1) จำนวนนิวโทรฟิลในเลือด (absolute neutrophil count) น้อยกว่า 
                                                        0.5 x 109/L หรือ 
                                                  2) จำนวนนิวโทรฟิลในเลือดน้อยกว่า 1.0 x 109/L ซึ่งคาดว่าจะลดลง
   เหลือน้อยกว่าหรือเท่ากับ  0.5 x 109/L ภายใน 48 ชั่วโมง",บัญชียาหลักแห่งชาติ พ.ศ. 2558,http://drug.fda.moph.go.th:81/nlem.in.th/medicine/essential/list,กลุ่มนโยบายแห่งชาติด้านยา สำนักยา กระทรวงสาธารณสุข
Lenograstim,,sterile pwdr,,ง,ยาโรคเฉพาะทาง,ใช้กับโรคเฉพาะ ตามแนวทางการรักษา,🟣,Nutrition and blood,"Whole blood, blood products and drugs used in some blood disorders",III,โรคของเลือดและอวัยวะสร้างเลือด,,เช่นเดียวกับ filgrastim,,,บัญชียาหลักแห่งชาติ พ.ศ. 2558,http://drug.fda.moph.go.th:81/nlem.in.th/medicine/essential/list,กลุ่มนโยบายแห่งชาติด้านยา สำนักยา กระทรวงสาธารณสุข
Glucose with/without sodium chloride,,sterile sol,,ก,ยาจำเป็นพื้นฐาน,บัตรทอง/ประกันสังคมเบิกได้ทุกกรณี,🟢,Nutrition and blood,Fluids and electrolytes,III,โรคของเลือดและอวัยวะสร้างเลือด,,,,,บัญชียาหลักแห่งชาติ พ.ศ. 2558,http://drug.fda.moph.go.th:81/nlem.in.th/medicine/essential/list,กลุ่มนโยบายแห่งชาติด้านยา สำนักยา กระทรวงสาธารณสุข
Intermittent peritoneal dialysis,,sterile sol,,ก,ยาจำเป็นพื้นฐาน,บัตรทอง/ประกันสังคมเบิกได้ทุกกรณี,🟢,Nutrition and blood,Fluids and electrolytes,III,โรคของเลือดและอวัยวะสร้างเลือด,,,,,บัญชียาหลักแห่งชาติ พ.ศ. 2558,http://drug.fda.moph.go.th:81/nlem.in.th/medicine/essential/list,กลุ่มนโยบายแห่งชาติด้านยา สำนักยา กระทรวงสาธารณสุข
Potassium acetate,,sterile sol (hosp),,ก,ยาจำเป็นพื้นฐาน,บัตรทอง/ประกันสังคมเบิกได้ทุกกรณี,🟢,Nutrition and blood,Fluids and electrolytes,III,โรคของเลือดและอวัยวะสร้างเลือด,,,,,บัญชียาหลักแห่งชาติ พ.ศ. 2558,http://drug.fda.moph.go.th:81/nlem.in.th/medicine/essential/list,กลุ่มนโยบายแห่งชาติด้านยา สำนักยา กระทรวงสาธารณสุข
Potassium chloride,,"syr (hosp), elixir (hosp), compressed tab, EC tab, sterile sol",,ก,ยาจำเป็นพื้นฐาน,บัตรทอง/ประกันสังคมเบิกได้ทุกกรณี,🟢,Nutrition and blood,Fluids and electrolytes,III,โรคของเลือดและอวัยวะสร้างเลือด,,,"1. ควรรับประทานยา potassium chloride หลังอาหารทันทีในกรณียาเม็ดควรดื่มน้ำอย่างน้อย 180 มิลลิลิตร และไม่ควรนอนราบอย่างน้อยครึ่งชั่วโมงหลังจากรับประทานยา 
2. ห้ามใช้ยา potassium chloride ชนิด elixir กับผู้ป่วยเด็กอายุต่ำกว่า 2 ขวบ เนื่องจากมีแอลกอฮอล์เป็นส่วนประกอบ",,บัญชียาหลักแห่งชาติ พ.ศ. 2558,http://drug.fda.moph.go.th:81/nlem.in.th/medicine/essential/list,กลุ่มนโยบายแห่งชาติด้านยา สำนักยา กระทรวงสาธารณสุข
Potassium citrate,,"oral sol (hosp), dry pwdr for oral sol (hosp)",,ก,ยาจำเป็นพื้นฐาน,บัตรทอง/ประกันสังคมเบิกได้ทุกกรณี,🟢,Nutrition and blood,Fluids and electrolytes,III,โรคของเลือดและอวัยวะสร้างเลือด,,,,,บัญชียาหลักแห่งชาติ พ.ศ. 2558,http://drug.fda.moph.go.th:81/nlem.in.th/medicine/essential/list,กลุ่มนโยบายแห่งชาติด้านยา สำนักยา กระทรวงสาธารณสุข
Sodium acetate,,sterile sol (hosp),,ก,ยาจำเป็นพื้นฐาน,บัตรทอง/ประกันสังคมเบิกได้ทุกกรณี,🟢,Nutrition and blood,Fluids and electrolytes,III,โรคของเลือดและอวัยวะสร้างเลือด,,,,,บัญชียาหลักแห่งชาติ พ.ศ. 2558,http://drug.fda.moph.go.th:81/nlem.in.th/medicine/essential/list,กลุ่มนโยบายแห่งชาติด้านยา สำนักยา กระทรวงสาธารณสุข
Sodium bicarbonate,,"tab, sterile sol",,ก,ยาจำเป็นพื้นฐาน,บัตรทอง/ประกันสังคมเบิกได้ทุกกรณี,🟢,Nutrition and blood,Fluids and electrolytes,III,โรคของเลือดและอวัยวะสร้างเลือด,,,,,บัญชียาหลักแห่งชาติ พ.ศ. 2558,http://drug.fda.moph.go.th:81/nlem.in.th/medicine/essential/list,กลุ่มนโยบายแห่งชาติด้านยา สำนักยา กระทรวงสาธารณสุข
Sodium chloride,,"tab (เฉพาะ 300 mg), sterile sol",,ก,ยาจำเป็นพื้นฐาน,บัตรทอง/ประกันสังคมเบิกได้ทุกกรณี,🟢,Nutrition and blood,Fluids and electrolytes,III,โรคของเลือดและอวัยวะสร้างเลือด,,,,,บัญชียาหลักแห่งชาติ พ.ศ. 2558,http://drug.fda.moph.go.th:81/nlem.in.th/medicine/essential/list,กลุ่มนโยบายแห่งชาติด้านยา สำนักยา กระทรวงสาธารณสุข
Sodium lactate intravenous  infusion compound,Ringer-Lactate solution for  injection ; Hartmann’s solution for injection,sterile sol,,ก,ยาจำเป็นพื้นฐาน,บัตรทอง/ประกันสังคมเบิกได้ทุกกรณี,🟢,Nutrition and blood,Fluids and electrolytes,III,โรคของเลือดและอวัยวะสร้างเลือด,,,,,บัญชียาหลักแห่งชาติ พ.ศ. 2558,http://drug.fda.moph.go.th:81/nlem.in.th/medicine/essential/list,กลุ่มนโยบายแห่งชาติด้านยา สำนักยา กระทรวงสาธารณสุข
Water for injection,,sterile sol,,ก,ยาจำเป็นพื้นฐาน,บัตรทอง/ประกันสังคมเบิกได้ทุกกรณี,🟢,Nutrition and blood,Fluids and electrolytes,III,โรคของเลือดและอวัยวะสร้างเลือด,,,,,บัญชียาหลักแห่งชาติ พ.ศ. 2558,http://drug.fda.moph.go.th:81/nlem.in.th/medicine/essential/list,กลุ่มนโยบายแห่งชาติด้านยา สำนักยา กระทรวงสาธารณสุข
Calcium polystyrene sulfonate,,oral pwdr,,ข,ยาที่ใช้ได้ตามเงื่อนไข,เบิกได้บางกรณี ตามเงื่อนไขที่กำหนด,🟡,Nutrition and blood,Fluids and electrolytes,III,โรคของเลือดและอวัยวะสร้างเลือด,,,,,บัญชียาหลักแห่งชาติ พ.ศ. 2558,http://drug.fda.moph.go.th:81/nlem.in.th/medicine/essential/list,กลุ่มนโยบายแห่งชาติด้านยา สำนักยา กระทรวงสาธารณสุข
"Continuous ambulatory 
peritoneal dialysis",,"basic bag sol, double bag sol",,ค,ยาโรงพยาบาล,ต้องอยู่ในบัญชียาของ รพ.นั้น,🔵,Nutrition and blood,Fluids and electrolytes,III,โรคของเลือดและอวัยวะสร้างเลือด,,,,,บัญชียาหลักแห่งชาติ พ.ศ. 2558,http://drug.fda.moph.go.th:81/nlem.in.th/medicine/essential/list,กลุ่มนโยบายแห่งชาติด้านยา สำนักยา กระทรวงสาธารณสุข
Folic acid,,tab (เฉพาะ 400 mcg และ 5 mg),,ก,ยาจำเป็นพื้นฐาน,บัตรทอง/ประกันสังคมเบิกได้ทุกกรณี,🟢,Nutrition and blood,Vitamins,III,โรคของเลือดและอวัยวะสร้างเลือด,,,,,บัญชียาหลักแห่งชาติ พ.ศ. 2558,http://drug.fda.moph.go.th:81/nlem.in.th/medicine/essential/list,กลุ่มนโยบายแห่งชาติด้านยา สำนักยา กระทรวงสาธารณสุข
Multivitamins,,syr,,ก,ยาจำเป็นพื้นฐาน,บัตรทอง/ประกันสังคมเบิกได้ทุกกรณี,🟢,Nutrition and blood,Vitamins,III,โรคของเลือดและอวัยวะสร้างเลือด,,,,มีปริมาณใกล้เคียงกับปริมาณสารอาหารที่ควรได้รับประจำวันในเด็กอายุ 1 - 3 ขวบ,บัญชียาหลักแห่งชาติ พ.ศ. 2558,http://drug.fda.moph.go.th:81/nlem.in.th/medicine/essential/list,กลุ่มนโยบายแห่งชาติด้านยา สำนักยา กระทรวงสาธารณสุข
Multivitamins,,drop,,ก,ยาจำเป็นพื้นฐาน,บัตรทอง/ประกันสังคมเบิกได้ทุกกรณี,🟢,Nutrition and blood,Vitamins,III,โรคของเลือดและอวัยวะสร้างเลือด,,,,มีปริมาณใกล้เคียงกับปริมาณสารอาหารที่ควรได้รับประจำวันในทารกอายุ 6 - 11 เดือน,บัญชียาหลักแห่งชาติ พ.ศ. 2558,http://drug.fda.moph.go.th:81/nlem.in.th/medicine/essential/list,กลุ่มนโยบายแห่งชาติด้านยา สำนักยา กระทรวงสาธารณสุข
Multivitamins,,"cap, tab",,ก,ยาจำเป็นพื้นฐาน,บัตรทอง/ประกันสังคมเบิกได้ทุกกรณี,🟢,Nutrition and blood,Vitamins,III,โรคของเลือดและอวัยวะสร้างเลือด,,,,มีปริมาณใกล้เคียงกับปริมาณสารอาหารที่ควรได้รับประจำวันในเด็กอายุ 9 - 12 ปี และผู้ใหญ่,บัญชียาหลักแห่งชาติ พ.ศ. 2558,http://drug.fda.moph.go.th:81/nlem.in.th/medicine/essential/list,กลุ่มนโยบายแห่งชาติด้านยา สำนักยา กระทรวงสาธารณสุข
Vitamin A,,"cap, tab (เฉพาะ 25,000-50,000 IU ต่อ 1 cap/tab)",,ก,ยาจำเป็นพื้นฐาน,บัตรทอง/ประกันสังคมเบิกได้ทุกกรณี,🟢,Nutrition and blood,Vitamins,III,โรคของเลือดและอวัยวะสร้างเลือด,,,,,บัญชียาหลักแห่งชาติ พ.ศ. 2558,http://drug.fda.moph.go.th:81/nlem.in.th/medicine/essential/list,กลุ่มนโยบายแห่งชาติด้านยา สำนักยา กระทรวงสาธารณสุข
Vitamin B1,Thiamine as hydrochloride or mononitrate,"tab (เฉพาะ 10-100 mg), sterile sol (เฉพาะ 100 mg/ml)",,ก,ยาจำเป็นพื้นฐาน,บัตรทอง/ประกันสังคมเบิกได้ทุกกรณี,🟢,Nutrition and blood,Vitamins,III,โรคของเลือดและอวัยวะสร้างเลือด,,,,,บัญชียาหลักแห่งชาติ พ.ศ. 2558,http://drug.fda.moph.go.th:81/nlem.in.th/medicine/essential/list,กลุ่มนโยบายแห่งชาติด้านยา สำนักยา กระทรวงสาธารณสุข
Vitamin B2,,tab (เฉพาะไม่ต่ำกว่า 10 mg),,ก,ยาจำเป็นพื้นฐาน,บัตรทอง/ประกันสังคมเบิกได้ทุกกรณี,🟢,Nutrition and blood,Vitamins,III,โรคของเลือดและอวัยวะสร้างเลือด,,,,,บัญชียาหลักแห่งชาติ พ.ศ. 2558,http://drug.fda.moph.go.th:81/nlem.in.th/medicine/essential/list,กลุ่มนโยบายแห่งชาติด้านยา สำนักยา กระทรวงสาธารณสุข
Vitamin B6,Pyridoxine hydrochloride,"tab (เฉพาะ 10-100 mg), sterile sol (เฉพาะ 100 mg/ml)",,ก,ยาจำเป็นพื้นฐาน,บัตรทอง/ประกันสังคมเบิกได้ทุกกรณี,🟢,Nutrition and blood,Vitamins,III,โรคของเลือดและอวัยวะสร้างเลือด,,,การรับประทานวิตามิน B6 ขนาดตั้งแต่ 200 มิลลิกรัมต่อวัน ขึ้นไปเป็นเวลานาน มีความสัมพันธ์กับการเกิด neuropathy ได้,,บัญชียาหลักแห่งชาติ พ.ศ. 2558,http://drug.fda.moph.go.th:81/nlem.in.th/medicine/essential/list,กลุ่มนโยบายแห่งชาติด้านยา สำนักยา กระทรวงสาธารณสุข
Vitamin B12,Cyanocobalamin หรือ Hydroxocobalamin,"tab (เฉพาะไม่ต่ำกว่า 100 mcg), 
sterile sol (เฉพาะ 1000 mcg/ml)",,ก,ยาจำเป็นพื้นฐาน,บัตรทอง/ประกันสังคมเบิกได้ทุกกรณี,🟢,Nutrition and blood,Vitamins,III,โรคของเลือดและอวัยวะสร้างเลือด,,,,,บัญชียาหลักแห่งชาติ พ.ศ. 2558,http://drug.fda.moph.go.th:81/nlem.in.th/medicine/essential/list,กลุ่มนโยบายแห่งชาติด้านยา สำนักยา กระทรวงสาธารณสุข
Vitamin C,,"tab (เฉพาะ 50, 100 mg)",,ก,ยาจำเป็นพื้นฐาน,บัตรทอง/ประกันสังคมเบิกได้ทุกกรณี,🟢,Nutrition and blood,Vitamins,III,โรคของเลือดและอวัยวะสร้างเลือด,,,,,บัญชียาหลักแห่งชาติ พ.ศ. 2558,http://drug.fda.moph.go.th:81/nlem.in.th/medicine/essential/list,กลุ่มนโยบายแห่งชาติด้านยา สำนักยา กระทรวงสาธารณสุข
Vitamin D2,Ergocalciferol,cap,,ก,ยาจำเป็นพื้นฐาน,บัตรทอง/ประกันสังคมเบิกได้ทุกกรณี,🟢,Nutrition and blood,Vitamins,III,โรคของเลือดและอวัยวะสร้างเลือด,,เป็น first -line drug ในผู้ป่วยที่มีภาวะขาดวิตามิน D,,,บัญชียาหลักแห่งชาติ พ.ศ. 2558,http://drug.fda.moph.go.th:81/nlem.in.th/medicine/essential/list,กลุ่มนโยบายแห่งชาติด้านยา สำนักยา กระทรวงสาธารณสุข
Vitamin K1,phytomenadione,sterile sol,,ก,ยาจำเป็นพื้นฐาน,บัตรทอง/ประกันสังคมเบิกได้ทุกกรณี,🟢,Nutrition and blood,Vitamins,III,โรคของเลือดและอวัยวะสร้างเลือด,,,,,บัญชียาหลักแห่งชาติ พ.ศ. 2558,http://drug.fda.moph.go.th:81/nlem.in.th/medicine/essential/list,กลุ่มนโยบายแห่งชาติด้านยา สำนักยา กระทรวงสาธารณสุข
Vitamin B complex,,"cap, tab",,ก,ยาจำเป็นพื้นฐาน,บัตรทอง/ประกันสังคมเบิกได้ทุกกรณี,🟢,Nutrition and blood,Vitamins,III,โรคของเลือดและอวัยวะสร้างเลือด,,,,มีปริมาณใกล้เคียงกับปริมาณสารอาหารที่ควรได้รับประจำวันในเด็กอายุ 9 - 12 ปี และผู้ใหญ่,บัญชียาหลักแห่งชาติ พ.ศ. 2558,http://drug.fda.moph.go.th:81/nlem.in.th/medicine/essential/list,กลุ่มนโยบายแห่งชาติด้านยา สำนักยา กระทรวงสาธารณสุข
Vitamin C,,sterile sol,,ข,ยาที่ใช้ได้ตามเงื่อนไข,เบิกได้บางกรณี ตามเงื่อนไขที่กำหนด,🟡,Nutrition and blood,Vitamins,III,โรคของเลือดและอวัยวะสร้างเลือด,,,,,บัญชียาหลักแห่งชาติ พ.ศ. 2558,http://drug.fda.moph.go.th:81/nlem.in.th/medicine/essential/list,กลุ่มนโยบายแห่งชาติด้านยา สำนักยา กระทรวงสาธารณสุข
Vitamin B complex,,sterile sol,,ข,ยาที่ใช้ได้ตามเงื่อนไข,เบิกได้บางกรณี ตามเงื่อนไขที่กำหนด,🟡,Nutrition and blood,Vitamins,III,โรคของเลือดและอวัยวะสร้างเลือด,,,,มีปริมาณใกล้เคียงกับปริมาณสารอาหารที่ควรได้รับประจำวันในเด็กอายุ 9 - 12 ปี และผู้ใหญ่,บัญชียาหลักแห่งชาติ พ.ศ. 2558,http://drug.fda.moph.go.th:81/nlem.in.th/medicine/essential/list,กลุ่มนโยบายแห่งชาติด้านยา สำนักยา กระทรวงสาธารณสุข
Alfacalcidol,1 alpha-hydroxyvitamin D3,"cap, tab",,ค,ยาโรงพยาบาล,ต้องอยู่ในบัญชียาของ รพ.นั้น,🔵,Nutrition and blood,Vitamins,III,โรคของเลือดและอวัยวะสร้างเลือด,,"1. ใช้กับผู้ป่วย Kidney disease stage 5  (หรือ end stage kidney disease) ที่มีระดับแคลเซียมในเลือดต่ำ ร่วมกับภาวะ hyperparathyroidism
2. ใช้กับผู้ป่วยที่มีภาวะพร่องฮอร์โมนพาราไทรอยด์อย่างรุนแรงและฉับพลัน",,,บัญชียาหลักแห่งชาติ พ.ศ. 2558,http://drug.fda.moph.go.th:81/nlem.in.th/medicine/essential/list,กลุ่มนโยบายแห่งชาติด้านยา สำนักยา กระทรวงสาธารณสุข
Vitamin E,,"emulsion (hosp), syr",,ค,ยาโรงพยาบาล,ต้องอยู่ในบัญชียาของ รพ.นั้น,🔵,Nutrition and blood,Vitamins,III,โรคของเลือดและอวัยวะสร้างเลือด,,"1. ใช้กับทารกแรกเกิดที่มีน้ำหนักตัวน้อยหรือเกิดก่อนกำหนดเท่านั้น
2. ใช้ป้องกันและรักษาภาวะขาดวิตามินอีในทารก และเด็กที่มีปัญหาการย่อยไขมันและ/หรือการดูดซึมไขมันบกพร่องเท่านั้น",,ตำรับยา water-miscible vitamin E (มี emulsifier ในสูตรตำรับ เช่น polysorbate 80 เป็นต้น และใช้เป็นน้ำกระสายยา),บัญชียาหลักแห่งชาติ พ.ศ. 2558,http://drug.fda.moph.go.th:81/nlem.in.th/medicine/essential/list,กลุ่มนโยบายแห่งชาติด้านยา สำนักยา กระทรวงสาธารณสุข
Amino acid solution for infants,,sterile sol,,ค,ยาโรงพยาบาล,ต้องอยู่ในบัญชียาของ รพ.นั้น,🔵,Nutrition and blood,Intravenous nutrition,III,โรคของเลือดและอวัยวะสร้างเลือด,,,,,บัญชียาหลักแห่งชาติ พ.ศ. 2558,http://drug.fda.moph.go.th:81/nlem.in.th/medicine/essential/list,กลุ่มนโยบายแห่งชาติด้านยา สำนักยา กระทรวงสาธารณสุข
Amino acid solution ชนิด high branched chain amino acid,,sterile sol,,ค,ยาโรงพยาบาล,ต้องอยู่ในบัญชียาของ รพ.นั้น,🔵,Nutrition and blood,Intravenous nutrition,III,โรคของเลือดและอวัยวะสร้างเลือด,,,,,บัญชียาหลักแห่งชาติ พ.ศ. 2558,http://drug.fda.moph.go.th:81/nlem.in.th/medicine/essential/list,กลุ่มนโยบายแห่งชาติด้านยา สำนักยา กระทรวงสาธารณสุข
Amino acid solution ชนิด high essential amino acid,,sterile sol,,ค,ยาโรงพยาบาล,ต้องอยู่ในบัญชียาของ รพ.นั้น,🔵,Nutrition and blood,Intravenous nutrition,III,โรคของเลือดและอวัยวะสร้างเลือด,,,,,บัญชียาหลักแห่งชาติ พ.ศ. 2558,http://drug.fda.moph.go.th:81/nlem.in.th/medicine/essential/list,กลุ่มนโยบายแห่งชาติด้านยา สำนักยา กระทรวงสาธารณสุข
Amino acids with/without minerals,,sterile sol,,ค,ยาโรงพยาบาล,ต้องอยู่ในบัญชียาของ รพ.นั้น,🔵,Nutrition and blood,Intravenous nutrition,III,โรคของเลือดและอวัยวะสร้างเลือด,,,,,บัญชียาหลักแห่งชาติ พ.ศ. 2558,http://drug.fda.moph.go.th:81/nlem.in.th/medicine/essential/list,กลุ่มนโยบายแห่งชาติด้านยา สำนักยา กระทรวงสาธารณสุข
Complete water-soluble and fat soluble vitamins preparation,,"preparation for intravenous use (sterile pwdr,sterile sol,sterile emulsion)",,ค,ยาโรงพยาบาล,ต้องอยู่ในบัญชียาของ รพ.นั้น,🔵,Nutrition and blood,Intravenous nutrition,III,โรคของเลือดและอวัยวะสร้างเลือด,,ใช้กับผู้ป่วยที่ได้รับอาหารทางหลอดเลือดดำ (parenteral nutrition) และต้องการทั้ง water-soluble และ fat-soluble vitamins,,,บัญชียาหลักแห่งชาติ พ.ศ. 2558,http://drug.fda.moph.go.th:81/nlem.in.th/medicine/essential/list,กลุ่มนโยบายแห่งชาติด้านยา สำนักยา กระทรวงสาธารณสุข
Complete water-soluble vitamin preparation,,preparation for intravenous use (sterile pwdr),,ค,ยาโรงพยาบาล,ต้องอยู่ในบัญชียาของ รพ.นั้น,🔵,Nutrition and blood,Intravenous nutrition,III,โรคของเลือดและอวัยวะสร้างเลือด,,ใช้กับผู้ป่วยที่ได้รับอาหารทางหลอดเลือดดำ (parenteral nutrition) และต้องการเฉพาะ water soluble vitamins หรือมีข้อห้ามใช้สำหรับ fat-soluble vitamins,,,บัญชียาหลักแห่งชาติ พ.ศ. 2558,http://drug.fda.moph.go.th:81/nlem.in.th/medicine/essential/list,กลุ่มนโยบายแห่งชาติด้านยา สำนักยา กระทรวงสาธารณสุข
Complete fat-soluble vitamin preparation,,"preparation for intravenous use (sterile pwdr, sterile sol, sterile emulsion)",,ค,ยาโรงพยาบาล,ต้องอยู่ในบัญชียาของ รพ.นั้น,🔵,Nutrition and blood,Intravenous nutrition,III,โรคของเลือดและอวัยวะสร้างเลือด,,ใช้กับผู้ป่วยที่ได้รับอาหารทางหลอดเลือดดำ (parenteral nutrition) และต้องการเฉพาะ fat-soluble vitamins หรือมีข้อห้ามใช้สำหรับ water-soluble vitamins,,,บัญชียาหลักแห่งชาติ พ.ศ. 2558,http://drug.fda.moph.go.th:81/nlem.in.th/medicine/essential/list,กลุ่มนโยบายแห่งชาติด้านยา สำนักยา กระทรวงสาธารณสุข
Multivitamin injection,,preparation for intravenous use (sterile sol),,ค,ยาโรงพยาบาล,ต้องอยู่ในบัญชียาของ รพ.นั้น,🔵,Nutrition and blood,Intravenous nutrition,III,โรคของเลือดและอวัยวะสร้างเลือด,,ใช้กับผู้ป่วยที่ได้รับอาหารทางหลอดเลือดดำ (parenteral nutrition) และได้รับยาป้องกันการแข็งตัวของเลือด,,,บัญชียาหลักแห่งชาติ พ.ศ. 2558,http://drug.fda.moph.go.th:81/nlem.in.th/medicine/essential/list,กลุ่มนโยบายแห่งชาติด้านยา สำนักยา กระทรวงสาธารณสุข
Three-in-one parenteral nutrition,,sterile sol,,ง,ยาโรคเฉพาะทาง,ใช้กับโรคเฉพาะ ตามแนวทางการรักษา,🟣,Nutrition and blood,Intravenous nutrition,III,โรคของเลือดและอวัยวะสร้างเลือด,,ใช้กับผู้ป่วยอายุตั้งแต่ 11 ปีขึ้นไปที่มีภาวะทุพโภชนาการระดับปานกลางถึงรุนแรง และไม่สามารถรับอาหารทาง enteral ได้เพียงพอ (น้อยกว่า 60% ของพลังงานที่ต้องการต่อวัน),"1) ผลิตภัณฑ์ three-in-one parenteral nutrition ไม่มี multivitamins และ trace minerals และอาจมี electrolytes เช่น โซเดียม โปแตสเซียม แคลเซียม สังกะสี ไม่เพียงพอ ดังนั้นควรเติมสารอาหารเหล่านี้ให้เพียงพอ ตามคำแนะนำการใช้ของแต่ละผลิตภัณฑ์อย่างเคร่งครัด และเฝ้าระวังติดตามอย่างใกล้ชิด
2) การให้ทาง peripheral ไม่แนะนำให้ใช้เกิน 14 วัน
3) การให้อาหารทางหลอดเลือดดำมีความเสี่ยงต่อการติดเชื้อ",,บัญชียาหลักแห่งชาติ พ.ศ. 2558,http://drug.fda.moph.go.th:81/nlem.in.th/medicine/essential/list,กลุ่มนโยบายแห่งชาติด้านยา สำนักยา กระทรวงสาธารณสุข
Dextrose solution with minerals with electrolytes,,sterile sol,,ค,ยาโรงพยาบาล,ต้องอยู่ในบัญชียาของ รพ.นั้น,🔵,Nutrition and blood,Intravenous nutrition,III,โรคของเลือดและอวัยวะสร้างเลือด,,ยานี้มีความเข้มข้นของน้ำตาลสูงจึงห้ามให้ทาง peripheral vein ต้องให้ทาง central vein เท่านั้น,,,บัญชียาหลักแห่งชาติ พ.ศ. 2558,http://drug.fda.moph.go.th:81/nlem.in.th/medicine/essential/list,กลุ่มนโยบายแห่งชาติด้านยา สำนักยา กระทรวงสาธารณสุข
Fat emulsion,,sterile emulsion (เฉพาะ 20%),,ค,ยาโรงพยาบาล,ต้องอยู่ในบัญชียาของ รพ.นั้น,🔵,Nutrition and blood,Intravenous nutrition,III,โรคของเลือดและอวัยวะสร้างเลือด,,,,,บัญชียาหลักแห่งชาติ พ.ศ. 2558,http://drug.fda.moph.go.th:81/nlem.in.th/medicine/essential/list,กลุ่มนโยบายแห่งชาติด้านยา สำนักยา กระทรวงสาธารณสุข
Multiple trace mineral solution,,sterile sol,,ค,ยาโรงพยาบาล,ต้องอยู่ในบัญชียาของ รพ.นั้น,🔵,Nutrition and blood,Intravenous nutrition,III,โรคของเลือดและอวัยวะสร้างเลือด,,,,,บัญชียาหลักแห่งชาติ พ.ศ. 2558,http://drug.fda.moph.go.th:81/nlem.in.th/medicine/essential/list,กลุ่มนโยบายแห่งชาติด้านยา สำนักยา กระทรวงสาธารณสุข
Calcium carbonate,,"cap, tab",,ก,ยาจำเป็นพื้นฐาน,บัตรทอง/ประกันสังคมเบิกได้ทุกกรณี,🟢,Nutrition and blood,Minerals,III,โรคของเลือดและอวัยวะสร้างเลือด,,,,,บัญชียาหลักแห่งชาติ พ.ศ. 2558,http://drug.fda.moph.go.th:81/nlem.in.th/medicine/essential/list,กลุ่มนโยบายแห่งชาติด้านยา สำนักยา กระทรวงสาธารณสุข
Calcium gluconate,,sterile sol,,ก,ยาจำเป็นพื้นฐาน,บัตรทอง/ประกันสังคมเบิกได้ทุกกรณี,🟢,Nutrition and blood,Minerals,III,โรคของเลือดและอวัยวะสร้างเลือด,,,,,บัญชียาหลักแห่งชาติ พ.ศ. 2558,http://drug.fda.moph.go.th:81/nlem.in.th/medicine/essential/list,กลุ่มนโยบายแห่งชาติด้านยา สำนักยา กระทรวงสาธารณสุข
Ferrous sulfate,,"cap, tab, oral sol, drop",,ก,ยาจำเป็นพื้นฐาน,บัตรทอง/ประกันสังคมเบิกได้ทุกกรณี,🟢,Nutrition and blood,Minerals,III,โรคของเลือดและอวัยวะสร้างเลือด,,,,,บัญชียาหลักแห่งชาติ พ.ศ. 2558,http://drug.fda.moph.go.th:81/nlem.in.th/medicine/essential/list,กลุ่มนโยบายแห่งชาติด้านยา สำนักยา กระทรวงสาธารณสุข
Iodine,,cap,,ก,ยาจำเป็นพื้นฐาน,บัตรทอง/ประกันสังคมเบิกได้ทุกกรณี,🟢,Nutrition and blood,Minerals,III,โรคของเลือดและอวัยวะสร้างเลือด,,,"1. ควรใช้เฉพาะในพื้นที่ที่ขาดไอโอดีนสูงเท่านั้น
2. อาจทำให้เกิด iodine-induced thyrotoxicosis",,บัญชียาหลักแห่งชาติ พ.ศ. 2558,http://drug.fda.moph.go.th:81/nlem.in.th/medicine/essential/list,กลุ่มนโยบายแห่งชาติด้านยา สำนักยา กระทรวงสาธารณสุข
Magnesium hydroxide,,"tab, susp, susp (hosp)",,ก,ยาจำเป็นพื้นฐาน,บัตรทอง/ประกันสังคมเบิกได้ทุกกรณี,🟢,Nutrition and blood,Minerals,III,โรคของเลือดและอวัยวะสร้างเลือด,,,,,บัญชียาหลักแห่งชาติ พ.ศ. 2558,http://drug.fda.moph.go.th:81/nlem.in.th/medicine/essential/list,กลุ่มนโยบายแห่งชาติด้านยา สำนักยา กระทรวงสาธารณสุข
Magnesium sulfate,,"sterile sol, oral sol, oral sol(hosp)",,ก,ยาจำเป็นพื้นฐาน,บัตรทอง/ประกันสังคมเบิกได้ทุกกรณี,🟢,Nutrition and blood,Minerals,III,โรคของเลือดและอวัยวะสร้างเลือด,,,,,บัญชียาหลักแห่งชาติ พ.ศ. 2558,http://drug.fda.moph.go.th:81/nlem.in.th/medicine/essential/list,กลุ่มนโยบายแห่งชาติด้านยา สำนักยา กระทรวงสาธารณสุข
Sodium fluoride,,"tab, oral sol, oral sol(hosp)",,ก,ยาจำเป็นพื้นฐาน,บัตรทอง/ประกันสังคมเบิกได้ทุกกรณี,🟢,Nutrition and blood,Minerals,III,โรคของเลือดและอวัยวะสร้างเลือด,,,ระวังการใช้ในพื้นที่ที่มีฟลูออไรด์สูง เพราะอาจทำให้เกิด fluorosis,,บัญชียาหลักแห่งชาติ พ.ศ. 2558,http://drug.fda.moph.go.th:81/nlem.in.th/medicine/essential/list,กลุ่มนโยบายแห่งชาติด้านยา สำนักยา กระทรวงสาธารณสุข
Trace element solution,,oral sol (hosp),,ก,ยาจำเป็นพื้นฐาน,บัตรทอง/ประกันสังคมเบิกได้ทุกกรณี,🟢,Nutrition and blood,Minerals,III,โรคของเลือดและอวัยวะสร้างเลือด,,,,,บัญชียาหลักแห่งชาติ พ.ศ. 2558,http://drug.fda.moph.go.th:81/nlem.in.th/medicine/essential/list,กลุ่มนโยบายแห่งชาติด้านยา สำนักยา กระทรวงสาธารณสุข
Zinc sulfate,,"oral sol (hosp), cap, tab, sterile sol (hosp)",,ก,ยาจำเป็นพื้นฐาน,บัตรทอง/ประกันสังคมเบิกได้ทุกกรณี,🟢,Nutrition and blood,Minerals,III,โรคของเลือดและอวัยวะสร้างเลือด,,,,,บัญชียาหลักแห่งชาติ พ.ศ. 2558,http://drug.fda.moph.go.th:81/nlem.in.th/medicine/essential/list,กลุ่มนโยบายแห่งชาติด้านยา สำนักยา กระทรวงสาธารณสุข
Aluminium hydroxide,,"tab, susp, susp (hosp)",,ข,ยาที่ใช้ได้ตามเงื่อนไข,เบิกได้บางกรณี ตามเงื่อนไขที่กำหนด,🟡,Nutrition and blood,Minerals,III,โรคของเลือดและอวัยวะสร้างเลือด,,,กรณีที่ใช้รักษา hyperphosphatemia ในผู้ป่วยที่มีไตบกพร่อง ไม่ควรใช้ติดต่อกันเป็นระยะเวลานาน เนื่องจากอาจเกิดพิษจาก Aluminium,,บัญชียาหลักแห่งชาติ พ.ศ. 2558,http://drug.fda.moph.go.th:81/nlem.in.th/medicine/essential/list,กลุ่มนโยบายแห่งชาติด้านยา สำนักยา กระทรวงสาธารณสุข
Ferrous fumarate,,"cap, tab, oral sol, susp",,ข,ยาที่ใช้ได้ตามเงื่อนไข,เบิกได้บางกรณี ตามเงื่อนไขที่กำหนด,🟡,Nutrition and blood,Minerals,III,โรคของเลือดและอวัยวะสร้างเลือด,,,,,บัญชียาหลักแห่งชาติ พ.ศ. 2558,http://drug.fda.moph.go.th:81/nlem.in.th/medicine/essential/list,กลุ่มนโยบายแห่งชาติด้านยา สำนักยา กระทรวงสาธารณสุข
Copper sulfate solution,,"sterile sol (hosp), oral sol (hosp)",,ค,ยาโรงพยาบาล,ต้องอยู่ในบัญชียาของ รพ.นั้น,🔵,Nutrition and blood,Minerals,III,โรคของเลือดและอวัยวะสร้างเลือด,,,,,บัญชียาหลักแห่งชาติ พ.ศ. 2558,http://drug.fda.moph.go.th:81/nlem.in.th/medicine/essential/list,กลุ่มนโยบายแห่งชาติด้านยา สำนักยา กระทรวงสาธารณสุข
Dipotassium hydrogen phosphate,,sterile sol,,ค,ยาโรงพยาบาล,ต้องอยู่ในบัญชียาของ รพ.นั้น,🔵,Nutrition and blood,Minerals,III,โรคของเลือดและอวัยวะสร้างเลือด,,,,,บัญชียาหลักแห่งชาติ พ.ศ. 2558,http://drug.fda.moph.go.th:81/nlem.in.th/medicine/essential/list,กลุ่มนโยบายแห่งชาติด้านยา สำนักยา กระทรวงสาธารณสุข
Oral acidic phosphate solution,Joulie’s solution,oral sol (hosp),,ค,ยาโรงพยาบาล,ต้องอยู่ในบัญชียาของ รพ.นั้น,🔵,Nutrition and blood,Minerals,III,โรคของเลือดและอวัยวะสร้างเลือด,,,,,บัญชียาหลักแห่งชาติ พ.ศ. 2558,http://drug.fda.moph.go.th:81/nlem.in.th/medicine/essential/list,กลุ่มนโยบายแห่งชาติด้านยา สำนักยา กระทรวงสาธารณสุข
Oral neutral phosphate solution,,oral sol (hosp),,ค,ยาโรงพยาบาล,ต้องอยู่ในบัญชียาของ รพ.นั้น,🔵,Nutrition and blood,Minerals,III,โรคของเลือดและอวัยวะสร้างเลือด,,,,,บัญชียาหลักแห่งชาติ พ.ศ. 2558,http://drug.fda.moph.go.th:81/nlem.in.th/medicine/essential/list,กลุ่มนโยบายแห่งชาติด้านยา สำนักยา กระทรวงสาธารณสุข
Ferrous fumarate,,tab (เฉพาะ 65 mg as iron),,ก,ยาจำเป็นพื้นฐาน,บัตรทอง/ประกันสังคมเบิกได้ทุกกรณี,🟢,Nutrition and blood,Vitamins and minerals for pregnancy and lactating mothers,III,โรคของเลือดและอวัยวะสร้างเลือด,,,ระมัดระวังการใช้ในผู้ป่วยโรคธาลัสซีเมีย,,บัญชียาหลักแห่งชาติ พ.ศ. 2558,http://drug.fda.moph.go.th:81/nlem.in.th/medicine/essential/list,กลุ่มนโยบายแห่งชาติด้านยา สำนักยา กระทรวงสาธารณสุข
Ferrous sulfate,,tab (เฉพาะ 60 และ 65 mg as iron),,ก,ยาจำเป็นพื้นฐาน,บัตรทอง/ประกันสังคมเบิกได้ทุกกรณี,🟢,Nutrition and blood,Vitamins and minerals for pregnancy and lactating mothers,III,โรคของเลือดและอวัยวะสร้างเลือด,,,ระมัดระวังการใช้ในผู้ป่วยโรคธาลัสซีเมีย,,บัญชียาหลักแห่งชาติ พ.ศ. 2558,http://drug.fda.moph.go.th:81/nlem.in.th/medicine/essential/list,กลุ่มนโยบายแห่งชาติด้านยา สำนักยา กระทรวงสาธารณสุข
Folic acid,,tab (เฉพาะ 400 mcg และ 5 mg),,ก,ยาจำเป็นพื้นฐาน,บัตรทอง/ประกันสังคมเบิกได้ทุกกรณี,🟢,Nutrition and blood,Vitamins and minerals for pregnancy and lactating mothers,III,โรคของเลือดและอวัยวะสร้างเลือด,,"1. ใช้สำหรับเสริมโฟเลทตลอดการตั้งครรภ์
2. ใช้สำหรับเสริมโฟเลทในช่วง 6 เดือนแรกของการให้นมบุตร
3. กรณีหญิงตั้งครรภ์ที่เคยมีประวัติตั้งครรภ์หรือคลอดบุตรที่มีภาวะ neural tube defect หรือปากแหว่ง เพดานโหว่ ควรใช้ความแรง 5 mg",,,บัญชียาหลักแห่งชาติ พ.ศ. 2558,http://drug.fda.moph.go.th:81/nlem.in.th/medicine/essential/list,กลุ่มนโยบายแห่งชาติด้านยา สำนักยา กระทรวงสาธารณสุข
Potassium iodide,,tab (เฉพาะ 150 mcg as iodine),,ก,ยาจำเป็นพื้นฐาน,บัตรทอง/ประกันสังคมเบิกได้ทุกกรณี,🟢,Nutrition and blood,Vitamins and minerals for pregnancy and lactating mothers,III,โรคของเลือดและอวัยวะสร้างเลือด,,"1. ใช้สำหรับเสริมไอโอดีนตลอดการตั้งครรภ์
2. ใช้เสริมไอโอดีนในช่วง 6 เดือนแรกของการให้นมบุตร
3. ห้ามใช้ในผู้ที่มีภาวะไทรอยด์เป็นพิษ",ควรติดตามเฝ้าระวังภาวะไทรอยด์เป็นพิษ,,บัญชียาหลักแห่งชาติ พ.ศ. 2558,http://drug.fda.moph.go.th:81/nlem.in.th/medicine/essential/list,กลุ่มนโยบายแห่งชาติด้านยา สำนักยา กระทรวงสาธารณสุข
Ferrous salt +  Folic acid,,tab (เฉพาะ 60 mg as iron + 400 mcg),,ก,ยาจำเป็นพื้นฐาน,บัตรทอง/ประกันสังคมเบิกได้ทุกกรณี,🟢,Nutrition and blood,Vitamins and minerals for pregnancy and lactating mothers,III,โรคของเลือดและอวัยวะสร้างเลือด,,"1. ใช้สำหรับเสริมธาตุเหล็กและโฟเลทตลอดการตั้งครรภ์
2. ใช้สำหรับเสริมธาตุเหล็กและโฟเลทในช่วง 6 เดือนแรกของการให้นมบุตร",ระมัดระวังการใช้ในผู้ป่วยโรคธาลัสซีเมีย,,บัญชียาหลักแห่งชาติ พ.ศ. 2558,http://drug.fda.moph.go.th:81/nlem.in.th/medicine/essential/list,กลุ่มนโยบายแห่งชาติด้านยา สำนักยา กระทรวงสาธารณสุข
Ferrous salt + Folic acid  + Potassium Iodide,,tab (เฉพาะ 60 mg as iron + 400 mcg +  150 mcg as iodine),,ก,ยาจำเป็นพื้นฐาน,บัตรทอง/ประกันสังคมเบิกได้ทุกกรณี,🟢,Nutrition and blood,Vitamins and minerals for pregnancy and lactating mothers,III,โรคของเลือดและอวัยวะสร้างเลือด,,"1. ใช้เสริมธาตุเหล็ก โฟเลท และไอโอดีนตลอดการตั้งครรภ์
2. ใช้สำหรับเสริมธาตุเหล็ก โฟเลท และไอโอดีนในช่วง 6 เดือนแรกของการให้นมบุตร
3. ห้ามใช้ในผู้ที่มีภาวะไทรอยด์เป็นพิษ","1. ควรติดตามเฝ้าระวังภาวะไทรอยด์เป็นพิษ
2. ระมัดระวังการใช้ในผู้ป่วยโรคธาลัสซีเมีย",,บัญชียาหลักแห่งชาติ พ.ศ. 2558,http://drug.fda.moph.go.th:81/nlem.in.th/medicine/essential/list,กลุ่มนโยบายแห่งชาติด้านยา สำนักยา กระทรวงสาธารณสุข
Penicillamine,D-Penicillamine,"cap , tab",,ค,ยาโรงพยาบาล,ต้องอยู่ในบัญชียาของ รพ.นั้น,🔵,Nutrition and blood,Metabolic disorders,III,โรคของเลือดและอวัยวะสร้างเลือด,,ใช้รักษา Wilson’s disease,ระวังการใช้กับหญิงตั้งครรภ์เพราะเป็นสารก่อวิรูป (teratogen),,บัญชียาหลักแห่งชาติ พ.ศ. 2558,http://drug.fda.moph.go.th:81/nlem.in.th/medicine/essential/list,กลุ่มนโยบายแห่งชาติด้านยา สำนักยา กระทรวงสาธารณสุข
Imiglucerase,,sterile pwdr,,จ(2),ยาพิเศษ,ต้องขออนุมัติ + เงื่อนไขพิเศษ,🔴,Nutrition and blood,Metabolic disorders,III,โรคของเลือดและอวัยวะสร้างเลือด,,ใช้สำหรับ Gaucher’s disease โดยมีแนวทางกำกับการใช้ยาเป็นไปตามรายละเอียดที่สำนักงานหลักประกันสุขภาพแห่งชาติ สำนักงานประกันสังคม กระทรวงแรงงาน และกรมบัญชีกลาง กระทรวงการคลังประกาศกำหนด,,,บัญชียาหลักแห่งชาติ พ.ศ. 2558,http://drug.fda.moph.go.th:81/nlem.in.th/medicine/essential/list,กลุ่มนโยบายแห่งชาติด้านยา สำนักยา กระทรวงสาธารณสุข
Aspirin,Acetylsalicylic acid,"tab, EC tab",,ก,ยาจำเป็นพื้นฐาน,บัตรทอง/ประกันสังคมเบิกได้ทุกกรณี,🟢,Musculoskeletal and joint diseases,Drugs used in rheumatic diseases and gout,XIII,โรคระบบกล้ามเนื้อ กระดูก และเนื้อเยื่อเกี่ยวพัน,,ไม่ใช้สำหรับโรค gout,,,บัญชียาหลักแห่งชาติ พ.ศ. 2558,http://drug.fda.moph.go.th:81/nlem.in.th/medicine/essential/list,กลุ่มนโยบายแห่งชาติด้านยา สำนักยา กระทรวงสาธารณสุข
Diclofenac sodium,,"EC tab, sterile sol",,ก,ยาจำเป็นพื้นฐาน,บัตรทอง/ประกันสังคมเบิกได้ทุกกรณี,🟢,Musculoskeletal and joint diseases,Drugs used in rheumatic diseases and gout,XIII,โรคระบบกล้ามเนื้อ กระดูก และเนื้อเยื่อเกี่ยวพัน,,,,,บัญชียาหลักแห่งชาติ พ.ศ. 2558,http://drug.fda.moph.go.th:81/nlem.in.th/medicine/essential/list,กลุ่มนโยบายแห่งชาติด้านยา สำนักยา กระทรวงสาธารณสุข
Ibuprofen,,"film coated tab, susp",,ก,ยาจำเป็นพื้นฐาน,บัตรทอง/ประกันสังคมเบิกได้ทุกกรณี,🟢,Musculoskeletal and joint diseases,Drugs used in rheumatic diseases and gout,XIII,โรคระบบกล้ามเนื้อ กระดูก และเนื้อเยื่อเกี่ยวพัน,,,"1. เมื่อมีข้อบ่งชี้ให้ใช้ NSAIDs แนะนำให้ใช้ ibuprofen เป็นยาขนานแรกสำหรับบรรเทาอาการปวดทางทันตกรรม ปวดประจำเดือน ปวดข้อ และปวดกล้ามเนื้อ
2. ใช้ในเด็กที่มีอายุ 3 เดือนขึ้นไปเท่านั้น
3. ระมัดระวังการใช้ในผู้ป่วยที่มีเกล็ดเลือดต่ำ เช่น ไข้เลือดออก",,บัญชียาหลักแห่งชาติ พ.ศ. 2558,http://drug.fda.moph.go.th:81/nlem.in.th/medicine/essential/list,กลุ่มนโยบายแห่งชาติด้านยา สำนักยา กระทรวงสาธารณสุข
Indomethacin,,cap,,ก,ยาจำเป็นพื้นฐาน,บัตรทอง/ประกันสังคมเบิกได้ทุกกรณี,🟢,Musculoskeletal and joint diseases,Drugs used in rheumatic diseases and gout,XIII,โรคระบบกล้ามเนื้อ กระดูก และเนื้อเยื่อเกี่ยวพัน,,,,,บัญชียาหลักแห่งชาติ พ.ศ. 2558,http://drug.fda.moph.go.th:81/nlem.in.th/medicine/essential/list,กลุ่มนโยบายแห่งชาติด้านยา สำนักยา กระทรวงสาธารณสุข
Naproxen,,compressed tab (as base),,ก,ยาจำเป็นพื้นฐาน,บัตรทอง/ประกันสังคมเบิกได้ทุกกรณี,🟢,Musculoskeletal and joint diseases,Drugs used in rheumatic diseases and gout,XIII,โรคระบบกล้ามเนื้อ กระดูก และเนื้อเยื่อเกี่ยวพัน,,,,,บัญชียาหลักแห่งชาติ พ.ศ. 2558,http://drug.fda.moph.go.th:81/nlem.in.th/medicine/essential/list,กลุ่มนโยบายแห่งชาติด้านยา สำนักยา กระทรวงสาธารณสุข
Piroxicam,,"cap (as base), compressed  tab (as base), film coated tab (as base)",,ข,ยาที่ใช้ได้ตามเงื่อนไข,เบิกได้บางกรณี ตามเงื่อนไขที่กำหนด,🟡,Musculoskeletal and joint diseases,Drugs used in rheumatic diseases and gout,XIII,โรคระบบกล้ามเนื้อ กระดูก และเนื้อเยื่อเกี่ยวพัน,,,,,บัญชียาหลักแห่งชาติ พ.ศ. 2558,http://drug.fda.moph.go.th:81/nlem.in.th/medicine/essential/list,กลุ่มนโยบายแห่งชาติด้านยา สำนักยา กระทรวงสาธารณสุข
Chloroquine phosphate,,"compressed tab, film coated tab",,ข,ยาที่ใช้ได้ตามเงื่อนไข,เบิกได้บางกรณี ตามเงื่อนไขที่กำหนด,🟡,Musculoskeletal and joint diseases,Drugs used in rheumatic diseases and gout,XIII,โรคระบบกล้ามเนื้อ กระดูก และเนื้อเยื่อเกี่ยวพัน,,,การใช้ยาอาจเป็นพิษต่อจอประสาทตา ควรตรวจจอประสาทตาทุก 6 เดือน ระหว่างการใช้ยา,,บัญชียาหลักแห่งชาติ พ.ศ. 2558,http://drug.fda.moph.go.th:81/nlem.in.th/medicine/essential/list,กลุ่มนโยบายแห่งชาติด้านยา สำนักยา กระทรวงสาธารณสุข
Hydroxychloroquine sulfate,,tab,,ข,ยาที่ใช้ได้ตามเงื่อนไข,เบิกได้บางกรณี ตามเงื่อนไขที่กำหนด,🟡,Musculoskeletal and joint diseases,Drugs used in rheumatic diseases and gout,XIII,โรคระบบกล้ามเนื้อ กระดูก และเนื้อเยื่อเกี่ยวพัน,,,การใช้ยาอาจเป็นพิษต่อจอประสาทตา ควรตรวจจอประสาทตาทุก 6 เดือน ระหว่างการใช้ยา,,บัญชียาหลักแห่งชาติ พ.ศ. 2558,http://drug.fda.moph.go.th:81/nlem.in.th/medicine/essential/list,กลุ่มนโยบายแห่งชาติด้านยา สำนักยา กระทรวงสาธารณสุข
Azathioprine,,tab,,ค,ยาโรงพยาบาล,ต้องอยู่ในบัญชียาของ รพ.นั้น,🔵,Musculoskeletal and joint diseases,Drugs used in rheumatic diseases and gout,XIII,โรคระบบกล้ามเนื้อ กระดูก และเนื้อเยื่อเกี่ยวพัน,,,,,บัญชียาหลักแห่งชาติ พ.ศ. 2558,http://drug.fda.moph.go.th:81/nlem.in.th/medicine/essential/list,กลุ่มนโยบายแห่งชาติด้านยา สำนักยา กระทรวงสาธารณสุข
Methotrexate,,"tab (as base or sodium), sterile pwdr/sterile sol (as sodium)",,ค,ยาโรงพยาบาล,ต้องอยู่ในบัญชียาของ รพ.นั้น,🔵,Musculoskeletal and joint diseases,Drugs used in rheumatic diseases and gout,XIII,โรคระบบกล้ามเนื้อ กระดูก และเนื้อเยื่อเกี่ยวพัน,,,การใช้ยาอาจเกิดการกดไขกระดูกและเป็นพิษต่อตับ ควรตรวจค่า complete blood count (CBC) SGOT/SGPT และ ค่า alkaline phosphatase  ทุก 3-6 เดือน ระหว่างการใช้ยา,,บัญชียาหลักแห่งชาติ พ.ศ. 2558,http://drug.fda.moph.go.th:81/nlem.in.th/medicine/essential/list,กลุ่มนโยบายแห่งชาติด้านยา สำนักยา กระทรวงสาธารณสุข
Sulfasalazine,,EC tab,,ค,ยาโรงพยาบาล,ต้องอยู่ในบัญชียาของ รพ.นั้น,🔵,Musculoskeletal and joint diseases,Drugs used in rheumatic diseases and gout,XIII,โรคระบบกล้ามเนื้อ กระดูก และเนื้อเยื่อเกี่ยวพัน,,,,,บัญชียาหลักแห่งชาติ พ.ศ. 2558,http://drug.fda.moph.go.th:81/nlem.in.th/medicine/essential/list,กลุ่มนโยบายแห่งชาติด้านยา สำนักยา กระทรวงสาธารณสุข
Sodium aurothiomalate,,sterile sol,,ค,ยาโรงพยาบาล,ต้องอยู่ในบัญชียาของ รพ.นั้น,🔵,Musculoskeletal and joint diseases,Drugs used in rheumatic diseases and gout,XIII,โรคระบบกล้ามเนื้อ กระดูก และเนื้อเยื่อเกี่ยวพัน,,,,,บัญชียาหลักแห่งชาติ พ.ศ. 2558,http://drug.fda.moph.go.th:81/nlem.in.th/medicine/essential/list,กลุ่มนโยบายแห่งชาติด้านยา สำนักยา กระทรวงสาธารณสุข
Ciclosporin,Cyclosporin,"cap, oral sol, sterile sol",,ง,ยาโรคเฉพาะทาง,ใช้กับโรคเฉพาะ ตามแนวทางการรักษา,🟣,Musculoskeletal and joint diseases,Drugs used in rheumatic diseases and gout,XIII,โรคระบบกล้ามเนื้อ กระดูก และเนื้อเยื่อเกี่ยวพัน,,"1. ใช้กรณีที่ใช้ยา methotrexate แล้วไม่ได้ผล หรือใช้ไม่ได้เนื่องจากแพ้
2. ผู้ป่วยมีการทำงานของไตเป็นปกติ และไม่มีภาวะความดันเลือดสูง",,,บัญชียาหลักแห่งชาติ พ.ศ. 2558,http://drug.fda.moph.go.th:81/nlem.in.th/medicine/essential/list,กลุ่มนโยบายแห่งชาติด้านยา สำนักยา กระทรวงสาธารณสุข
Colchicine,,tab,,ก,ยาจำเป็นพื้นฐาน,บัตรทอง/ประกันสังคมเบิกได้ทุกกรณี,🟢,Musculoskeletal and joint diseases,Drugs used in rheumatic diseases and gout,XIII,โรคระบบกล้ามเนื้อ กระดูก และเนื้อเยื่อเกี่ยวพัน,,,,,บัญชียาหลักแห่งชาติ พ.ศ. 2558,http://drug.fda.moph.go.th:81/nlem.in.th/medicine/essential/list,กลุ่มนโยบายแห่งชาติด้านยา สำนักยา กระทรวงสาธารณสุข
Allopurinol,,tab,,ก,ยาจำเป็นพื้นฐาน,บัตรทอง/ประกันสังคมเบิกได้ทุกกรณี,🟢,Musculoskeletal and joint diseases,Drugs used in rheumatic diseases and gout,XIII,โรคระบบกล้ามเนื้อ กระดูก และเนื้อเยื่อเกี่ยวพัน,,ห้ามใช้รักษา acute gout,"ควรเฝ้าระวังอาการไม่พึงประสงค์ทางผิวหนังชนิดร้ายแรงจากยา เช่น Steven-Johnson syndrome (SJS), toxic epidermal necrolysis (TEN) และ drug rash with eosinophilia and systemic symptoms (DRESS) เนื่องจากมีรายงานการเกิดอาการไม่พึงประสงค์ดังกล่าวเพิ่มมากขึ้น ผู้ป่วยที่มีความเสี่ยงสูงขึ้นได้แก่ ผู้ที่เริ่มใช้ยา (ในช่วง 4 สัปดาห์แรก) ผู้ที่มีภาวะไตเสื่อม ผู้ที่ใช้ allopurinol ในขนาดสูง และผู้ที่ใช้ยาขับปัสสาวะในกลุ่ม thiazide ร่วมด้วย",,บัญชียาหลักแห่งชาติ พ.ศ. 2558,http://drug.fda.moph.go.th:81/nlem.in.th/medicine/essential/list,กลุ่มนโยบายแห่งชาติด้านยา สำนักยา กระทรวงสาธารณสุข
Probenecid,,film coated tab,,ก,ยาจำเป็นพื้นฐาน,บัตรทอง/ประกันสังคมเบิกได้ทุกกรณี,🟢,Musculoskeletal and joint diseases,Drugs used in rheumatic diseases and gout,XIII,โรคระบบกล้ามเนื้อ กระดูก และเนื้อเยื่อเกี่ยวพัน,,ห้ามใช้รักษา acute gout,,,บัญชียาหลักแห่งชาติ พ.ศ. 2558,http://drug.fda.moph.go.th:81/nlem.in.th/medicine/essential/list,กลุ่มนโยบายแห่งชาติด้านยา สำนักยา กระทรวงสาธารณสุข
Benzbromarone,,tab,,ค,ยาโรงพยาบาล,ต้องอยู่ในบัญชียาของ รพ.นั้น,🔵,Musculoskeletal and joint diseases,Drugs used in rheumatic diseases and gout,XIII,โรคระบบกล้ามเนื้อ กระดูก และเนื้อเยื่อเกี่ยวพัน,,ห้ามใช้รักษา acute gout,ใช้ด้วยความระมัดระวัง เนื่องจากมีรายงานการเกิด cytolytic liver damage  ทำให้ผู้ป่วยถึงแก่ชีวิต หรือต้องเปลี่ยนตับ,,บัญชียาหลักแห่งชาติ พ.ศ. 2558,http://drug.fda.moph.go.th:81/nlem.in.th/medicine/essential/list,กลุ่มนโยบายแห่งชาติด้านยา สำนักยา กระทรวงสาธารณสุข
Pyridostigmine bromide,,tab,,ก,ยาจำเป็นพื้นฐาน,บัตรทอง/ประกันสังคมเบิกได้ทุกกรณี,🟢,Musculoskeletal and joint diseases,Drugs used in neuromuscular disorders,XIII,โรคระบบกล้ามเนื้อ กระดูก และเนื้อเยื่อเกี่ยวพัน,,,,,บัญชียาหลักแห่งชาติ พ.ศ. 2558,http://drug.fda.moph.go.th:81/nlem.in.th/medicine/essential/list,กลุ่มนโยบายแห่งชาติด้านยา สำนักยา กระทรวงสาธารณสุข
Neostigmine methylsulfate,,sterile sol,,ข,ยาที่ใช้ได้ตามเงื่อนไข,เบิกได้บางกรณี ตามเงื่อนไขที่กำหนด,🟡,Musculoskeletal and joint diseases,Drugs used in neuromuscular disorders,XIII,โรคระบบกล้ามเนื้อ กระดูก และเนื้อเยื่อเกี่ยวพัน,,,,,บัญชียาหลักแห่งชาติ พ.ศ. 2558,http://drug.fda.moph.go.th:81/nlem.in.th/medicine/essential/list,กลุ่มนโยบายแห่งชาติด้านยา สำนักยา กระทรวงสาธารณสุข
Diazepam,,"cap, tab, sterile sol",,ก,ยาจำเป็นพื้นฐาน,บัตรทอง/ประกันสังคมเบิกได้ทุกกรณี,🟢,Musculoskeletal and joint diseases,Drugs used in neuromuscular disorders,XIII,โรคระบบกล้ามเนื้อ กระดูก และเนื้อเยื่อเกี่ยวพัน,,,,,บัญชียาหลักแห่งชาติ พ.ศ. 2558,http://drug.fda.moph.go.th:81/nlem.in.th/medicine/essential/list,กลุ่มนโยบายแห่งชาติด้านยา สำนักยา กระทรวงสาธารณสุข
Baclofen,,tab,,ข,ยาที่ใช้ได้ตามเงื่อนไข,เบิกได้บางกรณี ตามเงื่อนไขที่กำหนด,🟡,Musculoskeletal and joint diseases,Drugs used in neuromuscular disorders,XIII,โรคระบบกล้ามเนื้อ กระดูก และเนื้อเยื่อเกี่ยวพัน,,,,,บัญชียาหลักแห่งชาติ พ.ศ. 2558,http://drug.fda.moph.go.th:81/nlem.in.th/medicine/essential/list,กลุ่มนโยบายแห่งชาติด้านยา สำนักยา กระทรวงสาธารณสุข
Tizanidine hydrochloride,,tab,,ข,ยาที่ใช้ได้ตามเงื่อนไข,เบิกได้บางกรณี ตามเงื่อนไขที่กำหนด,🟡,Musculoskeletal and joint diseases,Drugs used in neuromuscular disorders,XIII,โรคระบบกล้ามเนื้อ กระดูก และเนื้อเยื่อเกี่ยวพัน,,,,,บัญชียาหลักแห่งชาติ พ.ศ. 2558,http://drug.fda.moph.go.th:81/nlem.in.th/medicine/essential/list,กลุ่มนโยบายแห่งชาติด้านยา สำนักยา กระทรวงสาธารณสุข
Methyl salicylate cream compound,,cream (hosp),,ก,ยาจำเป็นพื้นฐาน,บัตรทอง/ประกันสังคมเบิกได้ทุกกรณี,🟢,Musculoskeletal and joint diseases,Drugs for relief of soft-tissue inflammation,XIII,โรคระบบกล้ามเนื้อ กระดูก และเนื้อเยื่อเกี่ยวพัน,,,,,บัญชียาหลักแห่งชาติ พ.ศ. 2558,http://drug.fda.moph.go.th:81/nlem.in.th/medicine/essential/list,กลุ่มนโยบายแห่งชาติด้านยา สำนักยา กระทรวงสาธารณสุข
Methyl salicylate ointment compound,Analgesic Balm,oint (hosp),,ก,ยาจำเป็นพื้นฐาน,บัตรทอง/ประกันสังคมเบิกได้ทุกกรณี,🟢,Musculoskeletal and joint diseases,Drugs for relief of soft-tissue inflammation,XIII,โรคระบบกล้ามเนื้อ กระดูก และเนื้อเยื่อเกี่ยวพัน,,,,,บัญชียาหลักแห่งชาติ พ.ศ. 2558,http://drug.fda.moph.go.th:81/nlem.in.th/medicine/essential/list,กลุ่มนโยบายแห่งชาติด้านยา สำนักยา กระทรวงสาธารณสุข
Boric acid,,eye wash sol,,ก,ยาจำเป็นพื้นฐาน,บัตรทอง/ประกันสังคมเบิกได้ทุกกรณี,🟢,Eye,Anti-infective eye preparations,VII,โรคตาและส่วนประกอบของตา,,,,,บัญชียาหลักแห่งชาติ พ.ศ. 2558,http://drug.fda.moph.go.th:81/nlem.in.th/medicine/essential/list,กลุ่มนโยบายแห่งชาติด้านยา สำนักยา กระทรวงสาธารณสุข
Chloramphenicol,,"eye drop, eye oint",,ก,ยาจำเป็นพื้นฐาน,บัตรทอง/ประกันสังคมเบิกได้ทุกกรณี,🟢,Eye,Anti-infective eye preparations,VII,โรคตาและส่วนประกอบของตา,,,,,บัญชียาหลักแห่งชาติ พ.ศ. 2558,http://drug.fda.moph.go.th:81/nlem.in.th/medicine/essential/list,กลุ่มนโยบายแห่งชาติด้านยา สำนักยา กระทรวงสาธารณสุข
Tetracycline hydrochloride,,eye oint,,ก,ยาจำเป็นพื้นฐาน,บัตรทอง/ประกันสังคมเบิกได้ทุกกรณี,🟢,Eye,Anti-infective eye preparations,VII,โรคตาและส่วนประกอบของตา,,,,,บัญชียาหลักแห่งชาติ พ.ศ. 2558,http://drug.fda.moph.go.th:81/nlem.in.th/medicine/essential/list,กลุ่มนโยบายแห่งชาติด้านยา สำนักยา กระทรวงสาธารณสุข
Gentamicin sulfate,,"eye drop, eye oint",,ค,ยาโรงพยาบาล,ต้องอยู่ในบัญชียาของ รพ.นั้น,🔵,Eye,Anti-infective eye preparations,VII,โรคตาและส่วนประกอบของตา,,,,ประสิทธิผลของ gentamicin ไม่แตกต่างจาก tobramycin,บัญชียาหลักแห่งชาติ พ.ศ. 2558,http://drug.fda.moph.go.th:81/nlem.in.th/medicine/essential/list,กลุ่มนโยบายแห่งชาติด้านยา สำนักยา กระทรวงสาธารณสุข
Polymyxin B sulfate + Neomycin sulfate + Gramicidin,,eye drop,,ค,ยาโรงพยาบาล,ต้องอยู่ในบัญชียาของ รพ.นั้น,🔵,Eye,Anti-infective eye preparations,VII,โรคตาและส่วนประกอบของตา,,,,ยาที่มีส่วนผสมของ polymyxin B อาจส่งผลให้เกิดการดื้อของเชื้อในทาง systemic จึงต้องใช้อย่างระมัดระวังเฉพาะกรณีที่มีความจำเป็นเท่านั้น,บัญชียาหลักแห่งชาติ พ.ศ. 2558,http://drug.fda.moph.go.th:81/nlem.in.th/medicine/essential/list,กลุ่มนโยบายแห่งชาติด้านยา สำนักยา กระทรวงสาธารณสุข
Cyclosporine,,eye drop (hosp),,ง,ยาโรคเฉพาะทาง,ใช้กับโรคเฉพาะ ตามแนวทางการรักษา,🟣,Eye,Anti-infective eye preparations,VII,โรคตาและส่วนประกอบของตา,,ใช้กับผู้ป่วย Keratoconjuctivitis sicca ที่มีอาการตาแห้งร่วมกับการอักเสบของพื้นผิวกระจกตา,,,บัญชียาหลักแห่งชาติ พ.ศ. 2558,http://drug.fda.moph.go.th:81/nlem.in.th/medicine/essential/list,กลุ่มนโยบายแห่งชาติด้านยา สำนักยา กระทรวงสาธารณสุข
Fusidic acid,,eye drop (in gel base),,ง,ยาโรคเฉพาะทาง,ใช้กับโรคเฉพาะ ตามแนวทางการรักษา,🟣,Eye,Anti-infective eye preparations,VII,โรคตาและส่วนประกอบของตา,,ใช้สำหรับหนังตาอักเสบ (blepharitis) ในกรณีที่ใช้ chloramphenicol หรือ gentamicin แล้ว แพ้หรือไม่ได้ผล,,ยาเปลี่ยนเป็นของเหลวเมื่อยาสัมผัสถูกตา,บัญชียาหลักแห่งชาติ พ.ศ. 2558,http://drug.fda.moph.go.th:81/nlem.in.th/medicine/essential/list,กลุ่มนโยบายแห่งชาติด้านยา สำนักยา กระทรวงสาธารณสุข
Dexamethasone sodium phosphate +  Neomycin sulfate,,eye drop,,ค,ยาโรงพยาบาล,ต้องอยู่ในบัญชียาของ รพ.นั้น,🔵,Eye,Anti-infective eye preparations,VII,โรคตาและส่วนประกอบของตา,,,,,บัญชียาหลักแห่งชาติ พ.ศ. 2558,http://drug.fda.moph.go.th:81/nlem.in.th/medicine/essential/list,กลุ่มนโยบายแห่งชาติด้านยา สำนักยา กระทรวงสาธารณสุข
Dexamethasone sodium phosphate + Chloramphenicol + Tetrahydrozoline hydrochloride,,eye drop,,ค,ยาโรงพยาบาล,ต้องอยู่ในบัญชียาของ รพ.นั้น,🔵,Eye,Anti-infective eye preparations,VII,โรคตาและส่วนประกอบของตา,,,,,บัญชียาหลักแห่งชาติ พ.ศ. 2558,http://drug.fda.moph.go.th:81/nlem.in.th/medicine/essential/list,กลุ่มนโยบายแห่งชาติด้านยา สำนักยา กระทรวงสาธารณสุข
Dexamethasone + Neomycin sulfate + Polymyxin B sulfate,,eye oint,,ค,ยาโรงพยาบาล,ต้องอยู่ในบัญชียาของ รพ.นั้น,🔵,Eye,Anti-infective eye preparations,VII,โรคตาและส่วนประกอบของตา,,,,ยาที่มีส่วนผสมของ polymyxin B อาจส่งผลให้เกิดการดื้อของเชื้อในทาง systemic จึงต้องใช้อย่างระมัดระวังเฉพาะกรณีที่มีความจำเป็นเท่านั้น,บัญชียาหลักแห่งชาติ พ.ศ. 2558,http://drug.fda.moph.go.th:81/nlem.in.th/medicine/essential/list,กลุ่มนโยบายแห่งชาติด้านยา สำนักยา กระทรวงสาธารณสุข
Natamycin,,eye susp,,ง,ยาโรคเฉพาะทาง,ใช้กับโรคเฉพาะ ตามแนวทางการรักษา,🟣,Eye,Anti-infective eye preparations,VII,โรคตาและส่วนประกอบของตา,,ใช้สำหรับการติดเชื้อราที่แผลกระจกตา,,,บัญชียาหลักแห่งชาติ พ.ศ. 2558,http://drug.fda.moph.go.th:81/nlem.in.th/medicine/essential/list,กลุ่มนโยบายแห่งชาติด้านยา สำนักยา กระทรวงสาธารณสุข
Aciclovir,Acyclovir,eye oint,,ค,ยาโรงพยาบาล,ต้องอยู่ในบัญชียาของ รพ.นั้น,🔵,Eye,Anti-infective eye preparations,VII,โรคตาและส่วนประกอบของตา,,,,,บัญชียาหลักแห่งชาติ พ.ศ. 2558,http://drug.fda.moph.go.th:81/nlem.in.th/medicine/essential/list,กลุ่มนโยบายแห่งชาติด้านยา สำนักยา กระทรวงสาธารณสุข
Antazoline hydrochloride + Tetrahydrozoline hydrochloride,,eye drop,,ก,ยาจำเป็นพื้นฐาน,บัตรทอง/ประกันสังคมเบิกได้ทุกกรณี,🟢,Eye,Corticosteroids and other anti-inflammatory preparations,VII,โรคตาและส่วนประกอบของตา,,,,,บัญชียาหลักแห่งชาติ พ.ศ. 2558,http://drug.fda.moph.go.th:81/nlem.in.th/medicine/essential/list,กลุ่มนโยบายแห่งชาติด้านยา สำนักยา กระทรวงสาธารณสุข
Fluorometholone,,eye susp (as base),,ค,ยาโรงพยาบาล,ต้องอยู่ในบัญชียาของ รพ.นั้น,🔵,Eye,Corticosteroids and other anti-inflammatory preparations,VII,โรคตาและส่วนประกอบของตา,,ใช้รักษาเยื่อบุตาอักเสบที่ไม่ได้เกิดจากการติดเชื้อ เช่น ภูมิแพ้ การระคายเคือง เป็นต้น,,การใช้ยานี้ต้องระวังการติดเชื้อราที่กระจกตา การเกิด steroid glaucoma และการใช้ยาติดต่อกันเป็นเวลานาน อาจทำให้เกิด steroid cataract,บัญชียาหลักแห่งชาติ พ.ศ. 2558,http://drug.fda.moph.go.th:81/nlem.in.th/medicine/essential/list,กลุ่มนโยบายแห่งชาติด้านยา สำนักยา กระทรวงสาธารณสุข
Prednisolone acetate,,eye susp,,ค,ยาโรงพยาบาล,ต้องอยู่ในบัญชียาของ รพ.นั้น,🔵,Eye,Corticosteroids and other anti-inflammatory preparations,VII,โรคตาและส่วนประกอบของตา,,"1. ใช้รักษาม่านตาอักเสบและ/หรือหลังผ่าตัดตา
2. ใช้รักษากระจกตาอักเสบหลังจากการติดเชื้อไวรัสที่ชั้น stroma หรือชั้นชั้นเยื่อบุโพรงตา (endothelium)",,การใช้ยานี้ต้องระวังการติดเชื้อราที่กระจกตา การเกิด steroid glaucoma และการใช้ยาติดต่อกันเป็นเวลานาน อาจทำให้เกิด steroid cataract,บัญชียาหลักแห่งชาติ พ.ศ. 2558,http://drug.fda.moph.go.th:81/nlem.in.th/medicine/essential/list,กลุ่มนโยบายแห่งชาติด้านยา สำนักยา กระทรวงสาธารณสุข
Sodium cromoglicate,Cromolyn sodium,eye drop,,ค,ยาโรงพยาบาล,ต้องอยู่ในบัญชียาของ รพ.นั้น,🔵,Eye,Corticosteroids and other anti-inflammatory preparations,VII,โรคตาและส่วนประกอบของตา,,,,,บัญชียาหลักแห่งชาติ พ.ศ. 2558,http://drug.fda.moph.go.th:81/nlem.in.th/medicine/essential/list,กลุ่มนโยบายแห่งชาติด้านยา สำนักยา กระทรวงสาธารณสุข
Atropine sulfate,,eye drop,,ค,ยาโรงพยาบาล,ต้องอยู่ในบัญชียาของ รพ.นั้น,🔵,Eye,Mydriatics and cycloplegics,VII,โรคตาและส่วนประกอบของตา,,,,,บัญชียาหลักแห่งชาติ พ.ศ. 2558,http://drug.fda.moph.go.th:81/nlem.in.th/medicine/essential/list,กลุ่มนโยบายแห่งชาติด้านยา สำนักยา กระทรวงสาธารณสุข
Cyclopentolate hydrochloride,,eye drop,,ค,ยาโรงพยาบาล,ต้องอยู่ในบัญชียาของ รพ.นั้น,🔵,Eye,Mydriatics and cycloplegics,VII,โรคตาและส่วนประกอบของตา,,,,,บัญชียาหลักแห่งชาติ พ.ศ. 2558,http://drug.fda.moph.go.th:81/nlem.in.th/medicine/essential/list,กลุ่มนโยบายแห่งชาติด้านยา สำนักยา กระทรวงสาธารณสุข
Phenylephrine hydrochloride,,eye drop,,ค,ยาโรงพยาบาล,ต้องอยู่ในบัญชียาของ รพ.นั้น,🔵,Eye,Mydriatics and cycloplegics,VII,โรคตาและส่วนประกอบของตา,,,,,บัญชียาหลักแห่งชาติ พ.ศ. 2558,http://drug.fda.moph.go.th:81/nlem.in.th/medicine/essential/list,กลุ่มนโยบายแห่งชาติด้านยา สำนักยา กระทรวงสาธารณสุข
Tropicamide,,eye drop,,ค,ยาโรงพยาบาล,ต้องอยู่ในบัญชียาของ รพ.นั้น,🔵,Eye,Mydriatics and cycloplegics,VII,โรคตาและส่วนประกอบของตา,,,,,บัญชียาหลักแห่งชาติ พ.ศ. 2558,http://drug.fda.moph.go.th:81/nlem.in.th/medicine/essential/list,กลุ่มนโยบายแห่งชาติด้านยา สำนักยา กระทรวงสาธารณสุข
Glycerol,,oral sol (hosp),,ก,ยาจำเป็นพื้นฐาน,บัตรทอง/ประกันสังคมเบิกได้ทุกกรณี,🟢,Eye,Drugs for treatment of glaucoma,VII,โรคตาและส่วนประกอบของตา,,,,,บัญชียาหลักแห่งชาติ พ.ศ. 2558,http://drug.fda.moph.go.th:81/nlem.in.th/medicine/essential/list,กลุ่มนโยบายแห่งชาติด้านยา สำนักยา กระทรวงสาธารณสุข
Acetazolamide,,tab,,ก,ยาจำเป็นพื้นฐาน,บัตรทอง/ประกันสังคมเบิกได้ทุกกรณี,🟢,Eye,Drugs for treatment of glaucoma,VII,โรคตาและส่วนประกอบของตา,,,,,บัญชียาหลักแห่งชาติ พ.ศ. 2558,http://drug.fda.moph.go.th:81/nlem.in.th/medicine/essential/list,กลุ่มนโยบายแห่งชาติด้านยา สำนักยา กระทรวงสาธารณสุข
Pilocarpine,,eye drop (as hydrochloride or nitrate),,ก,ยาจำเป็นพื้นฐาน,บัตรทอง/ประกันสังคมเบิกได้ทุกกรณี,🟢,Eye,Drugs for treatment of glaucoma,VII,โรคตาและส่วนประกอบของตา,,,,,บัญชียาหลักแห่งชาติ พ.ศ. 2558,http://drug.fda.moph.go.th:81/nlem.in.th/medicine/essential/list,กลุ่มนโยบายแห่งชาติด้านยา สำนักยา กระทรวงสาธารณสุข
Timolol maleate,,eye drop,,ก,ยาจำเป็นพื้นฐาน,บัตรทอง/ประกันสังคมเบิกได้ทุกกรณี,🟢,Eye,Drugs for treatment of glaucoma,VII,โรคตาและส่วนประกอบของตา,,,,,บัญชียาหลักแห่งชาติ พ.ศ. 2558,http://drug.fda.moph.go.th:81/nlem.in.th/medicine/essential/list,กลุ่มนโยบายแห่งชาติด้านยา สำนักยา กระทรวงสาธารณสุข
Betaxolol hydrochloride,,"eye susp, eye sol",,ค,ยาโรงพยาบาล,ต้องอยู่ในบัญชียาของ รพ.นั้น,🔵,Eye,Drugs for treatment of glaucoma,VII,โรคตาและส่วนประกอบของตา,,,,,บัญชียาหลักแห่งชาติ พ.ศ. 2558,http://drug.fda.moph.go.th:81/nlem.in.th/medicine/essential/list,กลุ่มนโยบายแห่งชาติด้านยา สำนักยา กระทรวงสาธารณสุข
Brimonidine tartrate,,eye drop,,ค,ยาโรงพยาบาล,ต้องอยู่ในบัญชียาของ รพ.นั้น,🔵,Eye,Drugs for treatment of glaucoma,VII,โรคตาและส่วนประกอบของตา,,"1. ใช้รักษาต้อหินในกรณีที่มีข้อห้ามใช้ topical beta-blockers
2. ใช้เป็นยาเสริม (adjunct therapy) เพื่อให้ได้ระดับความดันในลูกตาที่ปลอดภัย",,,บัญชียาหลักแห่งชาติ พ.ศ. 2558,http://drug.fda.moph.go.th:81/nlem.in.th/medicine/essential/list,กลุ่มนโยบายแห่งชาติด้านยา สำนักยา กระทรวงสาธารณสุข
Brinzolamide,,eye susp,,ค,ยาโรงพยาบาล,ต้องอยู่ในบัญชียาของ รพ.นั้น,🔵,Eye,Drugs for treatment of glaucoma,VII,โรคตาและส่วนประกอบของตา,,,,,บัญชียาหลักแห่งชาติ พ.ศ. 2558,http://drug.fda.moph.go.th:81/nlem.in.th/medicine/essential/list,กลุ่มนโยบายแห่งชาติด้านยา สำนักยา กระทรวงสาธารณสุข
Bimatoprost,,eye drop,,ง,ยาโรคเฉพาะทาง,ใช้กับโรคเฉพาะ ตามแนวทางการรักษา,🟣,Eye,Drugs for treatment of glaucoma,VII,โรคตาและส่วนประกอบของตา,,ใช้เฉพาะกรณีที่ใช้ยารักษาต้อหินชนิดอื่นแล้วความดันในลูกตายังไม่ลดลงอยู่ในขั้นที่ปลอดภัย,,ราคายา Bimatoprost ความแรง 0.03%w/v ที่ต่อรองได้ ขนาด 3 ml ขวดละไม่เกิน 139.00 บาท (ราคารวมภาษีมูลค่าเพิ่ม) กำหนดยืนราคา 730 วัน  นับจากวันถัดจากวันประกาศในราชกิจจานุเบกษา เงื่อนไขและรายละเอียดอื่นๆ ให้ดูตามแบบเสนอยาในเว็บไซต์ www.nlem.in.th,บัญชียาหลักแห่งชาติ พ.ศ. 2558,http://drug.fda.moph.go.th:81/nlem.in.th/medicine/essential/list,กลุ่มนโยบายแห่งชาติด้านยา สำนักยา กระทรวงสาธารณสุข
Tetracaine hydrochloride,,eye drop,,ก,ยาจำเป็นพื้นฐาน,บัตรทอง/ประกันสังคมเบิกได้ทุกกรณี,🟢,Eye,Local anaesthetics,VII,โรคตาและส่วนประกอบของตา,,ห้ามให้ผู้ป่วยนำกลับบ้าน,,,บัญชียาหลักแห่งชาติ พ.ศ. 2558,http://drug.fda.moph.go.th:81/nlem.in.th/medicine/essential/list,กลุ่มนโยบายแห่งชาติด้านยา สำนักยา กระทรวงสาธารณสุข
Hypromellose  (with preservative),,eye drop,,ก,ยาจำเป็นพื้นฐาน,บัตรทอง/ประกันสังคมเบิกได้ทุกกรณี,🟢,Eye,"Tear deficiency, ocular lubricants and astringents",VII,โรคตาและส่วนประกอบของตา,,,,,บัญชียาหลักแห่งชาติ พ.ศ. 2558,http://drug.fda.moph.go.th:81/nlem.in.th/medicine/essential/list,กลุ่มนโยบายแห่งชาติด้านยา สำนักยา กระทรวงสาธารณสุข
"Carbomer  (with preservative, with/without sorbitol)",,eye gel,,ข,ยาที่ใช้ได้ตามเงื่อนไข,เบิกได้บางกรณี ตามเงื่อนไขที่กำหนด,🟡,Eye,"Tear deficiency, ocular lubricants and astringents",VII,โรคตาและส่วนประกอบของตา,,,,,บัญชียาหลักแห่งชาติ พ.ศ. 2558,http://drug.fda.moph.go.th:81/nlem.in.th/medicine/essential/list,กลุ่มนโยบายแห่งชาติด้านยา สำนักยา กระทรวงสาธารณสุข
White petrolatum + Mineral oil + Liquid lanolin anhydrous   (preservative free),,eye oint,,ค,ยาโรงพยาบาล,ต้องอยู่ในบัญชียาของ รพ.นั้น,🔵,Eye,"Tear deficiency, ocular lubricants and astringents",VII,โรคตาและส่วนประกอบของตา,,ใช้กับผู้ป่วยตาแห้งปานกลางถึงตาแห้งมาก ที่ใช้น้ำตาเทียมที่มี preservative ไม่ได้,,,บัญชียาหลักแห่งชาติ พ.ศ. 2558,http://drug.fda.moph.go.th:81/nlem.in.th/medicine/essential/list,กลุ่มนโยบายแห่งชาติด้านยา สำนักยา กระทรวงสาธารณสุข
Hypromellose + Dextran 70 (preservative free),,eye drop,,ง,ยาโรคเฉพาะทาง,ใช้กับโรคเฉพาะ ตามแนวทางการรักษา,🟣,Eye,"Tear deficiency, ocular lubricants and astringents",VII,โรคตาและส่วนประกอบของตา,,ใช้เฉพาะกับผู้ป่วยตาแห้งมาก ที่ใช้น้ำตาเทียมที่มี preservative ไม่ได้,,,บัญชียาหลักแห่งชาติ พ.ศ. 2558,http://drug.fda.moph.go.th:81/nlem.in.th/medicine/essential/list,กลุ่มนโยบายแห่งชาติด้านยา สำนักยา กระทรวงสาธารณสุข
Acetylcysteine,N-acetylcysteine,eye drop,,ง,ยาโรคเฉพาะทาง,ใช้กับโรคเฉพาะ ตามแนวทางการรักษา,🟣,Eye,"Tear deficiency, ocular lubricants and astringents",VII,โรคตาและส่วนประกอบของตา,,ใช้สำหรับละลาย mucus ของน้ำตาในผู้ป่วยโรคกระจกตาที่มี mucus ผิดปกติ,,,บัญชียาหลักแห่งชาติ พ.ศ. 2558,http://drug.fda.moph.go.th:81/nlem.in.th/medicine/essential/list,กลุ่มนโยบายแห่งชาติด้านยา สำนักยา กระทรวงสาธารณสุข
Dried protein-free dialysate of calf blood,,eye gel,,ง,ยาโรคเฉพาะทาง,ใช้กับโรคเฉพาะ ตามแนวทางการรักษา,🟣,Eye,"Tear deficiency, ocular lubricants and astringents",VII,โรคตาและส่วนประกอบของตา,,ใช้เพิ่มการสมานของแผลที่กระจกตา,,,บัญชียาหลักแห่งชาติ พ.ศ. 2558,http://drug.fda.moph.go.th:81/nlem.in.th/medicine/essential/list,กลุ่มนโยบายแห่งชาติด้านยา สำนักยา กระทรวงสาธารณสุข
Balance salt,,"sol for ocular irrigation , sol for intraocular irrigation",,ค,ยาโรงพยาบาล,ต้องอยู่ในบัญชียาของ รพ.นั้น,🔵,Eye,Ocular diagnostic and peri-operative preparations and photodynamic treatment,VII,โรคตาและส่วนประกอบของตา,,,,,บัญชียาหลักแห่งชาติ พ.ศ. 2558,http://drug.fda.moph.go.th:81/nlem.in.th/medicine/essential/list,กลุ่มนโยบายแห่งชาติด้านยา สำนักยา กระทรวงสาธารณสุข
Carbachol,,sterile sol for intraocular  use,,ค,ยาโรงพยาบาล,ต้องอยู่ในบัญชียาของ รพ.นั้น,🔵,Eye,Ocular diagnostic and peri-operative preparations and photodynamic treatment,VII,โรคตาและส่วนประกอบของตา,,ใช้หดม่านตาระหว่างการผ่าตัด,,,บัญชียาหลักแห่งชาติ พ.ศ. 2558,http://drug.fda.moph.go.th:81/nlem.in.th/medicine/essential/list,กลุ่มนโยบายแห่งชาติด้านยา สำนักยา กระทรวงสาธารณสุข
Diclofenac sodium with preservative,,eye drop,,ค,ยาโรงพยาบาล,ต้องอยู่ในบัญชียาของ รพ.นั้น,🔵,Eye,Ocular diagnostic and peri-operative preparations and photodynamic treatment,VII,โรคตาและส่วนประกอบของตา,,,,,บัญชียาหลักแห่งชาติ พ.ศ. 2558,http://drug.fda.moph.go.th:81/nlem.in.th/medicine/essential/list,กลุ่มนโยบายแห่งชาติด้านยา สำนักยา กระทรวงสาธารณสุข
Fluorescein sodium,,sterile sol for inj,,ค,ยาโรงพยาบาล,ต้องอยู่ในบัญชียาของ รพ.นั้น,🔵,Eye,Ocular diagnostic and peri-operative preparations and photodynamic treatment,VII,โรคตาและส่วนประกอบของตา,,,,,บัญชียาหลักแห่งชาติ พ.ศ. 2558,http://drug.fda.moph.go.th:81/nlem.in.th/medicine/essential/list,กลุ่มนโยบายแห่งชาติด้านยา สำนักยา กระทรวงสาธารณสุข
Sodium chondroitin sulfate + Sodium hyaluronate,,sterile sol for intraocular use,,ค,ยาโรงพยาบาล,ต้องอยู่ในบัญชียาของ รพ.นั้น,🔵,Eye,Ocular diagnostic and peri-operative preparations and photodynamic treatment,VII,โรคตาและส่วนประกอบของตา,,,,,บัญชียาหลักแห่งชาติ พ.ศ. 2558,http://drug.fda.moph.go.th:81/nlem.in.th/medicine/essential/list,กลุ่มนโยบายแห่งชาติด้านยา สำนักยา กระทรวงสาธารณสุข
Sodium hyaluronate,,sterile sol for intraocular use,,ค,ยาโรงพยาบาล,ต้องอยู่ในบัญชียาของ รพ.นั้น,🔵,Eye,Ocular diagnostic and peri-operative preparations and photodynamic treatment,VII,โรคตาและส่วนประกอบของตา,,,,,บัญชียาหลักแห่งชาติ พ.ศ. 2558,http://drug.fda.moph.go.th:81/nlem.in.th/medicine/essential/list,กลุ่มนโยบายแห่งชาติด้านยา สำนักยา กระทรวงสาธารณสุข
Bevacizumab,,sterile sol,,จ(2),ยาพิเศษ,ต้องขออนุมัติ + เงื่อนไขพิเศษ,🔴,Eye,Ocular diagnostic and peri-operative preparations and photodynamic treatment,VII,โรคตาและส่วนประกอบของตา,,"1. ใช้สำหรับ age-related macular degeneration (AMD) โดยมีแนวทางกำกับการใช้ยาเป็นไปตามรายละเอียดในภาคผนวก 3 
2. ใช้สำหรับ diabetic macular edema (DME) โดยมีแนวทางกำกับการใช้ยาเป็นไปตามรายละเอียดในภาคผนวก 3",,,บัญชียาหลักแห่งชาติ พ.ศ. 2558,http://drug.fda.moph.go.th:81/nlem.in.th/medicine/essential/list,กลุ่มนโยบายแห่งชาติด้านยา สำนักยา กระทรวงสาธารณสุข
Chloramphenicol,,ear drop,,ก,ยาจำเป็นพื้นฐาน,บัตรทอง/ประกันสังคมเบิกได้ทุกกรณี,🟢,"Ear, nose, oropharynx  and oral cavity",Drugs acting on the ear,VIII,โรคหูและกระดูกกกหู,,,,,บัญชียาหลักแห่งชาติ พ.ศ. 2558,http://drug.fda.moph.go.th:81/nlem.in.th/medicine/essential/list,กลุ่มนโยบายแห่งชาติด้านยา สำนักยา กระทรวงสาธารณสุข
Dexamethasone + Framycetin sulfate + Gramicidin,,ear drop/ear oint (เฉพาะ 0.5 mg+5 mg+0.05 mg in 1 ml or 1 g),,ค,ยาโรงพยาบาล,ต้องอยู่ในบัญชียาของ รพ.นั้น,🔵,"Ear, nose, oropharynx  and oral cavity",Drugs acting on the ear,VIII,โรคหูและกระดูกกกหู,,,,,บัญชียาหลักแห่งชาติ พ.ศ. 2558,http://drug.fda.moph.go.th:81/nlem.in.th/medicine/essential/list,กลุ่มนโยบายแห่งชาติด้านยา สำนักยา กระทรวงสาธารณสุข
Hydrocortisone + Neomycin sulfate + Polymyxin B sulfate,,ear drop (เฉพาะ 10 mg + 3400 U + 10000 U in 1 ml),,ค,ยาโรงพยาบาล,ต้องอยู่ในบัญชียาของ รพ.นั้น,🔵,"Ear, nose, oropharynx  and oral cavity",Drugs acting on the ear,VIII,โรคหูและกระดูกกกหู,,,,,บัญชียาหลักแห่งชาติ พ.ศ. 2558,http://drug.fda.moph.go.th:81/nlem.in.th/medicine/essential/list,กลุ่มนโยบายแห่งชาติด้านยา สำนักยา กระทรวงสาธารณสุข
Acetic acid,,ear drop (hosp) (เฉพาะ 2% in aqueous และ 2% in 70% isopropyl alcohol),,ก,ยาจำเป็นพื้นฐาน,บัตรทอง/ประกันสังคมเบิกได้ทุกกรณี,🟢,"Ear, nose, oropharynx  and oral cavity",Drugs acting on the ear,VIII,โรคหูและกระดูกกกหู,,,ห้ามใช้ในผู้ป่วยที่แก้วหูทะลุ,,บัญชียาหลักแห่งชาติ พ.ศ. 2558,http://drug.fda.moph.go.th:81/nlem.in.th/medicine/essential/list,กลุ่มนโยบายแห่งชาติด้านยา สำนักยา กระทรวงสาธารณสุข
Boric acid,,ear drop (hosp) (เฉพาะ 3% in isopropyl alcohol),,ก,ยาจำเป็นพื้นฐาน,บัตรทอง/ประกันสังคมเบิกได้ทุกกรณี,🟢,"Ear, nose, oropharynx  and oral cavity",Drugs acting on the ear,VIII,โรคหูและกระดูกกกหู,,,ห้ามใช้ในผู้ป่วยที่แก้วหูทะลุ,,บัญชียาหลักแห่งชาติ พ.ศ. 2558,http://drug.fda.moph.go.th:81/nlem.in.th/medicine/essential/list,กลุ่มนโยบายแห่งชาติด้านยา สำนักยา กระทรวงสาธารณสุข
Gentian violet,,sol (hosp),,ก,ยาจำเป็นพื้นฐาน,บัตรทอง/ประกันสังคมเบิกได้ทุกกรณี,🟢,"Ear, nose, oropharynx  and oral cavity",Drugs acting on the ear,VIII,โรคหูและกระดูกกกหู,,,ห้ามใช้ในผู้ป่วยที่แก้วหูทะลุ,,บัญชียาหลักแห่งชาติ พ.ศ. 2558,http://drug.fda.moph.go.th:81/nlem.in.th/medicine/essential/list,กลุ่มนโยบายแห่งชาติด้านยา สำนักยา กระทรวงสาธารณสุข
Clotrimazole,,ear drop,,ข,ยาที่ใช้ได้ตามเงื่อนไข,เบิกได้บางกรณี ตามเงื่อนไขที่กำหนด,🟡,"Ear, nose, oropharynx  and oral cavity",Drugs acting on the ear,VIII,โรคหูและกระดูกกกหู,,,,,บัญชียาหลักแห่งชาติ พ.ศ. 2558,http://drug.fda.moph.go.th:81/nlem.in.th/medicine/essential/list,กลุ่มนโยบายแห่งชาติด้านยา สำนักยา กระทรวงสาธารณสุข
Ofloxacin,,ear drop,,ค,ยาโรงพยาบาล,ต้องอยู่ในบัญชียาของ รพ.นั้น,🔵,"Ear, nose, oropharynx  and oral cavity",Drugs acting on the ear,VIII,โรคหูและกระดูกกกหู,,ใช้สำหรับหูน้ำหนวกเรื้อรังที่แก้วหูทะลุ ที่ใช้ Chloramphenicol ไม่ได้ผล,,ควรมี guideline ที่ชัดเจนกำกับการใช้ยานี้ เพราะการใช้ยาอาจส่งผลให้เกิดปัญหาเชื้อดื้อยากลุ่ม quinolones,บัญชียาหลักแห่งชาติ พ.ศ. 2558,http://drug.fda.moph.go.th:81/nlem.in.th/medicine/essential/list,กลุ่มนโยบายแห่งชาติด้านยา สำนักยา กระทรวงสาธารณสุข
Sodium bicarbonate,,ear drop (hosp),,ก,ยาจำเป็นพื้นฐาน,บัตรทอง/ประกันสังคมเบิกได้ทุกกรณี,🟢,"Ear, nose, oropharynx  and oral cavity",Drugs acting on the ear,VIII,โรคหูและกระดูกกกหู,,,,,บัญชียาหลักแห่งชาติ พ.ศ. 2558,http://drug.fda.moph.go.th:81/nlem.in.th/medicine/essential/list,กลุ่มนโยบายแห่งชาติด้านยา สำนักยา กระทรวงสาธารณสุข
Budesonide,,nasal spray,,ข,ยาที่ใช้ได้ตามเงื่อนไข,เบิกได้บางกรณี ตามเงื่อนไขที่กำหนด,🟡,"Ear, nose, oropharynx  and oral cavity",Drugs acting on the nose,VIII,โรคหูและกระดูกกกหู,,ใช้กับผู้ป่วยอายุ 6 ปีขึ้นไป,,,บัญชียาหลักแห่งชาติ พ.ศ. 2558,http://drug.fda.moph.go.th:81/nlem.in.th/medicine/essential/list,กลุ่มนโยบายแห่งชาติด้านยา สำนักยา กระทรวงสาธารณสุข
Fluticasone furoate,,nasal spray,,ง,ยาโรคเฉพาะทาง,ใช้กับโรคเฉพาะ ตามแนวทางการรักษา,🟣,"Ear, nose, oropharynx  and oral cavity",Drugs acting on the nose,VIII,โรคหูและกระดูกกกหู,,ใช้กับผู้ป่วยอายุ 2 ปีขึ้นไปในข้อบ่งใช้ 1.  โพรงจมูกอักเสบจากภูมิแพ้ที่เกิดตามฤดูกาลและตลอดปี 2.  เยื่อบุตาอักเสบจากภูมิแพ้,,ราคายา Fluticasone furoate ความแรง 27.5 mcg/dose  ที่ต่อรองได้ ขนาด 120 dose ขวดละไม่เกิน 240.75 บาท (ราคารวมภาษีมูลค่าเพิ่ม) กำหนดยืนราคา 730 วัน  นับจากวันถัดจากวันประกาศในราชกิจจานุเบกษา เงื่อนไขและรายละเอียดอื่นๆ ให้ดูตามแบบเสนอยาในเว็บไซต์ www.nlem.in.th,บัญชียาหลักแห่งชาติ พ.ศ. 2558,http://drug.fda.moph.go.th:81/nlem.in.th/medicine/essential/list,กลุ่มนโยบายแห่งชาติด้านยา สำนักยา กระทรวงสาธารณสุข
Ephedrine hydrochloride,,nasal drop (hosp) (เฉพาะ 0.5-3%),วัตถุที่ออกฤทธิ์ต่อจิตและประสาทประเภท 2,ก,ยาจำเป็นพื้นฐาน,บัตรทอง/ประกันสังคมเบิกได้ทุกกรณี,🟢,"Ear, nose, oropharynx  and oral cavity",Drugs acting on the nose,VIII,โรคหูและกระดูกกกหู,,,,,บัญชียาหลักแห่งชาติ พ.ศ. 2558,http://drug.fda.moph.go.th:81/nlem.in.th/medicine/essential/list,กลุ่มนโยบายแห่งชาติด้านยา สำนักยา กระทรวงสาธารณสุข
Sodium chloride,,sterile sol (for irrigation) (เฉพาะ 0.9%),,ก,ยาจำเป็นพื้นฐาน,บัตรทอง/ประกันสังคมเบิกได้ทุกกรณี,🟢,"Ear, nose, oropharynx  and oral cavity",Drugs acting on the nose,VIII,โรคหูและกระดูกกกหู,,,,,บัญชียาหลักแห่งชาติ พ.ศ. 2558,http://drug.fda.moph.go.th:81/nlem.in.th/medicine/essential/list,กลุ่มนโยบายแห่งชาติด้านยา สำนักยา กระทรวงสาธารณสุข
Oxymetazoline hydrochloride,,"nasal drop, nasal spray",,ข,ยาที่ใช้ได้ตามเงื่อนไข,เบิกได้บางกรณี ตามเงื่อนไขที่กำหนด,🟡,"Ear, nose, oropharynx  and oral cavity",Drugs acting on the nose,VIII,โรคหูและกระดูกกกหู,,,,,บัญชียาหลักแห่งชาติ พ.ศ. 2558,http://drug.fda.moph.go.th:81/nlem.in.th/medicine/essential/list,กลุ่มนโยบายแห่งชาติด้านยา สำนักยา กระทรวงสาธารณสุข
Borax (in glycerin),,"sol, sol (hosp)",,ก,ยาจำเป็นพื้นฐาน,บัตรทอง/ประกันสังคมเบิกได้ทุกกรณี,🟢,"Ear, nose, oropharynx  and oral cavity",Drugs acting on the oropharynx and oral cavity,VIII,โรคหูและกระดูกกกหู,,,,,บัญชียาหลักแห่งชาติ พ.ศ. 2558,http://drug.fda.moph.go.th:81/nlem.in.th/medicine/essential/list,กลุ่มนโยบายแห่งชาติด้านยา สำนักยา กระทรวงสาธารณสุข
Chlorhexidine gluconate,,mouthwash sol / mouthwash sol (hosp) (เฉพาะ 0.1-0.2% w/v),,ก,ยาจำเป็นพื้นฐาน,บัตรทอง/ประกันสังคมเบิกได้ทุกกรณี,🟢,"Ear, nose, oropharynx  and oral cavity",Drugs acting on the oropharynx and oral cavity,VIII,โรคหูและกระดูกกกหู,,,,,บัญชียาหลักแห่งชาติ พ.ศ. 2558,http://drug.fda.moph.go.th:81/nlem.in.th/medicine/essential/list,กลุ่มนโยบายแห่งชาติด้านยา สำนักยา กระทรวงสาธารณสุข
Fluocinolone acetonide,,"oral cream (hosp), oral gel  (hosp), sol (hosp)",,ก,ยาจำเป็นพื้นฐาน,บัตรทอง/ประกันสังคมเบิกได้ทุกกรณี,🟢,"Ear, nose, oropharynx  and oral cavity",Drugs acting on the oropharynx and oral cavity,VIII,โรคหูและกระดูกกกหู,,,,,บัญชียาหลักแห่งชาติ พ.ศ. 2558,http://drug.fda.moph.go.th:81/nlem.in.th/medicine/essential/list,กลุ่มนโยบายแห่งชาติด้านยา สำนักยา กระทรวงสาธารณสุข
Talbot's solution,,sol (hosp),,ก,ยาจำเป็นพื้นฐาน,บัตรทอง/ประกันสังคมเบิกได้ทุกกรณี,🟢,"Ear, nose, oropharynx  and oral cavity",Drugs acting on the oropharynx and oral cavity,VIII,โรคหูและกระดูกกกหู,,,,,บัญชียาหลักแห่งชาติ พ.ศ. 2558,http://drug.fda.moph.go.th:81/nlem.in.th/medicine/essential/list,กลุ่มนโยบายแห่งชาติด้านยา สำนักยา กระทรวงสาธารณสุข
"Iodine Paint, compound",,sol (hosp),,ก,ยาจำเป็นพื้นฐาน,บัตรทอง/ประกันสังคมเบิกได้ทุกกรณี,🟢,"Ear, nose, oropharynx  and oral cavity",Drugs acting on the oropharynx and oral cavity,VIII,โรคหูและกระดูกกกหู,,,,,บัญชียาหลักแห่งชาติ พ.ศ. 2558,http://drug.fda.moph.go.th:81/nlem.in.th/medicine/essential/list,กลุ่มนโยบายแห่งชาติด้านยา สำนักยา กระทรวงสาธารณสุข
Iodoform (in ether),,sol (hosp),,ข,ยาที่ใช้ได้ตามเงื่อนไข,เบิกได้บางกรณี ตามเงื่อนไขที่กำหนด,🟡,"Ear, nose, oropharynx  and oral cavity",Drugs acting on the oropharynx and oral cavity,VIII,โรคหูและกระดูกกกหู,,,,,บัญชียาหลักแห่งชาติ พ.ศ. 2558,http://drug.fda.moph.go.th:81/nlem.in.th/medicine/essential/list,กลุ่มนโยบายแห่งชาติด้านยา สำนักยา กระทรวงสาธารณสุข
Clotrimazole,,lozenge,,ก,ยาจำเป็นพื้นฐาน,บัตรทอง/ประกันสังคมเบิกได้ทุกกรณี,🟢,"Ear, nose, oropharynx  and oral cavity",Drugs acting on the oropharynx and oral cavity,VIII,โรคหูและกระดูกกกหู,,,,,บัญชียาหลักแห่งชาติ พ.ศ. 2558,http://drug.fda.moph.go.th:81/nlem.in.th/medicine/essential/list,กลุ่มนโยบายแห่งชาติด้านยา สำนักยา กระทรวงสาธารณสุข
Miconazole nitrate,,oral gel,,ก,ยาจำเป็นพื้นฐาน,บัตรทอง/ประกันสังคมเบิกได้ทุกกรณี,🟢,"Ear, nose, oropharynx  and oral cavity",Drugs acting on the oropharynx and oral cavity,VIII,โรคหูและกระดูกกกหู,,,,,บัญชียาหลักแห่งชาติ พ.ศ. 2558,http://drug.fda.moph.go.th:81/nlem.in.th/medicine/essential/list,กลุ่มนโยบายแห่งชาติด้านยา สำนักยา กระทรวงสาธารณสุข
Nystatin,,oral susp,,ก,ยาจำเป็นพื้นฐาน,บัตรทอง/ประกันสังคมเบิกได้ทุกกรณี,🟢,"Ear, nose, oropharynx  and oral cavity",Drugs acting on the oropharynx and oral cavity,VIII,โรคหูและกระดูกกกหู,,,,,บัญชียาหลักแห่งชาติ พ.ศ. 2558,http://drug.fda.moph.go.th:81/nlem.in.th/medicine/essential/list,กลุ่มนโยบายแห่งชาติด้านยา สำนักยา กระทรวงสาธารณสุข
Camphorated parachlorophenol,,sol (hosp),,ก,ยาจำเป็นพื้นฐาน,บัตรทอง/ประกันสังคมเบิกได้ทุกกรณี,🟢,"Ear, nose, oropharynx  and oral cavity",Drugs acting on the oropharynx and oral cavity,VIII,โรคหูและกระดูกกกหู,,,,,บัญชียาหลักแห่งชาติ พ.ศ. 2558,http://drug.fda.moph.go.th:81/nlem.in.th/medicine/essential/list,กลุ่มนโยบายแห่งชาติด้านยา สำนักยา กระทรวงสาธารณสุข
Camphorated phenol,,sol (hosp),,ก,ยาจำเป็นพื้นฐาน,บัตรทอง/ประกันสังคมเบิกได้ทุกกรณี,🟢,"Ear, nose, oropharynx  and oral cavity",Drugs acting on the oropharynx and oral cavity,VIII,โรคหูและกระดูกกกหู,,,,,บัญชียาหลักแห่งชาติ พ.ศ. 2558,http://drug.fda.moph.go.th:81/nlem.in.th/medicine/essential/list,กลุ่มนโยบายแห่งชาติด้านยา สำนักยา กระทรวงสาธารณสุข
Chlorhexidine gluconate,,sol (hosp) (เฉพาะ 2% ),,ก,ยาจำเป็นพื้นฐาน,บัตรทอง/ประกันสังคมเบิกได้ทุกกรณี,🟢,"Ear, nose, oropharynx  and oral cavity",Drugs acting on the oropharynx and oral cavity,VIII,โรคหูและกระดูกกกหู,,,,,บัญชียาหลักแห่งชาติ พ.ศ. 2558,http://drug.fda.moph.go.th:81/nlem.in.th/medicine/essential/list,กลุ่มนโยบายแห่งชาติด้านยา สำนักยา กระทรวงสาธารณสุข
Clove oil,,oil,,ก,ยาจำเป็นพื้นฐาน,บัตรทอง/ประกันสังคมเบิกได้ทุกกรณี,🟢,"Ear, nose, oropharynx  and oral cavity",Drugs acting on the oropharynx and oral cavity,VIII,โรคหูและกระดูกกกหู,,,,,บัญชียาหลักแห่งชาติ พ.ศ. 2558,http://drug.fda.moph.go.th:81/nlem.in.th/medicine/essential/list,กลุ่มนโยบายแห่งชาติด้านยา สำนักยา กระทรวงสาธารณสุข
EDTA,,sol (hosp) (เฉพาะ 14% หรือ 17% ),,ก,ยาจำเป็นพื้นฐาน,บัตรทอง/ประกันสังคมเบิกได้ทุกกรณี,🟢,"Ear, nose, oropharynx  and oral cavity",Drugs acting on the oropharynx and oral cavity,VIII,โรคหูและกระดูกกกหู,,,,,บัญชียาหลักแห่งชาติ พ.ศ. 2558,http://drug.fda.moph.go.th:81/nlem.in.th/medicine/essential/list,กลุ่มนโยบายแห่งชาติด้านยา สำนักยา กระทรวงสาธารณสุข
Formocresol,"Cresolated formaldehyde, Formaldehyde and Cresol solution",sol (hosp),,ก,ยาจำเป็นพื้นฐาน,บัตรทอง/ประกันสังคมเบิกได้ทุกกรณี,🟢,"Ear, nose, oropharynx  and oral cavity",Drugs acting on the oropharynx and oral cavity,VIII,โรคหูและกระดูกกกหู,,,,,บัญชียาหลักแห่งชาติ พ.ศ. 2558,http://drug.fda.moph.go.th:81/nlem.in.th/medicine/essential/list,กลุ่มนโยบายแห่งชาติด้านยา สำนักยา กระทรวงสาธารณสุข
Sodium hypochlorite,,sol (hosp),,ก,ยาจำเป็นพื้นฐาน,บัตรทอง/ประกันสังคมเบิกได้ทุกกรณี,🟢,"Ear, nose, oropharynx  and oral cavity",Drugs acting on the oropharynx and oral cavity,VIII,โรคหูและกระดูกกกหู,,,,,บัญชียาหลักแห่งชาติ พ.ศ. 2558,http://drug.fda.moph.go.th:81/nlem.in.th/medicine/essential/list,กลุ่มนโยบายแห่งชาติด้านยา สำนักยา กระทรวงสาธารณสุข
Chlorhexidine  gluconate,,mouthwash sol / mouthwash sol (hosp) (เฉพาะ 0.1-0.2%w/v),,ก,ยาจำเป็นพื้นฐาน,บัตรทอง/ประกันสังคมเบิกได้ทุกกรณี,🟢,"Ear, nose, oropharynx  and oral cavity",Drugs acting on the oropharynx and oral cavity,VIII,โรคหูและกระดูกกกหู,,,,,บัญชียาหลักแห่งชาติ พ.ศ. 2558,http://drug.fda.moph.go.th:81/nlem.in.th/medicine/essential/list,กลุ่มนโยบายแห่งชาติด้านยา สำนักยา กระทรวงสาธารณสุข
Sodium fluoride,,"tab, oral sol",,ก,ยาจำเป็นพื้นฐาน,บัตรทอง/ประกันสังคมเบิกได้ทุกกรณี,🟢,"Ear, nose, oropharynx  and oral cavity",Drugs acting on the oropharynx and oral cavity,VIII,โรคหูและกระดูกกกหู,,,,ระวังการใช้ในพื้นที่ที่มีฟลูออไรด์สูง เพราะอาจทำให้เกิด fluorosis,บัญชียาหลักแห่งชาติ พ.ศ. 2558,http://drug.fda.moph.go.th:81/nlem.in.th/medicine/essential/list,กลุ่มนโยบายแห่งชาติด้านยา สำนักยา กระทรวงสาธารณสุข
Epinephrine,Adrenaline,sterile sol,,ก,ยาจำเป็นพื้นฐาน,บัตรทอง/ประกันสังคมเบิกได้ทุกกรณี,🟢,"Ear, nose, oropharynx  and oral cavity",Drugs acting on the oropharynx and oral cavity,VIII,โรคหูและกระดูกกกหู,,,,,บัญชียาหลักแห่งชาติ พ.ศ. 2558,http://drug.fda.moph.go.th:81/nlem.in.th/medicine/essential/list,กลุ่มนโยบายแห่งชาติด้านยา สำนักยา กระทรวงสาธารณสุข
Artificial saliva,Saliva substitutes,sol (hosp),,ก,ยาจำเป็นพื้นฐาน,บัตรทอง/ประกันสังคมเบิกได้ทุกกรณี,🟢,"Ear, nose, oropharynx  and oral cavity",Drugs acting on the oropharynx and oral cavity,VIII,โรคหูและกระดูกกกหู,,,,,บัญชียาหลักแห่งชาติ พ.ศ. 2558,http://drug.fda.moph.go.th:81/nlem.in.th/medicine/essential/list,กลุ่มนโยบายแห่งชาติด้านยา สำนักยา กระทรวงสาธารณสุข
Hydrogen peroxide,,mouthwash sol (1.5% w/v ),,ก,ยาจำเป็นพื้นฐาน,บัตรทอง/ประกันสังคมเบิกได้ทุกกรณี,🟢,"Ear, nose, oropharynx  and oral cavity",Drugs acting on the oropharynx and oral cavity,VIII,โรคหูและกระดูกกกหู,,,,,บัญชียาหลักแห่งชาติ พ.ศ. 2558,http://drug.fda.moph.go.th:81/nlem.in.th/medicine/essential/list,กลุ่มนโยบายแห่งชาติด้านยา สำนักยา กระทรวงสาธารณสุข
Sodium chloride,,sterile sol,,ก,ยาจำเป็นพื้นฐาน,บัตรทอง/ประกันสังคมเบิกได้ทุกกรณี,🟢,"Ear, nose, oropharynx  and oral cavity",Drugs acting on the oropharynx and oral cavity,VIII,โรคหูและกระดูกกกหู,,,,,บัญชียาหลักแห่งชาติ พ.ศ. 2558,http://drug.fda.moph.go.th:81/nlem.in.th/medicine/essential/list,กลุ่มนโยบายแห่งชาติด้านยา สำนักยา กระทรวงสาธารณสุข
Special mouthwash,,mouthwash sol (hosp),,ก,ยาจำเป็นพื้นฐาน,บัตรทอง/ประกันสังคมเบิกได้ทุกกรณี,🟢,"Ear, nose, oropharynx  and oral cavity",Drugs acting on the oropharynx and oral cavity,VIII,โรคหูและกระดูกกกหู,,,,,บัญชียาหลักแห่งชาติ พ.ศ. 2558,http://drug.fda.moph.go.th:81/nlem.in.th/medicine/essential/list,กลุ่มนโยบายแห่งชาติด้านยา สำนักยา กระทรวงสาธารณสุข
Tincture of iodine,lodine in alcohol,"sol, sol (hosp)",,ก,ยาจำเป็นพื้นฐาน,บัตรทอง/ประกันสังคมเบิกได้ทุกกรณี,🟢,"Ear, nose, oropharynx  and oral cavity",Drugs acting on the oropharynx and oral cavity,VIII,โรคหูและกระดูกกกหู,,,,,บัญชียาหลักแห่งชาติ พ.ศ. 2558,http://drug.fda.moph.go.th:81/nlem.in.th/medicine/essential/list,กลุ่มนโยบายแห่งชาติด้านยา สำนักยา กระทรวงสาธารณสุข
Zinc oxide,,pwdr (hosp),,ก,ยาจำเป็นพื้นฐาน,บัตรทอง/ประกันสังคมเบิกได้ทุกกรณี,🟢,"Ear, nose, oropharynx  and oral cavity",Drugs acting on the oropharynx and oral cavity,VIII,โรคหูและกระดูกกกหู,,,,ใช้อุดคลองรากฟันที่ใช้บดเคี้ยวหรือใช้สำหรับอุดฟันชั่วคราวที่ต้องการให้ remove ออกได้ง่าย,บัญชียาหลักแห่งชาติ พ.ศ. 2558,http://drug.fda.moph.go.th:81/nlem.in.th/medicine/essential/list,กลุ่มนโยบายแห่งชาติด้านยา สำนักยา กระทรวงสาธารณสุข
Zinc oxide with zinc acetate,,pwdr (hosp),,ก,ยาจำเป็นพื้นฐาน,บัตรทอง/ประกันสังคมเบิกได้ทุกกรณี,🟢,"Ear, nose, oropharynx  and oral cavity",Drugs acting on the oropharynx and oral cavity,VIII,โรคหูและกระดูกกกหู,,,,ใช้สำหรับอุดคลองรากฟันและอุดชั่วคราวที่ต้องการความแข็งแรงมาก,บัญชียาหลักแห่งชาติ พ.ศ. 2558,http://drug.fda.moph.go.th:81/nlem.in.th/medicine/essential/list,กลุ่มนโยบายแห่งชาติด้านยา สำนักยา กระทรวงสาธารณสุข
Carnoy's solution,,sol (hosp),,ค,ยาโรงพยาบาล,ต้องอยู่ในบัญชียาของ รพ.นั้น,🔵,"Ear, nose, oropharynx  and oral cavity",Drugs acting on the oropharynx and oral cavity,VIII,โรคหูและกระดูกกกหู,,,,,บัญชียาหลักแห่งชาติ พ.ศ. 2558,http://drug.fda.moph.go.th:81/nlem.in.th/medicine/essential/list,กลุ่มนโยบายแห่งชาติด้านยา สำนักยา กระทรวงสาธารณสุข
White head varnish,,varnish (hosp),,ค,ยาโรงพยาบาล,ต้องอยู่ในบัญชียาของ รพ.นั้น,🔵,"Ear, nose, oropharynx  and oral cavity",Drugs acting on the oropharynx and oral cavity,VIII,โรคหูและกระดูกกกหู,,,,,บัญชียาหลักแห่งชาติ พ.ศ. 2558,http://drug.fda.moph.go.th:81/nlem.in.th/medicine/essential/list,กลุ่มนโยบายแห่งชาติด้านยา สำนักยา กระทรวงสาธารณสุข
Sulfadiazine silver,Silver sulfadiazine,cream,,ก,ยาจำเป็นพื้นฐาน,บัตรทอง/ประกันสังคมเบิกได้ทุกกรณี,🟢,Skin,Anti-infective skin preparations,XII,โรคผิวหนังและเนื้อเยื่อใต้ผิวหนัง,,,,,บัญชียาหลักแห่งชาติ พ.ศ. 2558,http://drug.fda.moph.go.th:81/nlem.in.th/medicine/essential/list,กลุ่มนโยบายแห่งชาติด้านยา สำนักยา กระทรวงสาธารณสุข
Fusidic acid,,cream,,ข,ยาที่ใช้ได้ตามเงื่อนไข,เบิกได้บางกรณี ตามเงื่อนไขที่กำหนด,🟡,Skin,Anti-infective skin preparations,XII,โรคผิวหนังและเนื้อเยื่อใต้ผิวหนัง,,,,,บัญชียาหลักแห่งชาติ พ.ศ. 2558,http://drug.fda.moph.go.th:81/nlem.in.th/medicine/essential/list,กลุ่มนโยบายแห่งชาติด้านยา สำนักยา กระทรวงสาธารณสุข
Sodium fusidate,,oint,,ข,ยาที่ใช้ได้ตามเงื่อนไข,เบิกได้บางกรณี ตามเงื่อนไขที่กำหนด,🟡,Skin,Anti-infective skin preparations,XII,โรคผิวหนังและเนื้อเยื่อใต้ผิวหนัง,,,,,บัญชียาหลักแห่งชาติ พ.ศ. 2558,http://drug.fda.moph.go.th:81/nlem.in.th/medicine/essential/list,กลุ่มนโยบายแห่งชาติด้านยา สำนักยา กระทรวงสาธารณสุข
Mupirocin,,oint,,ข,ยาที่ใช้ได้ตามเงื่อนไข,เบิกได้บางกรณี ตามเงื่อนไขที่กำหนด,🟡,Skin,Anti-infective skin preparations,XII,โรคผิวหนังและเนื้อเยื่อใต้ผิวหนัง,,จำกัดการใช้เฉพาะ Methicillin-resistant S.aureus (MRSA),,,บัญชียาหลักแห่งชาติ พ.ศ. 2558,http://drug.fda.moph.go.th:81/nlem.in.th/medicine/essential/list,กลุ่มนโยบายแห่งชาติด้านยา สำนักยา กระทรวงสาธารณสุข
Benzoic acid + Salicylic acid,Whitfield’s ointment,"oint, oint (hosp)",,ก,ยาจำเป็นพื้นฐาน,บัตรทอง/ประกันสังคมเบิกได้ทุกกรณี,🟢,Skin,Anti-infective skin preparations,XII,โรคผิวหนังและเนื้อเยื่อใต้ผิวหนัง,,,,,บัญชียาหลักแห่งชาติ พ.ศ. 2558,http://drug.fda.moph.go.th:81/nlem.in.th/medicine/essential/list,กลุ่มนโยบายแห่งชาติด้านยา สำนักยา กระทรวงสาธารณสุข
Sodium thiosulfate,,"sol, sol (hosp)",,ก,ยาจำเป็นพื้นฐาน,บัตรทอง/ประกันสังคมเบิกได้ทุกกรณี,🟢,Skin,Anti-infective skin preparations,XII,โรคผิวหนังและเนื้อเยื่อใต้ผิวหนัง,,,,,บัญชียาหลักแห่งชาติ พ.ศ. 2558,http://drug.fda.moph.go.th:81/nlem.in.th/medicine/essential/list,กลุ่มนโยบายแห่งชาติด้านยา สำนักยา กระทรวงสาธารณสุข
Clotrimazole,,cream,,ก,ยาจำเป็นพื้นฐาน,บัตรทอง/ประกันสังคมเบิกได้ทุกกรณี,🟢,Skin,Anti-infective skin preparations,XII,โรคผิวหนังและเนื้อเยื่อใต้ผิวหนัง,,,,,บัญชียาหลักแห่งชาติ พ.ศ. 2558,http://drug.fda.moph.go.th:81/nlem.in.th/medicine/essential/list,กลุ่มนโยบายแห่งชาติด้านยา สำนักยา กระทรวงสาธารณสุข
Ketoconazole,,cream,,ก,ยาจำเป็นพื้นฐาน,บัตรทอง/ประกันสังคมเบิกได้ทุกกรณี,🟢,Skin,Anti-infective skin preparations,XII,โรคผิวหนังและเนื้อเยื่อใต้ผิวหนัง,,,,,บัญชียาหลักแห่งชาติ พ.ศ. 2558,http://drug.fda.moph.go.th:81/nlem.in.th/medicine/essential/list,กลุ่มนโยบายแห่งชาติด้านยา สำนักยา กระทรวงสาธารณสุข
Benzyl benzoate,,emulsion/lotion (เฉพาะ 25%),,ก,ยาจำเป็นพื้นฐาน,บัตรทอง/ประกันสังคมเบิกได้ทุกกรณี,🟢,Skin,Anti-infective skin preparations,XII,โรคผิวหนังและเนื้อเยื่อใต้ผิวหนัง,,,,,บัญชียาหลักแห่งชาติ พ.ศ. 2558,http://drug.fda.moph.go.th:81/nlem.in.th/medicine/essential/list,กลุ่มนโยบายแห่งชาติด้านยา สำนักยา กระทรวงสาธารณสุข
Sulfur,Sulphur,oint,,ก,ยาจำเป็นพื้นฐาน,บัตรทอง/ประกันสังคมเบิกได้ทุกกรณี,🟢,Skin,Anti-infective skin preparations,XII,โรคผิวหนังและเนื้อเยื่อใต้ผิวหนัง,,,,,บัญชียาหลักแห่งชาติ พ.ศ. 2558,http://drug.fda.moph.go.th:81/nlem.in.th/medicine/essential/list,กลุ่มนโยบายแห่งชาติด้านยา สำนักยา กระทรวงสาธารณสุข
Permethrin,,cream (เฉพาะ 5%),ยากำพร้า,ก,ยาจำเป็นพื้นฐาน,บัตรทอง/ประกันสังคมเบิกได้ทุกกรณี,🟢,Skin,Anti-infective skin preparations,XII,โรคผิวหนังและเนื้อเยื่อใต้ผิวหนัง,,ใช้ในหิด และโลน,,เป็นยากำพร้าอยู่ระหว่างการแก้ไขปัญหาการขาดแคลนยา,บัญชียาหลักแห่งชาติ พ.ศ. 2558,http://drug.fda.moph.go.th:81/nlem.in.th/medicine/essential/list,กลุ่มนโยบายแห่งชาติด้านยา สำนักยา กระทรวงสาธารณสุข
Aluminium acetate,Aluminium subacetate,sol (hosp),,ก,ยาจำเป็นพื้นฐาน,บัตรทอง/ประกันสังคมเบิกได้ทุกกรณี,🟢,Skin,Emollient and barrier preparations,XII,โรคผิวหนังและเนื้อเยื่อใต้ผิวหนัง,,,,,บัญชียาหลักแห่งชาติ พ.ศ. 2558,http://drug.fda.moph.go.th:81/nlem.in.th/medicine/essential/list,กลุ่มนโยบายแห่งชาติด้านยา สำนักยา กระทรวงสาธารณสุข
Mineral oil,,oil (hosp),,ก,ยาจำเป็นพื้นฐาน,บัตรทอง/ประกันสังคมเบิกได้ทุกกรณี,🟢,Skin,Emollient and barrier preparations,XII,โรคผิวหนังและเนื้อเยื่อใต้ผิวหนัง,,,,,บัญชียาหลักแห่งชาติ พ.ศ. 2558,http://drug.fda.moph.go.th:81/nlem.in.th/medicine/essential/list,กลุ่มนโยบายแห่งชาติด้านยา สำนักยา กระทรวงสาธารณสุข
Olive oil,,oil,,ก,ยาจำเป็นพื้นฐาน,บัตรทอง/ประกันสังคมเบิกได้ทุกกรณี,🟢,Skin,Emollient and barrier preparations,XII,โรคผิวหนังและเนื้อเยื่อใต้ผิวหนัง,,,,,บัญชียาหลักแห่งชาติ พ.ศ. 2558,http://drug.fda.moph.go.th:81/nlem.in.th/medicine/essential/list,กลุ่มนโยบายแห่งชาติด้านยา สำนักยา กระทรวงสาธารณสุข
Urea,,"cream (hosp), oint (hosp)",,ก,ยาจำเป็นพื้นฐาน,บัตรทอง/ประกันสังคมเบิกได้ทุกกรณี,🟢,Skin,Emollient and barrier preparations,XII,โรคผิวหนังและเนื้อเยื่อใต้ผิวหนัง,,,,,บัญชียาหลักแห่งชาติ พ.ศ. 2558,http://drug.fda.moph.go.th:81/nlem.in.th/medicine/essential/list,กลุ่มนโยบายแห่งชาติด้านยา สำนักยา กระทรวงสาธารณสุข
White petrolatum,,oint (hosp),,ก,ยาจำเป็นพื้นฐาน,บัตรทอง/ประกันสังคมเบิกได้ทุกกรณี,🟢,Skin,Emollient and barrier preparations,XII,โรคผิวหนังและเนื้อเยื่อใต้ผิวหนัง,,,,,บัญชียาหลักแห่งชาติ พ.ศ. 2558,http://drug.fda.moph.go.th:81/nlem.in.th/medicine/essential/list,กลุ่มนโยบายแห่งชาติด้านยา สำนักยา กระทรวงสาธารณสุข
Zinc oxide,,"oint (hosp), paste (hosp)",,ก,ยาจำเป็นพื้นฐาน,บัตรทอง/ประกันสังคมเบิกได้ทุกกรณี,🟢,Skin,Emollient and barrier preparations,XII,โรคผิวหนังและเนื้อเยื่อใต้ผิวหนัง,,,,,บัญชียาหลักแห่งชาติ พ.ศ. 2558,http://drug.fda.moph.go.th:81/nlem.in.th/medicine/essential/list,กลุ่มนโยบายแห่งชาติด้านยา สำนักยา กระทรวงสาธารณสุข
Zinc sulfate,,lotion (hosp),,ก,ยาจำเป็นพื้นฐาน,บัตรทอง/ประกันสังคมเบิกได้ทุกกรณี,🟢,Skin,Emollient and barrier preparations,XII,โรคผิวหนังและเนื้อเยื่อใต้ผิวหนัง,,,,,บัญชียาหลักแห่งชาติ พ.ศ. 2558,http://drug.fda.moph.go.th:81/nlem.in.th/medicine/essential/list,กลุ่มนโยบายแห่งชาติด้านยา สำนักยา กระทรวงสาธารณสุข
Calamine,,"lotion, lotion (hosp)",,ก,ยาจำเป็นพื้นฐาน,บัตรทอง/ประกันสังคมเบิกได้ทุกกรณี,🟢,Skin,Topical antipruritics,XII,โรคผิวหนังและเนื้อเยื่อใต้ผิวหนัง,,,,หากในสูตรตำรับยามี phenol เป็นส่วนประกอบ ต้องมีความเข้มข้นของ phenol ไม่เกิน 0.5 - 1%,บัญชียาหลักแห่งชาติ พ.ศ. 2558,http://drug.fda.moph.go.th:81/nlem.in.th/medicine/essential/list,กลุ่มนโยบายแห่งชาติด้านยา สำนักยา กระทรวงสาธารณสุข
Menthol + Phenol + Camphor,,ทุก topical dosage form (hosp),,ก,ยาจำเป็นพื้นฐาน,บัตรทอง/ประกันสังคมเบิกได้ทุกกรณี,🟢,Skin,Topical antipruritics,XII,โรคผิวหนังและเนื้อเยื่อใต้ผิวหนัง,,,,,บัญชียาหลักแห่งชาติ พ.ศ. 2558,http://drug.fda.moph.go.th:81/nlem.in.th/medicine/essential/list,กลุ่มนโยบายแห่งชาติด้านยา สำนักยา กระทรวงสาธารณสุข
Hydrocortisone acetate,,cream,,ก,ยาจำเป็นพื้นฐาน,บัตรทอง/ประกันสังคมเบิกได้ทุกกรณี,🟢,Skin,Topical corticosteroids,XII,โรคผิวหนังและเนื้อเยื่อใต้ผิวหนัง,,,,,บัญชียาหลักแห่งชาติ พ.ศ. 2558,http://drug.fda.moph.go.th:81/nlem.in.th/medicine/essential/list,กลุ่มนโยบายแห่งชาติด้านยา สำนักยา กระทรวงสาธารณสุข
Prednisolone,,cream,,ก,ยาจำเป็นพื้นฐาน,บัตรทอง/ประกันสังคมเบิกได้ทุกกรณี,🟢,Skin,Topical corticosteroids,XII,โรคผิวหนังและเนื้อเยื่อใต้ผิวหนัง,,,,,บัญชียาหลักแห่งชาติ พ.ศ. 2558,http://drug.fda.moph.go.th:81/nlem.in.th/medicine/essential/list,กลุ่มนโยบายแห่งชาติด้านยา สำนักยา กระทรวงสาธารณสุข
Betamethasone dipropionate,,"cream, oint",,ก,ยาจำเป็นพื้นฐาน,บัตรทอง/ประกันสังคมเบิกได้ทุกกรณี,🟢,Skin,Topical corticosteroids,XII,โรคผิวหนังและเนื้อเยื่อใต้ผิวหนัง,,,,,บัญชียาหลักแห่งชาติ พ.ศ. 2558,http://drug.fda.moph.go.th:81/nlem.in.th/medicine/essential/list,กลุ่มนโยบายแห่งชาติด้านยา สำนักยา กระทรวงสาธารณสุข
Betamethasone valerate,,cream,,ก,ยาจำเป็นพื้นฐาน,บัตรทอง/ประกันสังคมเบิกได้ทุกกรณี,🟢,Skin,Topical corticosteroids,XII,โรคผิวหนังและเนื้อเยื่อใต้ผิวหนัง,,,,,บัญชียาหลักแห่งชาติ พ.ศ. 2558,http://drug.fda.moph.go.th:81/nlem.in.th/medicine/essential/list,กลุ่มนโยบายแห่งชาติด้านยา สำนักยา กระทรวงสาธารณสุข
Triamcinolone acetonide,,"cream, lotion",,ก,ยาจำเป็นพื้นฐาน,บัตรทอง/ประกันสังคมเบิกได้ทุกกรณี,🟢,Skin,Topical corticosteroids,XII,โรคผิวหนังและเนื้อเยื่อใต้ผิวหนัง,,,,,บัญชียาหลักแห่งชาติ พ.ศ. 2558,http://drug.fda.moph.go.th:81/nlem.in.th/medicine/essential/list,กลุ่มนโยบายแห่งชาติด้านยา สำนักยา กระทรวงสาธารณสุข
Clobetasol propionate,,cream,,ก,ยาจำเป็นพื้นฐาน,บัตรทอง/ประกันสังคมเบิกได้ทุกกรณี,🟢,Skin,Topical corticosteroids,XII,โรคผิวหนังและเนื้อเยื่อใต้ผิวหนัง,,,,,บัญชียาหลักแห่งชาติ พ.ศ. 2558,http://drug.fda.moph.go.th:81/nlem.in.th/medicine/essential/list,กลุ่มนโยบายแห่งชาติด้านยา สำนักยา กระทรวงสาธารณสุข
Betamethasone valerate,,"lotion, sol",,ข,ยาที่ใช้ได้ตามเงื่อนไข,เบิกได้บางกรณี ตามเงื่อนไขที่กำหนด,🟡,Skin,Topical corticosteroids,XII,โรคผิวหนังและเนื้อเยื่อใต้ผิวหนัง,,,,,บัญชียาหลักแห่งชาติ พ.ศ. 2558,http://drug.fda.moph.go.th:81/nlem.in.th/medicine/essential/list,กลุ่มนโยบายแห่งชาติด้านยา สำนักยา กระทรวงสาธารณสุข
Desoximetasone,Desoxymethasone,cream,,ข,ยาที่ใช้ได้ตามเงื่อนไข,เบิกได้บางกรณี ตามเงื่อนไขที่กำหนด,🟡,Skin,Topical corticosteroids,XII,โรคผิวหนังและเนื้อเยื่อใต้ผิวหนัง,,,,,บัญชียาหลักแห่งชาติ พ.ศ. 2558,http://drug.fda.moph.go.th:81/nlem.in.th/medicine/essential/list,กลุ่มนโยบายแห่งชาติด้านยา สำนักยา กระทรวงสาธารณสุข
Betamethasone dipropionate + Salicylic acid,,oint (เฉพาะ 0.05% + 3%),,ค,ยาโรงพยาบาล,ต้องอยู่ในบัญชียาของ รพ.นั้น,🔵,Skin,Topical corticosteroids,XII,โรคผิวหนังและเนื้อเยื่อใต้ผิวหนัง,,1. ใช้สำหรับ chronic eczema  2. ใช้สำหรับโรคสะเก็ดเงิน (psoriasis),,,บัญชียาหลักแห่งชาติ พ.ศ. 2558,http://drug.fda.moph.go.th:81/nlem.in.th/medicine/essential/list,กลุ่มนโยบายแห่งชาติด้านยา สำนักยา กระทรวงสาธารณสุข
Clobetasol propionate,,oint,,ค,ยาโรงพยาบาล,ต้องอยู่ในบัญชียาของ รพ.นั้น,🔵,Skin,Topical corticosteroids,XII,โรคผิวหนังและเนื้อเยื่อใต้ผิวหนัง,,ใช้สำหรับโรคผิวหนังเรื้อรังที่ไม่ตอบสนองต่อยาอื่น เช่น โรคสะเก็ดเงินที่เล็บซึ่งเป็นบริเวณที่หนาและต้องใช้ยาที่เพิ่มการดูดซึมเพื่อให้เกิดประสิทธิผลในการรักษา,,,บัญชียาหลักแห่งชาติ พ.ศ. 2558,http://drug.fda.moph.go.th:81/nlem.in.th/medicine/essential/list,กลุ่มนโยบายแห่งชาติด้านยา สำนักยา กระทรวงสาธารณสุข
Clobetasol propionate,,lotion,,ง,ยาโรคเฉพาะทาง,ใช้กับโรคเฉพาะ ตามแนวทางการรักษา,🟣,Skin,Topical corticosteroids,XII,โรคผิวหนังและเนื้อเยื่อใต้ผิวหนัง,,ใช้สำหรับโรคผิวหนังเรื้อรังที่ไม่ตอบสนองต่อยาอื่น,,,บัญชียาหลักแห่งชาติ พ.ศ. 2558,http://drug.fda.moph.go.th:81/nlem.in.th/medicine/essential/list,กลุ่มนโยบายแห่งชาติด้านยา สำนักยา กระทรวงสาธารณสุข
Mometasone furoate,,cream,,ง,ยาโรคเฉพาะทาง,ใช้กับโรคเฉพาะ ตามแนวทางการรักษา,🟣,Skin,Topical corticosteroids,XII,โรคผิวหนังและเนื้อเยื่อใต้ผิวหนัง,,ใช้กรณีต้องใช้ยาเป็นเวลานาน,,,บัญชียาหลักแห่งชาติ พ.ศ. 2558,http://drug.fda.moph.go.th:81/nlem.in.th/medicine/essential/list,กลุ่มนโยบายแห่งชาติด้านยา สำนักยา กระทรวงสาธารณสุข
Coal tar,,ทุก topical dosage form (hosp),,ก,ยาจำเป็นพื้นฐาน,บัตรทอง/ประกันสังคมเบิกได้ทุกกรณี,🟢,Skin,Other preparations for psoriasis (excluding topical corticosteroids),XII,โรคผิวหนังและเนื้อเยื่อใต้ผิวหนัง,,,,,บัญชียาหลักแห่งชาติ พ.ศ. 2558,http://drug.fda.moph.go.th:81/nlem.in.th/medicine/essential/list,กลุ่มนโยบายแห่งชาติด้านยา สำนักยา กระทรวงสาธารณสุข
Salicylic acid,,"lotion (hosp) , oint (hosp) , paste (hosp)",,ก,ยาจำเป็นพื้นฐาน,บัตรทอง/ประกันสังคมเบิกได้ทุกกรณี,🟢,Skin,Other preparations for psoriasis (excluding topical corticosteroids),XII,โรคผิวหนังและเนื้อเยื่อใต้ผิวหนัง,,,,,บัญชียาหลักแห่งชาติ พ.ศ. 2558,http://drug.fda.moph.go.th:81/nlem.in.th/medicine/essential/list,กลุ่มนโยบายแห่งชาติด้านยา สำนักยา กระทรวงสาธารณสุข
Dithranol,Anthralin,paste (hosp),,ก,ยาจำเป็นพื้นฐาน,บัตรทอง/ประกันสังคมเบิกได้ทุกกรณี,🟢,Skin,Other preparations for psoriasis (excluding topical corticosteroids),XII,โรคผิวหนังและเนื้อเยื่อใต้ผิวหนัง,,,,,บัญชียาหลักแห่งชาติ พ.ศ. 2558,http://drug.fda.moph.go.th:81/nlem.in.th/medicine/essential/list,กลุ่มนโยบายแห่งชาติด้านยา สำนักยา กระทรวงสาธารณสุข
Methotrexate,,tab (as base or sodium),,ข,ยาที่ใช้ได้ตามเงื่อนไข,เบิกได้บางกรณี ตามเงื่อนไขที่กำหนด,🟡,Skin,Other preparations for psoriasis (excluding topical corticosteroids),XII,โรคผิวหนังและเนื้อเยื่อใต้ผิวหนัง,,ใช้สำหรับสะเก็ดเงินชนิดปานกลางถึงรุนแรงที่ดื้อต่อยาอื่น,,,บัญชียาหลักแห่งชาติ พ.ศ. 2558,http://drug.fda.moph.go.th:81/nlem.in.th/medicine/essential/list,กลุ่มนโยบายแห่งชาติด้านยา สำนักยา กระทรวงสาธารณสุข
Methoxsalen,,"tab, topical sol (paint)",,ค,ยาโรงพยาบาล,ต้องอยู่ในบัญชียาของ รพ.นั้น,🔵,Skin,Other preparations for psoriasis (excluding topical corticosteroids),XII,โรคผิวหนังและเนื้อเยื่อใต้ผิวหนัง,,,,,บัญชียาหลักแห่งชาติ พ.ศ. 2558,http://drug.fda.moph.go.th:81/nlem.in.th/medicine/essential/list,กลุ่มนโยบายแห่งชาติด้านยา สำนักยา กระทรวงสาธารณสุข
Calcipotriol,,oint,,ง,ยาโรคเฉพาะทาง,ใช้กับโรคเฉพาะ ตามแนวทางการรักษา,🟣,Skin,Other preparations for psoriasis (excluding topical corticosteroids),XII,โรคผิวหนังและเนื้อเยื่อใต้ผิวหนัง,,ใช้ในกรณีที่ไม่ตอบสนองหรือเกิดผลข้างเคียงต่อ coal tar หรือ topical steroid,,,บัญชียาหลักแห่งชาติ พ.ศ. 2558,http://drug.fda.moph.go.th:81/nlem.in.th/medicine/essential/list,กลุ่มนโยบายแห่งชาติด้านยา สำนักยา กระทรวงสาธารณสุข
Acitretin,,cap,,ง,ยาโรคเฉพาะทาง,ใช้กับโรคเฉพาะ ตามแนวทางการรักษา,🟣,Skin,Other preparations for psoriasis (excluding topical corticosteroids),XII,โรคผิวหนังและเนื้อเยื่อใต้ผิวหนัง,,"1. ใช้สำหรับสะเก็ดเงินชนิดปานกลางถึงรุนแรง ที่ไม่ตอบสนองต่อยาอื่นหรือมีข้อห้ามในการใช้ methotrexate
2. ใช้โดยแพทย์ผู้เชี่ยวชาญด้านตจวิทยา สำหรับรักษาโรคผิวหนังเรื้อรังอื่นๆ ที่ไม่ตอบสนองต่อการรักษาทั่วไป",ห้ามใช้ในหญิงตั้งครรภ์ และหลังจากหยุดยานี้แล้วให้คุมกำเนิดเป็นระยะเวลาอย่างน้อย 3 ปี,,บัญชียาหลักแห่งชาติ พ.ศ. 2558,http://drug.fda.moph.go.th:81/nlem.in.th/medicine/essential/list,กลุ่มนโยบายแห่งชาติด้านยา สำนักยา กระทรวงสาธารณสุข
Ciclosporin,Cyclosporin,"cap, oral sol",,ง,ยาโรคเฉพาะทาง,ใช้กับโรคเฉพาะ ตามแนวทางการรักษา,🟣,Skin,Other preparations for psoriasis (excluding topical corticosteroids),XII,โรคผิวหนังและเนื้อเยื่อใต้ผิวหนัง,,"1. ใช้สำหรับสะเก็ดเงินชนิดปานกลางถึงรุนแรง ที่ไม่ตอบสนองต่อยาอื่นหรือมีข้อห้ามในการใช้ methotrexate
2. ใช้สำหรับ atopic dermatitis ชนิดรุนแรง
3. ใช้โดยแพทย์ผู้เชี่ยวชาญด้านตจวิทยา สำหรับรักษาโรคผิวหนังเรื้อรังอื่นๆ ที่ไม่ตอบสนองต่อการรักษาทั่วไป",,,บัญชียาหลักแห่งชาติ พ.ศ. 2558,http://drug.fda.moph.go.th:81/nlem.in.th/medicine/essential/list,กลุ่มนโยบายแห่งชาติด้านยา สำนักยา กระทรวงสาธารณสุข
Podophyllin,Podophyllum resin,"paint, paint (hosp)",,ก,ยาจำเป็นพื้นฐาน,บัตรทอง/ประกันสังคมเบิกได้ทุกกรณี,🟢,Skin,Preparations for warts and calluses,XII,โรคผิวหนังและเนื้อเยื่อใต้ผิวหนัง,,,,,บัญชียาหลักแห่งชาติ พ.ศ. 2558,http://drug.fda.moph.go.th:81/nlem.in.th/medicine/essential/list,กลุ่มนโยบายแห่งชาติด้านยา สำนักยา กระทรวงสาธารณสุข
Salicylic acid,,"oint (hosp), paste (hosp)",,ก,ยาจำเป็นพื้นฐาน,บัตรทอง/ประกันสังคมเบิกได้ทุกกรณี,🟢,Skin,Preparations for warts and calluses,XII,โรคผิวหนังและเนื้อเยื่อใต้ผิวหนัง,,,,,บัญชียาหลักแห่งชาติ พ.ศ. 2558,http://drug.fda.moph.go.th:81/nlem.in.th/medicine/essential/list,กลุ่มนโยบายแห่งชาติด้านยา สำนักยา กระทรวงสาธารณสุข
Silver nitrate,,"sol (hosp),crystal (hosp),stick (hosp)",,ก,ยาจำเป็นพื้นฐาน,บัตรทอง/ประกันสังคมเบิกได้ทุกกรณี,🟢,Skin,Preparations for warts and calluses,XII,โรคผิวหนังและเนื้อเยื่อใต้ผิวหนัง,,,,,บัญชียาหลักแห่งชาติ พ.ศ. 2558,http://drug.fda.moph.go.th:81/nlem.in.th/medicine/essential/list,กลุ่มนโยบายแห่งชาติด้านยา สำนักยา กระทรวงสาธารณสุข
Trichloroacetic acid,,sol (hosp),,ก,ยาจำเป็นพื้นฐาน,บัตรทอง/ประกันสังคมเบิกได้ทุกกรณี,🟢,Skin,Preparations for warts and calluses,XII,โรคผิวหนังและเนื้อเยื่อใต้ผิวหนัง,,,,,บัญชียาหลักแห่งชาติ พ.ศ. 2558,http://drug.fda.moph.go.th:81/nlem.in.th/medicine/essential/list,กลุ่มนโยบายแห่งชาติด้านยา สำนักยา กระทรวงสาธารณสุข
Salicylic acid + Lactic acid,,colloidal sol,,ข,ยาที่ใช้ได้ตามเงื่อนไข,เบิกได้บางกรณี ตามเงื่อนไขที่กำหนด,🟡,Skin,Preparations for warts and calluses,XII,โรคผิวหนังและเนื้อเยื่อใต้ผิวหนัง,,,,,บัญชียาหลักแห่งชาติ พ.ศ. 2558,http://drug.fda.moph.go.th:81/nlem.in.th/medicine/essential/list,กลุ่มนโยบายแห่งชาติด้านยา สำนักยา กระทรวงสาธารณสุข
"Anti-D immunoglobulin, human",,inj,ยากำพร้า,ก,ยาจำเป็นพื้นฐาน,บัตรทอง/ประกันสังคมเบิกได้ทุกกรณี,🟢,Immunological products and vaccines,,XXI,ปัจจัยที่ส่งผลต่อสุขภาพและการรับบริการ,,,,,บัญชียาหลักแห่งชาติ พ.ศ. 2558,http://drug.fda.moph.go.th:81/nlem.in.th/medicine/essential/list,กลุ่มนโยบายแห่งชาติด้านยา สำนักยา กระทรวงสาธารณสุข
BCG vaccine,Bacillus Calmette-Guérin,inj,,ก,ยาจำเป็นพื้นฐาน,บัตรทอง/ประกันสังคมเบิกได้ทุกกรณี,🟢,Immunological products and vaccines,,XXI,ปัจจัยที่ส่งผลต่อสุขภาพและการรับบริการ,,,,,บัญชียาหลักแห่งชาติ พ.ศ. 2558,http://drug.fda.moph.go.th:81/nlem.in.th/medicine/essential/list,กลุ่มนโยบายแห่งชาติด้านยา สำนักยา กระทรวงสาธารณสุข
Diphtheria antitoxin,DAT,inj,ยากำพร้า,ก,ยาจำเป็นพื้นฐาน,บัตรทอง/ประกันสังคมเบิกได้ทุกกรณี,🟢,Immunological products and vaccines,,XXI,ปัจจัยที่ส่งผลต่อสุขภาพและการรับบริการ,,,,,บัญชียาหลักแห่งชาติ พ.ศ. 2558,http://drug.fda.moph.go.th:81/nlem.in.th/medicine/essential/list,กลุ่มนโยบายแห่งชาติด้านยา สำนักยา กระทรวงสาธารณสุข
Diphtheria-Tetanus vaccine ทั้งชนิด DT(children type)และ dT (adult type),,inj,,ก,ยาจำเป็นพื้นฐาน,บัตรทอง/ประกันสังคมเบิกได้ทุกกรณี,🟢,Immunological products and vaccines,,XXI,ปัจจัยที่ส่งผลต่อสุขภาพและการรับบริการ,,,,,บัญชียาหลักแห่งชาติ พ.ศ. 2558,http://drug.fda.moph.go.th:81/nlem.in.th/medicine/essential/list,กลุ่มนโยบายแห่งชาติด้านยา สำนักยา กระทรวงสาธารณสุข
Diphtheria-Tetanus-Pertussis vaccine (whole cell),DTPw,inj,,ก,ยาจำเป็นพื้นฐาน,บัตรทอง/ประกันสังคมเบิกได้ทุกกรณี,🟢,Immunological products and vaccines,,XXI,ปัจจัยที่ส่งผลต่อสุขภาพและการรับบริการ,,,,,บัญชียาหลักแห่งชาติ พ.ศ. 2558,http://drug.fda.moph.go.th:81/nlem.in.th/medicine/essential/list,กลุ่มนโยบายแห่งชาติด้านยา สำนักยา กระทรวงสาธารณสุข
Diphtheria-Tetanus-Pertussis-Hepatitis B vaccine,DTP-HB,inj,,ก,ยาจำเป็นพื้นฐาน,บัตรทอง/ประกันสังคมเบิกได้ทุกกรณี,🟢,Immunological products and vaccines,,XXI,ปัจจัยที่ส่งผลต่อสุขภาพและการรับบริการ,,,,,บัญชียาหลักแห่งชาติ พ.ศ. 2558,http://drug.fda.moph.go.th:81/nlem.in.th/medicine/essential/list,กลุ่มนโยบายแห่งชาติด้านยา สำนักยา กระทรวงสาธารณสุข
Hepatitis B vaccine,HB,inj,,ก,ยาจำเป็นพื้นฐาน,บัตรทอง/ประกันสังคมเบิกได้ทุกกรณี,🟢,Immunological products and vaccines,,XXI,ปัจจัยที่ส่งผลต่อสุขภาพและการรับบริการ,,,,,บัญชียาหลักแห่งชาติ พ.ศ. 2558,http://drug.fda.moph.go.th:81/nlem.in.th/medicine/essential/list,กลุ่มนโยบายแห่งชาติด้านยา สำนักยา กระทรวงสาธารณสุข
Influenza vaccine ชนิดวัคซีนรวม 3 สายพันธุ์ (trivalent) ตามที่องค์การอนามัยโลกกำหนดในแต่ละปี,,,,ก,ยาจำเป็นพื้นฐาน,บัตรทอง/ประกันสังคมเบิกได้ทุกกรณี,🟢,Immunological products and vaccines,,XXI,ปัจจัยที่ส่งผลต่อสุขภาพและการรับบริการ,,"1. ผู้สูงอายุที่มีอายุมากกว่า 65 ปี ทุกราย
2. ผู้ป่วยที่มีโรคเรื้อรังร่วมด้วย 7 โรค ได้แก่ โรคหอบหืด โรคปอดอุดกั้นเรื้อรัง โรคไตวาย โรคหัวใจ โรคเบาหวาน โรคหลอดเลือดสมอง และผู้ป่วยมะเร็งที่ได้รับการรักษาด้วยวิธีเคมีบำบัด
3. สำหรับบุคลากรด้านสาธารณสุขที่มีความเสี่ยง",,,บัญชียาหลักแห่งชาติ พ.ศ. 2558,http://drug.fda.moph.go.th:81/nlem.in.th/medicine/essential/list,กลุ่มนโยบายแห่งชาติด้านยา สำนักยา กระทรวงสาธารณสุข
Influenza vaccine ชนิด pandemic Influenza สายพันธุ์ตามที่องค์การอนามัยโลกกำหนดในแต่ละปี,,,,ก,ยาจำเป็นพื้นฐาน,บัตรทอง/ประกันสังคมเบิกได้ทุกกรณี,🟢,Immunological products and vaccines,,XXI,ปัจจัยที่ส่งผลต่อสุขภาพและการรับบริการ,,,,,บัญชียาหลักแห่งชาติ พ.ศ. 2558,http://drug.fda.moph.go.th:81/nlem.in.th/medicine/essential/list,กลุ่มนโยบายแห่งชาติด้านยา สำนักยา กระทรวงสาธารณสุข
Measles-Mumps-Rubella vaccine,MMR,inj,,ก,ยาจำเป็นพื้นฐาน,บัตรทอง/ประกันสังคมเบิกได้ทุกกรณี,🟢,Immunological products and vaccines,,XXI,ปัจจัยที่ส่งผลต่อสุขภาพและการรับบริการ,,,,,บัญชียาหลักแห่งชาติ พ.ศ. 2558,http://drug.fda.moph.go.th:81/nlem.in.th/medicine/essential/list,กลุ่มนโยบายแห่งชาติด้านยา สำนักยา กระทรวงสาธารณสุข
Measles  vaccine,,inj,,ก,ยาจำเป็นพื้นฐาน,บัตรทอง/ประกันสังคมเบิกได้ทุกกรณี,🟢,Immunological products and vaccines,,XXI,ปัจจัยที่ส่งผลต่อสุขภาพและการรับบริการ,,,,,บัญชียาหลักแห่งชาติ พ.ศ. 2558,http://drug.fda.moph.go.th:81/nlem.in.th/medicine/essential/list,กลุ่มนโยบายแห่งชาติด้านยา สำนักยา กระทรวงสาธารณสุข
"Poliomyelitis vaccine, live attenuated",OPV,"oral sol, oral susp",,ก,ยาจำเป็นพื้นฐาน,บัตรทอง/ประกันสังคมเบิกได้ทุกกรณี,🟢,Immunological products and vaccines,,XXI,ปัจจัยที่ส่งผลต่อสุขภาพและการรับบริการ,,,,,บัญชียาหลักแห่งชาติ พ.ศ. 2558,http://drug.fda.moph.go.th:81/nlem.in.th/medicine/essential/list,กลุ่มนโยบายแห่งชาติด้านยา สำนักยา กระทรวงสาธารณสุข
"Rabies immunoglobulin, horse",ERIG,inj,,ก,ยาจำเป็นพื้นฐาน,บัตรทอง/ประกันสังคมเบิกได้ทุกกรณี,🟢,Immunological products and vaccines,,XXI,ปัจจัยที่ส่งผลต่อสุขภาพและการรับบริการ,,,,,บัญชียาหลักแห่งชาติ พ.ศ. 2558,http://drug.fda.moph.go.th:81/nlem.in.th/medicine/essential/list,กลุ่มนโยบายแห่งชาติด้านยา สำนักยา กระทรวงสาธารณสุข
Rabies vaccines ยกเว้นชนิด human diploid cell vaccine,HDCV,inj,,ก,ยาจำเป็นพื้นฐาน,บัตรทอง/ประกันสังคมเบิกได้ทุกกรณี,🟢,Immunological products and vaccines,,XXI,ปัจจัยที่ส่งผลต่อสุขภาพและการรับบริการ,,"1. ใช้สำหรับ post-exposure protection
2. ใช้สำหรับ pre-exposure protection ในประชากรกลุ่มที่มีความเสี่ยงสูง",,,บัญชียาหลักแห่งชาติ พ.ศ. 2558,http://drug.fda.moph.go.th:81/nlem.in.th/medicine/essential/list,กลุ่มนโยบายแห่งชาติด้านยา สำนักยา กระทรวงสาธารณสุข
Rubella vaccine,,inj,,ก,ยาจำเป็นพื้นฐาน,บัตรทอง/ประกันสังคมเบิกได้ทุกกรณี,🟢,Immunological products and vaccines,,XXI,ปัจจัยที่ส่งผลต่อสุขภาพและการรับบริการ,,,,,บัญชียาหลักแห่งชาติ พ.ศ. 2558,http://drug.fda.moph.go.th:81/nlem.in.th/medicine/essential/list,กลุ่มนโยบายแห่งชาติด้านยา สำนักยา กระทรวงสาธารณสุข
"Tetanus antitoxin, horse",,inj,,ก,ยาจำเป็นพื้นฐาน,บัตรทอง/ประกันสังคมเบิกได้ทุกกรณี,🟢,Immunological products and vaccines,,XXI,ปัจจัยที่ส่งผลต่อสุขภาพและการรับบริการ,,,,,บัญชียาหลักแห่งชาติ พ.ศ. 2558,http://drug.fda.moph.go.th:81/nlem.in.th/medicine/essential/list,กลุ่มนโยบายแห่งชาติด้านยา สำนักยา กระทรวงสาธารณสุข
Tetanus vaccine,Tetanus toxoid,inj,,ก,ยาจำเป็นพื้นฐาน,บัตรทอง/ประกันสังคมเบิกได้ทุกกรณี,🟢,Immunological products and vaccines,,XXI,ปัจจัยที่ส่งผลต่อสุขภาพและการรับบริการ,,,,,บัญชียาหลักแห่งชาติ พ.ศ. 2558,http://drug.fda.moph.go.th:81/nlem.in.th/medicine/essential/list,กลุ่มนโยบายแห่งชาติด้านยา สำนักยา กระทรวงสาธารณสุข
"Japanese encephalitis vaccine, inactivated",(inactivated JE vaccine),inj,,ก,ยาจำเป็นพื้นฐาน,บัตรทอง/ประกันสังคมเบิกได้ทุกกรณี,🟢,Immunological products and vaccines,,XXI,ปัจจัยที่ส่งผลต่อสุขภาพและการรับบริการ,,,,,บัญชียาหลักแห่งชาติ พ.ศ. 2558,http://drug.fda.moph.go.th:81/nlem.in.th/medicine/essential/list,กลุ่มนโยบายแห่งชาติด้านยา สำนักยา กระทรวงสาธารณสุข
"Japanese encephalitis vaccine, live attenuated",Live Attenuated JE vaccine,inj,,ข,ยาที่ใช้ได้ตามเงื่อนไข,เบิกได้บางกรณี ตามเงื่อนไขที่กำหนด,🟡,Immunological products and vaccines,,XXI,ปัจจัยที่ส่งผลต่อสุขภาพและการรับบริการ,,ใช้ในกรณีที่ inactivated Japanese encephalitis vaccine ขาดแคลน และเป็นไปตามข้อกำหนดของสำนักงานคณะกรรมการอาหารและยา และคณะกรรมการวัคซีนแห่งชาติ,,,บัญชียาหลักแห่งชาติ พ.ศ. 2558,http://drug.fda.moph.go.th:81/nlem.in.th/medicine/essential/list,กลุ่มนโยบายแห่งชาติด้านยา สำนักยา กระทรวงสาธารณสุข
"Rabies immunoglobulin, human",HRIG,inj,,ข,ยาที่ใช้ได้ตามเงื่อนไข,เบิกได้บางกรณี ตามเงื่อนไขที่กำหนด,🟡,Immunological products and vaccines,,XXI,ปัจจัยที่ส่งผลต่อสุขภาพและการรับบริการ,,"ใช้สำหรับผู้ที่แพ้ rabies immunoglobulin, horse (ERIG)",,,บัญชียาหลักแห่งชาติ พ.ศ. 2558,http://drug.fda.moph.go.th:81/nlem.in.th/medicine/essential/list,กลุ่มนโยบายแห่งชาติด้านยา สำนักยา กระทรวงสาธารณสุข
"Tetanus antitoxin, human","Anti-tetanus immunoglobulin, human",inj,,ข,ยาที่ใช้ได้ตามเงื่อนไข,เบิกได้บางกรณี ตามเงื่อนไขที่กำหนด,🟡,Immunological products and vaccines,,XXI,ปัจจัยที่ส่งผลต่อสุขภาพและการรับบริการ,,"ใช้สำหรับผู้ที่แพ้ tetanus antitoxin, horse",,,บัญชียาหลักแห่งชาติ พ.ศ. 2558,http://drug.fda.moph.go.th:81/nlem.in.th/medicine/essential/list,กลุ่มนโยบายแห่งชาติด้านยา สำนักยา กระทรวงสาธารณสุข
"Hepatitis B immunoglobulin, human",HBIG,inj,,ค,ยาโรงพยาบาล,ต้องอยู่ในบัญชียาของ รพ.นั้น,🔵,Immunological products and vaccines,,XXI,ปัจจัยที่ส่งผลต่อสุขภาพและการรับบริการ,,"ใช้ร่วมกับการฉีด hepatitis B vaccine เฉพาะในกรณีดังต่อไปนี้
1. ทารกแรกเกิดที่มารดามี HBsAg เป็นบวก
2. เมื่อผิวหนังหรือเยื่อเมือกสัมผัสกับเลือดหรือสารคัดหลั่งที่มีผล HBsAg เป็นบวก เช่น บุคลากรทางการแพทย์ที่เกิดอุบัติเหตุสัมผัสโรคจากการทำงานตามแนวปฏิบัติของสถานพยาบาลนั้นๆ หรือผู้ที่ถูกข่มขืน
3. ป้องกันผู้ป่วยจากการกลับเป็นโรคตับอักเสบบีซ้ำหลังจากได้รับการเปลี่ยนตับแล้ว",,ในทารกแรกเกิดซึ่งมารดามีอายุครรภ์ปกติ การให้วัคซีนภายใน 24 ชั่วโมง สามารถป้องกันการติดเชื้อได้มากอยู่แล้ว การให้ HBIG ไม่ทำให้การป้องกันสูงขึ้น,บัญชียาหลักแห่งชาติ พ.ศ. 2558,http://drug.fda.moph.go.th:81/nlem.in.th/medicine/essential/list,กลุ่มนโยบายแห่งชาติด้านยา สำนักยา กระทรวงสาธารณสุข
Etomidate,,sterile emulsion,,ค,ยาโรงพยาบาล,ต้องอยู่ในบัญชียาของ รพ.นั้น,🔵,Anesthesia,General anesthesia,XX,สาเหตุภายนอกของการป่วยและการตาย,,ใช้สำหรับนำสลบ (Induction of general anesthesia) ในผู้สูงอายุหรือผู้ป่วยที่มีปัญหาด้านหัวใจและหลอดเลือด,,,บัญชียาหลักแห่งชาติ พ.ศ. 2558,http://drug.fda.moph.go.th:81/nlem.in.th/medicine/essential/list,กลุ่มนโยบายแห่งชาติด้านยา สำนักยา กระทรวงสาธารณสุข
Propofol,,sterile emulsion,,ค,ยาโรงพยาบาล,ต้องอยู่ในบัญชียาของ รพ.นั้น,🔵,Anesthesia,General anesthesia,XX,สาเหตุภายนอกของการป่วยและการตาย,,,,,บัญชียาหลักแห่งชาติ พ.ศ. 2558,http://drug.fda.moph.go.th:81/nlem.in.th/medicine/essential/list,กลุ่มนโยบายแห่งชาติด้านยา สำนักยา กระทรวงสาธารณสุข
Thiopental sodium,Thiopentone sodium,sterile pwdr,,ค,ยาโรงพยาบาล,ต้องอยู่ในบัญชียาของ รพ.นั้น,🔵,Anesthesia,General anesthesia,XX,สาเหตุภายนอกของการป่วยและการตาย,,,,,บัญชียาหลักแห่งชาติ พ.ศ. 2558,http://drug.fda.moph.go.th:81/nlem.in.th/medicine/essential/list,กลุ่มนโยบายแห่งชาติด้านยา สำนักยา กระทรวงสาธารณสุข
Ketamine hydrochloride,,sterile sol,วัตถุออกฤทธิ์ต่อจิตและประสาทประเภท 2,ง,ยาโรคเฉพาะทาง,ใช้กับโรคเฉพาะ ตามแนวทางการรักษา,🟣,Anesthesia,General anesthesia,XX,สาเหตุภายนอกของการป่วยและการตาย,,"1. ใช้ฉีดเข้ากล้ามเนื้อกับผู้ป่วยที่หาเส้นเลือดสำหรับให้น้ำเกลือไม่ได้ และใช้ในกรณีที่ผู้ป่วยมีความดันเลือดต่ำ
2. ใช้ในการระงับความรู้สึกสำหรับการทำหัตถการที่ใช้ระยะเวลาสั้นๆ
3. ใช้เป็นยาเสริม (adjunct therapy) เพื่อระงับอาการปวดรุนแรง (intractable pain)",,,บัญชียาหลักแห่งชาติ พ.ศ. 2558,http://drug.fda.moph.go.th:81/nlem.in.th/medicine/essential/list,กลุ่มนโยบายแห่งชาติด้านยา สำนักยา กระทรวงสาธารณสุข
Halothane,,volatile liquid,,ค,ยาโรงพยาบาล,ต้องอยู่ในบัญชียาของ รพ.นั้น,🔵,Anesthesia,General anesthesia,XX,สาเหตุภายนอกของการป่วยและการตาย,,,,,บัญชียาหลักแห่งชาติ พ.ศ. 2558,http://drug.fda.moph.go.th:81/nlem.in.th/medicine/essential/list,กลุ่มนโยบายแห่งชาติด้านยา สำนักยา กระทรวงสาธารณสุข
Isoflurane,,volatile liquid,,ค,ยาโรงพยาบาล,ต้องอยู่ในบัญชียาของ รพ.นั้น,🔵,Anesthesia,General anesthesia,XX,สาเหตุภายนอกของการป่วยและการตาย,,,,,บัญชียาหลักแห่งชาติ พ.ศ. 2558,http://drug.fda.moph.go.th:81/nlem.in.th/medicine/essential/list,กลุ่มนโยบายแห่งชาติด้านยา สำนักยา กระทรวงสาธารณสุข
Sevoflurane,,volatile liquid,,ค,ยาโรงพยาบาล,ต้องอยู่ในบัญชียาของ รพ.นั้น,🔵,Anesthesia,General anesthesia,XX,สาเหตุภายนอกของการป่วยและการตาย,,,,,บัญชียาหลักแห่งชาติ พ.ศ. 2558,http://drug.fda.moph.go.th:81/nlem.in.th/medicine/essential/list,กลุ่มนโยบายแห่งชาติด้านยา สำนักยา กระทรวงสาธารณสุข
Atracurium besilate,,sterile sol,,ค,ยาโรงพยาบาล,ต้องอยู่ในบัญชียาของ รพ.นั้น,🔵,Anesthesia,General anesthesia,XX,สาเหตุภายนอกของการป่วยและการตาย,,,,,บัญชียาหลักแห่งชาติ พ.ศ. 2558,http://drug.fda.moph.go.th:81/nlem.in.th/medicine/essential/list,กลุ่มนโยบายแห่งชาติด้านยา สำนักยา กระทรวงสาธารณสุข
Cisatracurium besilate,,sterile sol,,ค,ยาโรงพยาบาล,ต้องอยู่ในบัญชียาของ รพ.นั้น,🔵,Anesthesia,General anesthesia,XX,สาเหตุภายนอกของการป่วยและการตาย,,,,,บัญชียาหลักแห่งชาติ พ.ศ. 2558,http://drug.fda.moph.go.th:81/nlem.in.th/medicine/essential/list,กลุ่มนโยบายแห่งชาติด้านยา สำนักยา กระทรวงสาธารณสุข
Pancuronium bromide,,sterile sol,,ค,ยาโรงพยาบาล,ต้องอยู่ในบัญชียาของ รพ.นั้น,🔵,Anesthesia,General anesthesia,XX,สาเหตุภายนอกของการป่วยและการตาย,,,,,บัญชียาหลักแห่งชาติ พ.ศ. 2558,http://drug.fda.moph.go.th:81/nlem.in.th/medicine/essential/list,กลุ่มนโยบายแห่งชาติด้านยา สำนักยา กระทรวงสาธารณสุข
Rocuronium bromide,,sterile sol,,ค,ยาโรงพยาบาล,ต้องอยู่ในบัญชียาของ รพ.นั้น,🔵,Anesthesia,General anesthesia,XX,สาเหตุภายนอกของการป่วยและการตาย,,,,,บัญชียาหลักแห่งชาติ พ.ศ. 2558,http://drug.fda.moph.go.th:81/nlem.in.th/medicine/essential/list,กลุ่มนโยบายแห่งชาติด้านยา สำนักยา กระทรวงสาธารณสุข
Suxamethonium chloride,Succinylcholine chloride,"sterile pwdr, sterile sol",,ค,ยาโรงพยาบาล,ต้องอยู่ในบัญชียาของ รพ.นั้น,🔵,Anesthesia,General anesthesia,XX,สาเหตุภายนอกของการป่วยและการตาย,,,,,บัญชียาหลักแห่งชาติ พ.ศ. 2558,http://drug.fda.moph.go.th:81/nlem.in.th/medicine/essential/list,กลุ่มนโยบายแห่งชาติด้านยา สำนักยา กระทรวงสาธารณสุข
Vecuronium bromide,,sterile pwdr,,ค,ยาโรงพยาบาล,ต้องอยู่ในบัญชียาของ รพ.นั้น,🔵,Anesthesia,General anesthesia,XX,สาเหตุภายนอกของการป่วยและการตาย,,,,,บัญชียาหลักแห่งชาติ พ.ศ. 2558,http://drug.fda.moph.go.th:81/nlem.in.th/medicine/essential/list,กลุ่มนโยบายแห่งชาติด้านยา สำนักยา กระทรวงสาธารณสุข
Diazepam,,"cap, tab, sterile sol",วัตถุออกฤทธิ์ต่อจิตและประสาทประเภท 4,ก,ยาจำเป็นพื้นฐาน,บัตรทอง/ประกันสังคมเบิกได้ทุกกรณี,🟢,Anesthesia,General anesthesia,XX,สาเหตุภายนอกของการป่วยและการตาย,,,,,บัญชียาหลักแห่งชาติ พ.ศ. 2558,http://drug.fda.moph.go.th:81/nlem.in.th/medicine/essential/list,กลุ่มนโยบายแห่งชาติด้านยา สำนักยา กระทรวงสาธารณสุข
Fentanyl citrate,,sterile sol,ยาเสพติดให้โทษประเภท 2,ค,ยาโรงพยาบาล,ต้องอยู่ในบัญชียาของ รพ.นั้น,🔵,Anesthesia,General anesthesia,XX,สาเหตุภายนอกของการป่วยและการตาย,,,,,บัญชียาหลักแห่งชาติ พ.ศ. 2558,http://drug.fda.moph.go.th:81/nlem.in.th/medicine/essential/list,กลุ่มนโยบายแห่งชาติด้านยา สำนักยา กระทรวงสาธารณสุข
Morphine sulfate,,sterile sol,ยาเสพติดให้โทษประเภท 2,ค,ยาโรงพยาบาล,ต้องอยู่ในบัญชียาของ รพ.นั้น,🔵,Anesthesia,General anesthesia,XX,สาเหตุภายนอกของการป่วยและการตาย,,,,,บัญชียาหลักแห่งชาติ พ.ศ. 2558,http://drug.fda.moph.go.th:81/nlem.in.th/medicine/essential/list,กลุ่มนโยบายแห่งชาติด้านยา สำนักยา กระทรวงสาธารณสุข
Pethidine hydrochloride,,sterile sol,ยาเสพติดให้โทษประเภท 2,ค,ยาโรงพยาบาล,ต้องอยู่ในบัญชียาของ รพ.นั้น,🔵,Anesthesia,General anesthesia,XX,สาเหตุภายนอกของการป่วยและการตาย,,,,,บัญชียาหลักแห่งชาติ พ.ศ. 2558,http://drug.fda.moph.go.th:81/nlem.in.th/medicine/essential/list,กลุ่มนโยบายแห่งชาติด้านยา สำนักยา กระทรวงสาธารณสุข
Midazolam hydrochloride,,sterile sol,วัตถุออกฤทธิ์ต่อจิตและประสาทประเภท 2,ง,ยาโรคเฉพาะทาง,ใช้กับโรคเฉพาะ ตามแนวทางการรักษา,🟣,Anesthesia,General anesthesia,XX,สาเหตุภายนอกของการป่วยและการตาย,,ใช้เสริมยาระงับความรู้สึกทั่วตัว และใช้รักษาผู้ป่วยที่มีอาการกระวนกระวายหรือชัก หลังให้ยาระงับความรู้สึก,,,บัญชียาหลักแห่งชาติ พ.ศ. 2558,http://drug.fda.moph.go.th:81/nlem.in.th/medicine/essential/list,กลุ่มนโยบายแห่งชาติด้านยา สำนักยา กระทรวงสาธารณสุข
Midazolam maleate,,tab,วัตถุออกฤทธิ์ต่อจิตและประสาทประเภท 2,ง,ยาโรคเฉพาะทาง,ใช้กับโรคเฉพาะ ตามแนวทางการรักษา,🟣,Anesthesia,General anesthesia,XX,สาเหตุภายนอกของการป่วยและการตาย,,ใช้เตรียมผู้ป่วยก่อนให้ยาระงับความรู้สึก (premedication) เท่านั้น โดยเบิกได้วันละไม่เกิน 2 เม็ดต่อผู้ป่วยหนึ่งราย,,,บัญชียาหลักแห่งชาติ พ.ศ. 2558,http://drug.fda.moph.go.th:81/nlem.in.th/medicine/essential/list,กลุ่มนโยบายแห่งชาติด้านยา สำนักยา กระทรวงสาธารณสุข
Atropine sulfate,,sterile sol,,ก,ยาจำเป็นพื้นฐาน,บัตรทอง/ประกันสังคมเบิกได้ทุกกรณี,🟢,Anesthesia,General anesthesia,XX,สาเหตุภายนอกของการป่วยและการตาย,,ใช้แก้ฤทธิ์ยาหย่อนกล้ามเนื้อ,,,บัญชียาหลักแห่งชาติ พ.ศ. 2558,http://drug.fda.moph.go.th:81/nlem.in.th/medicine/essential/list,กลุ่มนโยบายแห่งชาติด้านยา สำนักยา กระทรวงสาธารณสุข
Neostigmine methylsulfate,,sterile sol,,ก,ยาจำเป็นพื้นฐาน,บัตรทอง/ประกันสังคมเบิกได้ทุกกรณี,🟢,Anesthesia,General anesthesia,XX,สาเหตุภายนอกของการป่วยและการตาย,,ใช้แก้ฤทธิ์ยาหย่อนกล้ามเนื้อ,,,บัญชียาหลักแห่งชาติ พ.ศ. 2558,http://drug.fda.moph.go.th:81/nlem.in.th/medicine/essential/list,กลุ่มนโยบายแห่งชาติด้านยา สำนักยา กระทรวงสาธารณสุข
Dantrolene sodium,,sterile pwdr,ยากำพร้า,ง,ยาโรคเฉพาะทาง,ใช้กับโรคเฉพาะ ตามแนวทางการรักษา,🟣,Anesthesia,General anesthesia,XX,สาเหตุภายนอกของการป่วยและการตาย,,ใช้สำหรับ malignant hyperthermia,,,บัญชียาหลักแห่งชาติ พ.ศ. 2558,http://drug.fda.moph.go.th:81/nlem.in.th/medicine/essential/list,กลุ่มนโยบายแห่งชาติด้านยา สำนักยา กระทรวงสาธารณสุข
Benzocaine,,"gel, oint",,ก,ยาจำเป็นพื้นฐาน,บัตรทอง/ประกันสังคมเบิกได้ทุกกรณี,🟢,Anesthesia,Local anesthesia,XX,สาเหตุภายนอกของการป่วยและการตาย,,,,,บัญชียาหลักแห่งชาติ พ.ศ. 2558,http://drug.fda.moph.go.th:81/nlem.in.th/medicine/essential/list,กลุ่มนโยบายแห่งชาติด้านยา สำนักยา กระทรวงสาธารณสุข
Lidocaine hydrochloride,,"gel, oint, spray, sterile sol (dental cartridge), sterile sol (local infiltration), viscous sol",,ก,ยาจำเป็นพื้นฐาน,บัตรทอง/ประกันสังคมเบิกได้ทุกกรณี,🟢,Anesthesia,Local anesthesia,XX,สาเหตุภายนอกของการป่วยและการตาย,,,,,บัญชียาหลักแห่งชาติ พ.ศ. 2558,http://drug.fda.moph.go.th:81/nlem.in.th/medicine/essential/list,กลุ่มนโยบายแห่งชาติด้านยา สำนักยา กระทรวงสาธารณสุข
Lidocaine + Prilocaine,,cream,,ก,ยาจำเป็นพื้นฐาน,บัตรทอง/ประกันสังคมเบิกได้ทุกกรณี,🟢,Anesthesia,Local anesthesia,XX,สาเหตุภายนอกของการป่วยและการตาย,,,,,บัญชียาหลักแห่งชาติ พ.ศ. 2558,http://drug.fda.moph.go.th:81/nlem.in.th/medicine/essential/list,กลุ่มนโยบายแห่งชาติด้านยา สำนักยา กระทรวงสาธารณสุข
Lidocaine hydrochloride + Epinephrine,,"sterile sol (local infiltration), sterile sol (dental cartridge)",,ก,ยาจำเป็นพื้นฐาน,บัตรทอง/ประกันสังคมเบิกได้ทุกกรณี,🟢,Anesthesia,Local anesthesia,XX,สาเหตุภายนอกของการป่วยและการตาย,,,,,บัญชียาหลักแห่งชาติ พ.ศ. 2558,http://drug.fda.moph.go.th:81/nlem.in.th/medicine/essential/list,กลุ่มนโยบายแห่งชาติด้านยา สำนักยา กระทรวงสาธารณสุข
Mepivaciane hydrochloride,,sterile sol (dental cartridge),,ก,ยาจำเป็นพื้นฐาน,บัตรทอง/ประกันสังคมเบิกได้ทุกกรณี,🟢,Anesthesia,Local anesthesia,XX,สาเหตุภายนอกของการป่วยและการตาย,,,,,บัญชียาหลักแห่งชาติ พ.ศ. 2558,http://drug.fda.moph.go.th:81/nlem.in.th/medicine/essential/list,กลุ่มนโยบายแห่งชาติด้านยา สำนักยา กระทรวงสาธารณสุข
Mepivaciane hydrochloride + Epinephrine,,sterile sol (dental cartridge),,ก,ยาจำเป็นพื้นฐาน,บัตรทอง/ประกันสังคมเบิกได้ทุกกรณี,🟢,Anesthesia,Local anesthesia,XX,สาเหตุภายนอกของการป่วยและการตาย,,,,,บัญชียาหลักแห่งชาติ พ.ศ. 2558,http://drug.fda.moph.go.th:81/nlem.in.th/medicine/essential/list,กลุ่มนโยบายแห่งชาติด้านยา สำนักยา กระทรวงสาธารณสุข
Bupivacaine hydrochloride,,sterile sol,,ข,ยาที่ใช้ได้ตามเงื่อนไข,เบิกได้บางกรณี ตามเงื่อนไขที่กำหนด,🟡,Anesthesia,Local anesthesia,XX,สาเหตุภายนอกของการป่วยและการตาย,,,อาจทำให้เกิดพิษต่อหัวใจ,ใช้ในกรณี local infiltration,บัญชียาหลักแห่งชาติ พ.ศ. 2558,http://drug.fda.moph.go.th:81/nlem.in.th/medicine/essential/list,กลุ่มนโยบายแห่งชาติด้านยา สำนักยา กระทรวงสาธารณสุข
Bupivacaine hydrochloride,,sterile sol,,ค,ยาโรงพยาบาล,ต้องอยู่ในบัญชียาของ รพ.นั้น,🔵,Anesthesia,Local anesthesia,XX,สาเหตุภายนอกของการป่วยและการตาย,,,อาจทำให้เกิดพิษต่อหัวใจ,ใช้ในกรณี regional anesthesia และ analgesia,บัญชียาหลักแห่งชาติ พ.ศ. 2558,http://drug.fda.moph.go.th:81/nlem.in.th/medicine/essential/list,กลุ่มนโยบายแห่งชาติด้านยา สำนักยา กระทรวงสาธารณสุข
Lidocaine hydrochloride,,sterile sol,,ค,ยาโรงพยาบาล,ต้องอยู่ในบัญชียาของ รพ.นั้น,🔵,Anesthesia,Local anesthesia,XX,สาเหตุภายนอกของการป่วยและการตาย,,,,ใช้ในกรณี regional anesthesia,บัญชียาหลักแห่งชาติ พ.ศ. 2558,http://drug.fda.moph.go.th:81/nlem.in.th/medicine/essential/list,กลุ่มนโยบายแห่งชาติด้านยา สำนักยา กระทรวงสาธารณสุข
Lidocaine hydrochloride + Epinephrine,,sterile sol,,ค,ยาโรงพยาบาล,ต้องอยู่ในบัญชียาของ รพ.นั้น,🔵,Anesthesia,Local anesthesia,XX,สาเหตุภายนอกของการป่วยและการตาย,,,,ใช้ในกรณี regional anesthesia,บัญชียาหลักแห่งชาติ พ.ศ. 2558,http://drug.fda.moph.go.th:81/nlem.in.th/medicine/essential/list,กลุ่มนโยบายแห่งชาติด้านยา สำนักยา กระทรวงสาธารณสุข
Acetylcysteine,N-acetylcysteine,sterile sol,,ก,ยาจำเป็นพื้นฐาน,บัตรทอง/ประกันสังคมเบิกได้ทุกกรณี,🟢,Antidotes,,XIX,การบาดเจ็บ พิษ และเหตุภายนอก,,ใช้แก้พิษที่เกิดจากการได้รับ paracetamol เกินขนาด,,,บัญชียาหลักแห่งชาติ พ.ศ. 2558,http://drug.fda.moph.go.th:81/nlem.in.th/medicine/essential/list,กลุ่มนโยบายแห่งชาติด้านยา สำนักยา กระทรวงสาธารณสุข
Antivenom sera,,inj,,ก,ยาจำเป็นพื้นฐาน,บัตรทอง/ประกันสังคมเบิกได้ทุกกรณี,🟢,Antidotes,,XIX,การบาดเจ็บ พิษ และเหตุภายนอก,,,,,บัญชียาหลักแห่งชาติ พ.ศ. 2558,http://drug.fda.moph.go.th:81/nlem.in.th/medicine/essential/list,กลุ่มนโยบายแห่งชาติด้านยา สำนักยา กระทรวงสาธารณสุข
Polyvalent antivenom for hematotoxin,,inj,,ก,ยาจำเป็นพื้นฐาน,บัตรทอง/ประกันสังคมเบิกได้ทุกกรณี,🟢,Antidotes,,XIX,การบาดเจ็บ พิษ และเหตุภายนอก,,ใช้แก้พิษต่อระบบเลือดในรายที่ถูกงูไม่ทราบชนิดกัด,,,บัญชียาหลักแห่งชาติ พ.ศ. 2558,http://drug.fda.moph.go.th:81/nlem.in.th/medicine/essential/list,กลุ่มนโยบายแห่งชาติด้านยา สำนักยา กระทรวงสาธารณสุข
Polyvalent antivenom for neurotoxin,,inj,,ก,ยาจำเป็นพื้นฐาน,บัตรทอง/ประกันสังคมเบิกได้ทุกกรณี,🟢,Antidotes,,XIX,การบาดเจ็บ พิษ และเหตุภายนอก,,ใช้แก้พิษต่อระบบประสาทในรายที่ถูกงูไม่ทราบชนิดกัด,,,บัญชียาหลักแห่งชาติ พ.ศ. 2558,http://drug.fda.moph.go.th:81/nlem.in.th/medicine/essential/list,กลุ่มนโยบายแห่งชาติด้านยา สำนักยา กระทรวงสาธารณสุข
Atropine sulfate,,sterile sol,,ก,ยาจำเป็นพื้นฐาน,บัตรทอง/ประกันสังคมเบิกได้ทุกกรณี,🟢,Antidotes,,XIX,การบาดเจ็บ พิษ และเหตุภายนอก,,"ใช้ต้านพิษ cholinesterase inhibitors (เช่น organophosphates, carbamates) และภาวะ cholinergic crisis",,,บัญชียาหลักแห่งชาติ พ.ศ. 2558,http://drug.fda.moph.go.th:81/nlem.in.th/medicine/essential/list,กลุ่มนโยบายแห่งชาติด้านยา สำนักยา กระทรวงสาธารณสุข
Benzatropine mesilate,Benztropine mesylate,sterile sol,,ก,ยาจำเป็นพื้นฐาน,บัตรทอง/ประกันสังคมเบิกได้ทุกกรณี,🟢,Antidotes,,XIX,การบาดเจ็บ พิษ และเหตุภายนอก,,ใช้บำบัดภาวะ dystonia เนื่องจากยา,,,บัญชียาหลักแห่งชาติ พ.ศ. 2558,http://drug.fda.moph.go.th:81/nlem.in.th/medicine/essential/list,กลุ่มนโยบายแห่งชาติด้านยา สำนักยา กระทรวงสาธารณสุข
Calcium gluconate,,sterile sol,,ก,ยาจำเป็นพื้นฐาน,บัตรทอง/ประกันสังคมเบิกได้ทุกกรณี,🟢,Antidotes,,XIX,การบาดเจ็บ พิษ และเหตุภายนอก,,ใช้บำบัดพิษที่เกิดจาก hydrofluoric acid และ calcium channel blockers,,ให้ฉีดเข้าเส้นเลือดอย่างช้าๆ การฉีดเร็วอาจทำให้ผู้ป่วยเสียชีวิตได้,บัญชียาหลักแห่งชาติ พ.ศ. 2558,http://drug.fda.moph.go.th:81/nlem.in.th/medicine/essential/list,กลุ่มนโยบายแห่งชาติด้านยา สำนักยา กระทรวงสาธารณสุข
"Charcoal, activated",,pwdr,,ก,ยาจำเป็นพื้นฐาน,บัตรทอง/ประกันสังคมเบิกได้ทุกกรณี,🟢,Antidotes,,XIX,การบาดเจ็บ พิษ และเหตุภายนอก,,ใช้ดูดซับสารพิษทั่วไป,,,บัญชียาหลักแห่งชาติ พ.ศ. 2558,http://drug.fda.moph.go.th:81/nlem.in.th/medicine/essential/list,กลุ่มนโยบายแห่งชาติด้านยา สำนักยา กระทรวงสาธารณสุข
Diazepam,,sterile sol,วัตถุที่ออกฤทธิ์ต่อจิตและประสาทประเภท 4,ก,ยาจำเป็นพื้นฐาน,บัตรทอง/ประกันสังคมเบิกได้ทุกกรณี,🟢,Antidotes,,XIX,การบาดเจ็บ พิษ และเหตุภายนอก,,ใช้บำบัดอาการชักที่เกิดจากยาหรือ สารพิษ,,,บัญชียาหลักแห่งชาติ พ.ศ. 2558,http://drug.fda.moph.go.th:81/nlem.in.th/medicine/essential/list,กลุ่มนโยบายแห่งชาติด้านยา สำนักยา กระทรวงสาธารณสุข
Diphenhydramine hydrochloride,,"cap, sterile sol",ยากำพร้า,ก,ยาจำเป็นพื้นฐาน,บัตรทอง/ประกันสังคมเบิกได้ทุกกรณี,🟢,Antidotes,,XIX,การบาดเจ็บ พิษ และเหตุภายนอก,,ใช้บำบัดภาวะ dystonia เนื่องจากยาในเด็กและในผู้ใหญ่,,,บัญชียาหลักแห่งชาติ พ.ศ. 2558,http://drug.fda.moph.go.th:81/nlem.in.th/medicine/essential/list,กลุ่มนโยบายแห่งชาติด้านยา สำนักยา กระทรวงสาธารณสุข
Ethanol,,"sterile sol, sterile sol (hosp)",ยากำพร้า,ก,ยาจำเป็นพื้นฐาน,บัตรทอง/ประกันสังคมเบิกได้ทุกกรณี,🟢,Antidotes,,XIX,การบาดเจ็บ พิษ และเหตุภายนอก,,ใช้บำบัดพิษจาก methanol และ ethylene glycol,,,บัญชียาหลักแห่งชาติ พ.ศ. 2558,http://drug.fda.moph.go.th:81/nlem.in.th/medicine/essential/list,กลุ่มนโยบายแห่งชาติด้านยา สำนักยา กระทรวงสาธารณสุข
Macrogols  with electrolytes,"Polyethylene glycol, PEG","oral pwdr , oral pwdr (hosp)",,ก,ยาจำเป็นพื้นฐาน,บัตรทอง/ประกันสังคมเบิกได้ทุกกรณี,🟢,Antidotes,,XIX,การบาดเจ็บ พิษ และเหตุภายนอก,,ใช้ทำหัตถการล้างกระเพาะและลำไส้ (whole bowel irrigation) กรณีได้รับสารพิษ หรือล้างผิวหนังกรณีสัมผัส phenol,,,บัญชียาหลักแห่งชาติ พ.ศ. 2558,http://drug.fda.moph.go.th:81/nlem.in.th/medicine/essential/list,กลุ่มนโยบายแห่งชาติด้านยา สำนักยา กระทรวงสาธารณสุข
Naloxone hydrochloride,,sterile sol,,ก,ยาจำเป็นพื้นฐาน,บัตรทอง/ประกันสังคมเบิกได้ทุกกรณี,🟢,Antidotes,,XIX,การบาดเจ็บ พิษ และเหตุภายนอก,,"1. ใช้บำบัดอาการพิษจากสารกลุ่ม opioids และ clonidine 
2. ใช้บำบัดภาวะกดการหายใจที่ไม่ทราบสาเหตุ",,,บัญชียาหลักแห่งชาติ พ.ศ. 2558,http://drug.fda.moph.go.th:81/nlem.in.th/medicine/essential/list,กลุ่มนโยบายแห่งชาติด้านยา สำนักยา กระทรวงสาธารณสุข
Pralidoxime chloride,2-PAM,sterile pwdr,,ก,ยาจำเป็นพื้นฐาน,บัตรทอง/ประกันสังคมเบิกได้ทุกกรณี,🟢,Antidotes,,XIX,การบาดเจ็บ พิษ และเหตุภายนอก,,ใช้บำบัดพิษที่เกิดจาก organophosphates,,,บัญชียาหลักแห่งชาติ พ.ศ. 2558,http://drug.fda.moph.go.th:81/nlem.in.th/medicine/essential/list,กลุ่มนโยบายแห่งชาติด้านยา สำนักยา กระทรวงสาธารณสุข
Sodium bicarbonate,,sterile sol (เฉพาะ 44.6 mEq),,ก,ยาจำเป็นพื้นฐาน,บัตรทอง/ประกันสังคมเบิกได้ทุกกรณี,🟢,Antidotes,,XIX,การบาดเจ็บ พิษ และเหตุภายนอก,,"1. ใช้บำบัดภาวะ hyperkalemia และพิษที่เกิดจากสาร  tricyclic antidepressants, antiarrythmics type I   
2. ใช้ปรับปัสสาวะให้เป็นด่าง เพื่อเร่งการกำจัดสารพิษ เช่น salicylates, metformin, phenformin เป็นต้น",,,บัญชียาหลักแห่งชาติ พ.ศ. 2558,http://drug.fda.moph.go.th:81/nlem.in.th/medicine/essential/list,กลุ่มนโยบายแห่งชาติด้านยา สำนักยา กระทรวงสาธารณสุข
Vitamin K1,Phytomenadione,sterile sol,,ก,ยาจำเป็นพื้นฐาน,บัตรทอง/ประกันสังคมเบิกได้ทุกกรณี,🟢,Antidotes,,XIX,การบาดเจ็บ พิษ และเหตุภายนอก,,ใช้บำบัดพิษจากยา anticoagulants (coumarin derivatives),,,บัญชียาหลักแห่งชาติ พ.ศ. 2558,http://drug.fda.moph.go.th:81/nlem.in.th/medicine/essential/list,กลุ่มนโยบายแห่งชาติด้านยา สำนักยา กระทรวงสาธารณสุข
Cyclophosphamide,,sterile pwdr,,ค,ยาโรงพยาบาล,ต้องอยู่ในบัญชียาของ รพ.นั้น,🔵,Antidotes,,XIX,การบาดเจ็บ พิษ และเหตุภายนอก,,ใช้บำบัดพิษจากสาร paraquat ภายใต้การกำกับดูแลของศูนย์พิษวิทยา,,,บัญชียาหลักแห่งชาติ พ.ศ. 2558,http://drug.fda.moph.go.th:81/nlem.in.th/medicine/essential/list,กลุ่มนโยบายแห่งชาติด้านยา สำนักยา กระทรวงสาธารณสุข
Deferoxamine mesilate,Desferrioxamine mesilate,sterile pwdr,,ค,ยาโรงพยาบาล,ต้องอยู่ในบัญชียาของ รพ.นั้น,🔵,Antidotes,,XIX,การบาดเจ็บ พิษ และเหตุภายนอก,,ใช้กำจัดพิษจากภาวะธาตุเหล็กสูงผิดปกติเฉียบพลัน และเรื้อรัง,,,บัญชียาหลักแห่งชาติ พ.ศ. 2558,http://drug.fda.moph.go.th:81/nlem.in.th/medicine/essential/list,กลุ่มนโยบายแห่งชาติด้านยา สำนักยา กระทรวงสาธารณสุข
Dimercaprol,"British Anti-Lewisite, BAL",sterile oil solution for IM use,ยากำพร้า,ค,ยาโรงพยาบาล,ต้องอยู่ในบัญชียาของ รพ.นั้น,🔵,Antidotes,,XIX,การบาดเจ็บ พิษ และเหตุภายนอก,,ใช้บำบัดพิษเฉียบพลันจากปรอท ทอง และสารหนู และใช้ร่วมกับ sodium calcium edetate ในกรณีบำบัดพิษเฉียบพลันจากตะกั่ว,ห้ามใช้ในผู้ป่วยที่มีประวัติแพ้ถั่วลิสงเนื่องจากยานี้มีส่วนผสมของน้ำมันถั่วลิสง,,บัญชียาหลักแห่งชาติ พ.ศ. 2558,http://drug.fda.moph.go.th:81/nlem.in.th/medicine/essential/list,กลุ่มนโยบายแห่งชาติด้านยา สำนักยา กระทรวงสาธารณสุข
Penicillamine,D-Penicillamine,"cap , tab",,ค,ยาโรงพยาบาล,ต้องอยู่ในบัญชียาของ รพ.นั้น,🔵,Antidotes,,XIX,การบาดเจ็บ พิษ และเหตุภายนอก,,ใช้บำบัดอาการพิษจากสารทองแดง ตะกั่ว ปรอท และสารหนู,ระวังการใช้กับหญิงตั้งครรภ์เพราะเป็นสารก่อวิรูป (teratogen),,บัญชียาหลักแห่งชาติ พ.ศ. 2558,http://drug.fda.moph.go.th:81/nlem.in.th/medicine/essential/list,กลุ่มนโยบายแห่งชาติด้านยา สำนักยา กระทรวงสาธารณสุข
Protamine sulfate,,sterile sol,,ค,ยาโรงพยาบาล,ต้องอยู่ในบัญชียาของ รพ.นั้น,🔵,Antidotes,,XIX,การบาดเจ็บ พิษ และเหตุภายนอก,,ใช้ในกรณีที่มีเลือดออกมากผิดปกติจากการได้รับ heparin เกินขนาด,,,บัญชียาหลักแห่งชาติ พ.ศ. 2558,http://drug.fda.moph.go.th:81/nlem.in.th/medicine/essential/list,กลุ่มนโยบายแห่งชาติด้านยา สำนักยา กระทรวงสาธารณสุข
Sodium calcium edetate,"Edetate calcium disodium, Calcium EDTA",sterile sol,ยากำพร้า,ค,ยาโรงพยาบาล,ต้องอยู่ในบัญชียาของ รพ.นั้น,🔵,Antidotes,,XIX,การบาดเจ็บ พิษ และเหตุภายนอก,,ใช้บำบัดพิษจากตะกั่ว สังกะสี และแมงกานีส,,,บัญชียาหลักแห่งชาติ พ.ศ. 2558,http://drug.fda.moph.go.th:81/nlem.in.th/medicine/essential/list,กลุ่มนโยบายแห่งชาติด้านยา สำนักยา กระทรวงสาธารณสุข
Sodium nitrite,,"sterile sol , sterile sol (hosp)",ยากำพร้า,ค,ยาโรงพยาบาล,ต้องอยู่ในบัญชียาของ รพ.นั้น,🔵,Antidotes,,XIX,การบาดเจ็บ พิษ และเหตุภายนอก,,ใช้บำบัดพิษจากไซยาไนด์  และไฮโดรเจนซัลไฟด์,"การใช้ยาปริมาณมากเกินไปอาจทำให้เกิดภาวะ cardiovascular collapse, methaemoglobinaemia และอาจถึงตายได้",,บัญชียาหลักแห่งชาติ พ.ศ. 2558,http://drug.fda.moph.go.th:81/nlem.in.th/medicine/essential/list,กลุ่มนโยบายแห่งชาติด้านยา สำนักยา กระทรวงสาธารณสุข
Sodium thiosulfate,,"sterile sol , sterile sol (hosp)",ยากำพร้า,ค,ยาโรงพยาบาล,ต้องอยู่ในบัญชียาของ รพ.นั้น,🔵,Antidotes,,XIX,การบาดเจ็บ พิษ และเหตุภายนอก,,ใช้บำบัดพิษจากไซยาไนด์,,,บัญชียาหลักแห่งชาติ พ.ศ. 2558,http://drug.fda.moph.go.th:81/nlem.in.th/medicine/essential/list,กลุ่มนโยบายแห่งชาติด้านยา สำนักยา กระทรวงสาธารณสุข
Vitamin B6,Pyridoxine hydrochloride,sterile sol (เฉพาะ 50 mg),,ค,ยาโรงพยาบาล,ต้องอยู่ในบัญชียาของ รพ.นั้น,🔵,Antidotes,,XIX,การบาดเจ็บ พิษ และเหตุภายนอก,,ใช้บำบัดพิษจากยา Isoniazid และเห็ดสมองวัว (Gyromitra spp.),,,บัญชียาหลักแห่งชาติ พ.ศ. 2558,http://drug.fda.moph.go.th:81/nlem.in.th/medicine/essential/list,กลุ่มนโยบายแห่งชาติด้านยา สำนักยา กระทรวงสาธารณสุข
Botulinum antitoxin,,inj,ยากำพร้า,ง,ยาโรคเฉพาะทาง,ใช้กับโรคเฉพาะ ตามแนวทางการรักษา,🟣,Antidotes,,XIX,การบาดเจ็บ พิษ และเหตุภายนอก,,ใช้บำบัดพิษ Botulism,,,บัญชียาหลักแห่งชาติ พ.ศ. 2558,http://drug.fda.moph.go.th:81/nlem.in.th/medicine/essential/list,กลุ่มนโยบายแห่งชาติด้านยา สำนักยา กระทรวงสาธารณสุข
Calcium folinate,Leucovorin calcium,"cap, tab, sterile pwdr, sterile sol",,ง,ยาโรคเฉพาะทาง,ใช้กับโรคเฉพาะ ตามแนวทางการรักษา,🟣,Antidotes,,XIX,การบาดเจ็บ พิษ และเหตุภายนอก,,"1. ใช้บำบัดพิษจากสาร folic acid antagonists, methotrexate, trimethoprim และ pyrimethamine 
2. ใช้ป้องกันพิษจาก methotrexate เฉพาะกรณีใช้ยานี้ในขนาดสูง 
3. ให้ร่วมกับ fluorouracil (5-FU) ในการบำบัดมะเร็งลำไส้",,,บัญชียาหลักแห่งชาติ พ.ศ. 2558,http://drug.fda.moph.go.th:81/nlem.in.th/medicine/essential/list,กลุ่มนโยบายแห่งชาติด้านยา สำนักยา กระทรวงสาธารณสุข
Flumazenil,,sterile sol,,ง,ยาโรคเฉพาะทาง,ใช้กับโรคเฉพาะ ตามแนวทางการรักษา,🟣,Antidotes,,XIX,การบาดเจ็บ พิษ และเหตุภายนอก,,ใช้บำบัดอาการสงบประสาทที่เกิดจากการใช้ยาในกลุ่ม benzodiazepines เกินขนาด,,,บัญชียาหลักแห่งชาติ พ.ศ. 2558,http://drug.fda.moph.go.th:81/nlem.in.th/medicine/essential/list,กลุ่มนโยบายแห่งชาติด้านยา สำนักยา กระทรวงสาธารณสุข
Mesna,,sterile sol,,ง,ยาโรคเฉพาะทาง,ใช้กับโรคเฉพาะ ตามแนวทางการรักษา,🟣,Antidotes,,XIX,การบาดเจ็บ พิษ และเหตุภายนอก,,ใช้เฉพาะกับผู้ป่วยที่ได้รับยา ifosfamide หรือ cyclophosphamide ขนาดสูง (มากกว่า 1.5 g/m2) เพื่อป้องกันภาวะเลือดออกในทางเดินปัสสาวะ,,,บัญชียาหลักแห่งชาติ พ.ศ. 2558,http://drug.fda.moph.go.th:81/nlem.in.th/medicine/essential/list,กลุ่มนโยบายแห่งชาติด้านยา สำนักยา กระทรวงสาธารณสุข
Methylene blue,Methylthioninium chloride,"sterile sol , sterile sol (hosp)",ยากำพร้า,ง,ยาโรคเฉพาะทาง,ใช้กับโรคเฉพาะ ตามแนวทางการรักษา,🟣,Antidotes,,XIX,การบาดเจ็บ พิษ และเหตุภายนอก,,ใช้บำบัด methemoglobinaemia,ควรใช้อย่างระมัดระวังในผู้ป่วยภาวะการทำงานของไตบกพร่องขั้นรุนแรง และในผู้ป่วยขาดเอนไชม์ G6PD,,บัญชียาหลักแห่งชาติ พ.ศ. 2558,http://drug.fda.moph.go.th:81/nlem.in.th/medicine/essential/list,กลุ่มนโยบายแห่งชาติด้านยา สำนักยา กระทรวงสาธารณสุข
Norepinephrine,Noradrenaline,sterile sol (as bitartrate or hydrochloride),,ง,ยาโรคเฉพาะทาง,ใช้กับโรคเฉพาะ ตามแนวทางการรักษา,🟣,Antidotes,,XIX,การบาดเจ็บ พิษ และเหตุภายนอก,,"ใช้บำบัดภาวะความดันเลือดตกเนื่องจากยา เช่น ยากลุ่ม beta-blockers, calcium channel blockers และ theophylline เป็นต้น",,,บัญชียาหลักแห่งชาติ พ.ศ. 2558,http://drug.fda.moph.go.th:81/nlem.in.th/medicine/essential/list,กลุ่มนโยบายแห่งชาติด้านยา สำนักยา กระทรวงสาธารณสุข
Phenobarbital sodium,Phenobarbitone sodium,"sterile pwdr, sterile sol",วัตถุที่ออกฤทธิ์ต่อจิตและประสาทประเภท 4,ง,ยาโรคเฉพาะทาง,ใช้กับโรคเฉพาะ ตามแนวทางการรักษา,🟣,Antidotes,,XIX,การบาดเจ็บ พิษ และเหตุภายนอก,,ใช้บำบัดอาการชักที่เกิดจากยา,,,บัญชียาหลักแห่งชาติ พ.ศ. 2558,http://drug.fda.moph.go.th:81/nlem.in.th/medicine/essential/list,กลุ่มนโยบายแห่งชาติด้านยา สำนักยา กระทรวงสาธารณสุข
Succimer,,cap,ยากำพร้า,ง,ยาโรคเฉพาะทาง,ใช้กับโรคเฉพาะ ตามแนวทางการรักษา,🟣,Antidotes,,XIX,การบาดเจ็บ พิษ และเหตุภายนอก,,ใช้บำบัดพิษจากตะกั่ว,,,บัญชียาหลักแห่งชาติ พ.ศ. 2558,http://drug.fda.moph.go.th:81/nlem.in.th/medicine/essential/list,กลุ่มนโยบายแห่งชาติด้านยา สำนักยา กระทรวงสาธารณสุข
Iopromide,,"sterile sol (เฉพาะ 300 mg/ml as iodine), (50 ml, 100 ml)  sterile sol (เฉพาะ 370 mg/ml as iodine), (100 ml)",,ง,ยาโรคเฉพาะทาง,ใช้กับโรคเฉพาะ ตามแนวทางการรักษา,🟣,Contrast media and Radiopharmaceuticals,"X-ray contrast media, iodinated",XXI,ปัจจัยที่ส่งผลต่อสุขภาพและการรับบริการ,,ใช้สำหรับ urography และ computed tomography (CT),,"1. ขนาด 300 mg/ml ใช้กับเครื่องเอกซเรย์คอมพิวเตอร์ชนิด multi-slice CT ส่วน 370 mg/ml ใช้กับชนิด single-slice CT และการตรวจหลอดเลือดด้วยเครื่องเอกซเรย์คอมพิวเตอร์ (computed tomography angiography; CTA)
2. ราคายา Iopromide ความแรง 300 mg/ml (Iodine) ขนาด 50 ml ขวดละไม่เกิน 369.15 บาท (ราคารวมภาษีมูลค่าเพิ่ม)
3. ราคายา Iopromide ความแรง 300 mg/ml (Iodine) ขนาด 100 ml ขวดละไม่เกิน 738.30 บาท (ราคารวมภาษีมูลค่าเพิ่ม)
4. ราคายา Iopromide ความแรง 370 mg/ml (Iodine) ขนาด 100 ml ขวดละไม่เกิน 781.10 บาท (ราคารวมภาษีมูลค่าเพิ่ม)
ราคายาในข้อที่ 2-4 กำหนดยืนราคา 730 วัน  นับจากวันถัดจากวันประกาศในราชกิจจานุเบกษา เงื่อนไขและรายละเอียดอื่นๆ ให้ดูตามแบบเสนอยาในเว็บไซต์ www.nlem.in.th",บัญชียาหลักแห่งชาติ พ.ศ. 2558,http://drug.fda.moph.go.th:81/nlem.in.th/medicine/essential/list,กลุ่มนโยบายแห่งชาติด้านยา สำนักยา กระทรวงสาธารณสุข
Iopamidol,,"sterile sol (เฉพาะ 300 mg/ml as iodine), (100 ml)",,ง,ยาโรคเฉพาะทาง,ใช้กับโรคเฉพาะ ตามแนวทางการรักษา,🟣,Contrast media and Radiopharmaceuticals,"X-ray contrast media, iodinated",XXI,ปัจจัยที่ส่งผลต่อสุขภาพและการรับบริการ,,ใช้สำหรับ interventional neuroradiology,,ยา Iopamidol ความแรง 300 mg/ml (Iodine) ขนาด 100 ml มีผู้นำเข้ามากกว่า 1 ราย แต่มีผู้เสนอราคา 1 ราย ราคาที่ต่อรองได้ ขวดละไม่เกิน 791.80 บาท (ราคารวมภาษีมูลค่าเพิ่ม) กำหนดยืนราคา 740 วัน นับจากวันถัดจากวันประกาศในราชกิจจานุเบกษา เงื่อนไขและรายละเอียดอื่นๆ ให้ดูตามแบบเสนอยาในเว็บไซต์ www.nlem.in.th,บัญชียาหลักแห่งชาติ พ.ศ. 2558,http://drug.fda.moph.go.th:81/nlem.in.th/medicine/essential/list,กลุ่มนโยบายแห่งชาติด้านยา สำนักยา กระทรวงสาธารณสุข
Iopromide,,"sterile sol (เฉพาะ 300 และ 370 mg/ml as iodine), (100 ml)",,ง,ยาโรคเฉพาะทาง,ใช้กับโรคเฉพาะ ตามแนวทางการรักษา,🟣,Contrast media and Radiopharmaceuticals,"X-ray contrast media, iodinated",XXI,ปัจจัยที่ส่งผลต่อสุขภาพและการรับบริการ,,"1.  ขนาด 300 mg/ml as iodine ใช้สำหรับ diagnostic angiography และ body interventional radiology
2.  ขนาด 370 mg/ml as iodine ใช้สำหรับ body interventional radiology",,"1. ราคายา Iopromide ความแรง 300 mg/ml (Iodine) ขนาด 100 ml ขวดละไม่เกิน 738.30 บาท (ราคารวมภาษีมูลค่าเพิ่ม)
2. ราคายา Iopromide ความแรง 370 mg/ml (Iodine) ขนาด 100 ml ขวดละไม่เกิน 781.10 บาท (ราคารวมภาษีมูลค่าเพิ่ม)
ราคายาลำดับที่ 1 และ 2 กำหนดยืนราคา 730 วัน นับจากวันถัดจากวันประกาศในราชกิจจานุเบกษา เงื่อนไขและรายละเอียดอื่นๆ ให้ดูตามแบบเสนอยาในเว็บไซต์ www.nlem.in.th",บัญชียาหลักแห่งชาติ พ.ศ. 2558,http://drug.fda.moph.go.th:81/nlem.in.th/medicine/essential/list,กลุ่มนโยบายแห่งชาติด้านยา สำนักยา กระทรวงสาธารณสุข
Iopamidol,,"sterile sol (เฉพาะ 300 mg/ml as iodine), (10 ml)",,ง,ยาโรคเฉพาะทาง,ใช้กับโรคเฉพาะ ตามแนวทางการรักษา,🟣,Contrast media and Radiopharmaceuticals,"X-ray contrast media, iodinated",XXI,ปัจจัยที่ส่งผลต่อสุขภาพและการรับบริการ,,ใช้สำหรับ myelography,,ราคายา Iopamidol ความแรง 300 mg/ml (Iodine) ขนาด 10 ml ที่ต่อรองได้ ขวดละไม่เกิน 403.39 บาท (ราคารวมภาษีมูลค่าเพิ่ม) กำหนดยืนราคา 740 วัน นับจากวันถัดจากวันประกาศในราชกิจจานุเบกษา เงื่อนไขและรายละเอียดอื่นๆ ให้ดูตามแบบเสนอยาในเว็บไซต์ www.nlem.in.th,บัญชียาหลักแห่งชาติ พ.ศ. 2558,http://drug.fda.moph.go.th:81/nlem.in.th/medicine/essential/list,กลุ่มนโยบายแห่งชาติด้านยา สำนักยา กระทรวงสาธารณสุข
Iopromide,,"sterile sol (เฉพาะ 300 และ 370 mg/ml as iodine), (50 ml, 100 ml)",,ง,ยาโรคเฉพาะทาง,ใช้กับโรคเฉพาะ ตามแนวทางการรักษา,🟣,Contrast media and Radiopharmaceuticals,"X-ray contrast media, iodinated",XXI,ปัจจัยที่ส่งผลต่อสุขภาพและการรับบริการ,,ใช้สำหรับ cardiovascular catheterization เฉพาะผู้สูงอายุ ผู้ป่วยเด็ก ผู้ป่วยโรคหลอดเลือดแดงส่วนปลาย และผู้ป่วยโรคหัวใจล้มเหลว,,"1. ราคายา Iopromide ความแรง 300 mg/ml (Iodine) ขนาด 50 ml ขวดละไม่เกิน 369.15 บาท (ราคารวมภาษีมูลค่าเพิ่ม)
2. ราคายา Iopromide ความแรง 300 mg/ml (Iodine) ขนาด 100 ml ขวดละไม่เกิน 738.30 บาท (ราคารวมภาษีมูลค่าเพิ่ม)
 3. ราคายา Iopromide ความแรง 370 mg/ml (Iodine) ขนาด 50 ml ขวดละไม่เกิน 390.55 บาท (ราคารวมภาษีมูลค่าเพิ่ม)
4. ราคายา Iopromide ความแรง 370 mg/ml (Iodine) ขนาด 100 ml ขวดละไม่เกิน 781.10 บาท (ราคารวมภาษีมูลค่าเพิ่ม)
ราคายาลำดับที่ 1-4 กำหนดยืนราคา 730 วัน  นับจากวันถัดจากวันประกาศในราชกิจจานุเบกษา เงื่อนไขและรายละเอียดอื่นๆ ให้ดูตามแบบเสนอยาในเว็บไซต์ www.nlem.in.th",บัญชียาหลักแห่งชาติ พ.ศ. 2558,http://drug.fda.moph.go.th:81/nlem.in.th/medicine/essential/list,กลุ่มนโยบายแห่งชาติด้านยา สำนักยา กระทรวงสาธารณสุข
Meglumine ioxitalamate + Sodium ioxitalamate,,"sterile sol (เฉพาะ 350 mg/ml as iodine), (50 ml, 100 ml)",,ง,ยาโรคเฉพาะทาง,ใช้กับโรคเฉพาะ ตามแนวทางการรักษา,🟣,Contrast media and Radiopharmaceuticals,"X-ray contrast media, iodinated",XXI,ปัจจัยที่ส่งผลต่อสุขภาพและการรับบริการ,,"ใช้สำหรับ intracavitary, hysterosalpingography (HSG),  urethrography, voiding cysto-urethrography",,"1. ราคายา Meglumine ioxitalamate + Sodium ioxitalamate ความแรง 350 mg/ml (Iodine) ขนาด 50 ml ขวดละไม่เกิน 321.00 บาท (ราคารวมภาษีมูลค่าเพิ่ม) 
2. ราคายา Meglumine ioxitalamate + Sodium ioxitalamate ความแรง 350 mg/ml (Iodine) ขนาด 100 ml ขวดละไม่เกิน 620.60 บาท (ราคารวมภาษีมูลค่าเพิ่ม)
ราคายาลำดับที่ 1-2 กำหนดยืนราคา 730 วัน  นับจากวันถัดจากวันประกาศในราชกิจจานุเบกษา เงื่อนไขและรายละเอียดอื่นๆ ให้ดูตามแบบเสนอยาในเว็บไซต์ www.nlem.in.th",บัญชียาหลักแห่งชาติ พ.ศ. 2558,http://drug.fda.moph.go.th:81/nlem.in.th/medicine/essential/list,กลุ่มนโยบายแห่งชาติด้านยา สำนักยา กระทรวงสาธารณสุข
Barium sulfate,,pwdr for oral susp,,ก,ยาจำเป็นพื้นฐาน,บัตรทอง/ประกันสังคมเบิกได้ทุกกรณี,🟢,Contrast media and Radiopharmaceuticals,"X-ray contrast media, non-iodinated",XXI,ปัจจัยที่ส่งผลต่อสุขภาพและการรับบริการ,,,,ต้องเป็น Barium sulfate ที่บริสุทธิ์และใช้ในทางการแพทย์สำหรับการตรวจวินิจฉัยโรคเท่านั้น,บัญชียาหลักแห่งชาติ พ.ศ. 2558,http://drug.fda.moph.go.th:81/nlem.in.th/medicine/essential/list,กลุ่มนโยบายแห่งชาติด้านยา สำนักยา กระทรวงสาธารณสุข
Meglumine gadopentetate,,"sterile sol (เฉพาะ 469 mg/ml of gadopentetic acid ), (10 ml, 15 ml)",,ง,ยาโรคเฉพาะทาง,ใช้กับโรคเฉพาะ ตามแนวทางการรักษา,🟣,Contrast media and Radiopharmaceuticals,Contrast media for magnetic resonance imaging  (MRI diagnostic agents),XXI,ปัจจัยที่ส่งผลต่อสุขภาพและการรับบริการ,,ใช้สำหรับ MRI,,"1.  ใช้สำหรับ creatinine clearance (GFR) มากกว่า 60 ml/min/1.73 m2
2. ราคายา Meglumine gadopentetate ความแรง 469 mg/ml (gadopentetic acid) ขนาด 10 ml ขวดละไม่เกิน 631.30 บาท (ราคารวมภาษีมูลค่าเพิ่ม)
3. ราคายา Meglumine gadopentetate ความแรง 469 mg/ml (gadopentetic acid) ขนาด 15 ml ขวดละไม่เกิน 909.50 บาท (ราคารวมภาษีมูลค่าเพิ่ม)
ราคายาในข้อที่ 2 และ 3 กำหนดยืนราคา 730 วัน  นับจากวันถัดจากวันประกาศในราชกิจจานุเบกษา เงื่อนไขและรายละเอียดอื่นๆ ให้ดูตามแบบเสนอยาในเว็บไซต์ www.nlem.in.th",บัญชียาหลักแห่งชาติ พ.ศ. 2558,http://drug.fda.moph.go.th:81/nlem.in.th/medicine/essential/list,กลุ่มนโยบายแห่งชาติด้านยา สำนักยา กระทรวงสาธารณสุข
Meglumine gadoterate,,"sterile sol (เฉพาะ 377 mg/ml of gadoteric acid), (10 ml, 15 ml)",,ง,ยาโรคเฉพาะทาง,ใช้กับโรคเฉพาะ ตามแนวทางการรักษา,🟣,Contrast media and Radiopharmaceuticals,Contrast media for magnetic resonance imaging  (MRI diagnostic agents),XXI,ปัจจัยที่ส่งผลต่อสุขภาพและการรับบริการ,,ใช้สำหรับ MRI,,"1.  ใช้สำหรับ creatinine clearance (GFR) อยู่ระหว่าง 30 - 60 ml/min/1.73 m2
2.  ราคายา Meglumine gadoterate  ความแรง 377 mg/ml (gadoteric acid) ขนาด 10 ml ขวดละไม่เกิน 684.80 บาท (ราคารวมภาษีมูลค่าเพิ่ม) 
3. ราคายา Meglumine gadoterate  ความแรง 377 mg/ml (gadoteric acid) ขนาด 15 ml ขวดละไม่เกิน 984.40 บาท (ราคารวมภาษีมูลค่าเพิ่ม) 
ราคายาในข้อที่ 2 และ 3 กำหนดยืนราคา 730 วัน  นับจากวันถัดจากวันประกาศในราชกิจจานุเบกษา เงื่อนไขและรายละเอียดอื่นๆ ให้ดูตามแบบเสนอยาในเว็บไซต์ www.nlem.in.th",บัญชียาหลักแห่งชาติ พ.ศ. 2558,http://drug.fda.moph.go.th:81/nlem.in.th/medicine/essential/list,กลุ่มนโยบายแห่งชาติด้านยา สำนักยา กระทรวงสาธารณสุข
Tc-99m dextran,,sterile sol for inj (hosp),,ง,ยาโรคเฉพาะทาง,ใช้กับโรคเฉพาะ ตามแนวทางการรักษา,🟣,Contrast media and Radiopharmaceuticals,Radiopharmaceuticals,XXI,ปัจจัยที่ส่งผลต่อสุขภาพและการรับบริการ,,ใช้เพื่อการตรวจวินิจฉัยโรคการอุดกั้นของระบบทางเดินน้ำเหลือง (lymphatic obstruction),,,บัญชียาหลักแห่งชาติ พ.ศ. 2558,http://drug.fda.moph.go.th:81/nlem.in.th/medicine/essential/list,กลุ่มนโยบายแห่งชาติด้านยา สำนักยา กระทรวงสาธารณสุข
Tc-99m diethylene triamine penta acetic acid,DTPA,"sterile sol for inj (hosp), aerosol for inhalation (hosp)",,ง,ยาโรคเฉพาะทาง,ใช้กับโรคเฉพาะ ตามแนวทางการรักษา,🟣,Contrast media and Radiopharmaceuticals,Radiopharmaceuticals,XXI,ปัจจัยที่ส่งผลต่อสุขภาพและการรับบริการ,,1. ใช้เพื่อการคำนวณหาค่า glomerular filtration rate (GFR) 2. ใช้เพื่อการตรวจวินิจฉัยโรคทางเดินหายใจ (ventilation lung scan),,,บัญชียาหลักแห่งชาติ พ.ศ. 2558,http://drug.fda.moph.go.th:81/nlem.in.th/medicine/essential/list,กลุ่มนโยบายแห่งชาติด้านยา สำนักยา กระทรวงสาธารณสุข
Tc-99m dimercaptosuccinic acid,DMSA,sterile sol for inj (hosp),,ง,ยาโรคเฉพาะทาง,ใช้กับโรคเฉพาะ ตามแนวทางการรักษา,🟣,Contrast media and Radiopharmaceuticals,Radiopharmaceuticals,XXI,ปัจจัยที่ส่งผลต่อสุขภาพและการรับบริการ,,"1. ใช้เพื่อการตรวจวินิจฉัยโรคการอักเสบและแผลเป็นของเนื้อไต
2.  ใช้ประเมินการทำงานของไต",,,บัญชียาหลักแห่งชาติ พ.ศ. 2558,http://drug.fda.moph.go.th:81/nlem.in.th/medicine/essential/list,กลุ่มนโยบายแห่งชาติด้านยา สำนักยา กระทรวงสาธารณสุข
Tc-99m dimercaptosuccinic acid  V,DMSA [V],sterile sol for inj (hosp),,ง,ยาโรคเฉพาะทาง,ใช้กับโรคเฉพาะ ตามแนวทางการรักษา,🟣,Contrast media and Radiopharmaceuticals,Radiopharmaceuticals,XXI,ปัจจัยที่ส่งผลต่อสุขภาพและการรับบริการ,,ใช้เพื่อการตรวจวินิจฉัยโรค medullary thyroid cancer,,,บัญชียาหลักแห่งชาติ พ.ศ. 2558,http://drug.fda.moph.go.th:81/nlem.in.th/medicine/essential/list,กลุ่มนโยบายแห่งชาติด้านยา สำนักยา กระทรวงสาธารณสุข
Tc-99m iminodiacetic acid,IDA,sterile sol for inj (hosp),,ง,ยาโรคเฉพาะทาง,ใช้กับโรคเฉพาะ ตามแนวทางการรักษา,🟣,Contrast media and Radiopharmaceuticals,Radiopharmaceuticals,XXI,ปัจจัยที่ส่งผลต่อสุขภาพและการรับบริการ,,ใช้เพื่อการตรวจวินิจฉัยโรคทางเดินน้ำดี,,,บัญชียาหลักแห่งชาติ พ.ศ. 2558,http://drug.fda.moph.go.th:81/nlem.in.th/medicine/essential/list,กลุ่มนโยบายแห่งชาติด้านยา สำนักยา กระทรวงสาธารณสุข
Tc-99m methylene diphosphonate,MDP,sterile sol for inj (hosp),,ง,ยาโรคเฉพาะทาง,ใช้กับโรคเฉพาะ ตามแนวทางการรักษา,🟣,Contrast media and Radiopharmaceuticals,Radiopharmaceuticals,XXI,ปัจจัยที่ส่งผลต่อสุขภาพและการรับบริการ,,ใช้เพื่อการตรวจวินิจฉัยโรคกระดูกและข้อ,,,บัญชียาหลักแห่งชาติ พ.ศ. 2558,http://drug.fda.moph.go.th:81/nlem.in.th/medicine/essential/list,กลุ่มนโยบายแห่งชาติด้านยา สำนักยา กระทรวงสาธารณสุข
Tc-99m phytate,,sterile sol for inj (hosp),,ง,ยาโรคเฉพาะทาง,ใช้กับโรคเฉพาะ ตามแนวทางการรักษา,🟣,Contrast media and Radiopharmaceuticals,Radiopharmaceuticals,XXI,ปัจจัยที่ส่งผลต่อสุขภาพและการรับบริการ,,ใช้เพื่อการตรวจวินิจฉัยโรคตับและม้าม,,,บัญชียาหลักแห่งชาติ พ.ศ. 2558,http://drug.fda.moph.go.th:81/nlem.in.th/medicine/essential/list,กลุ่มนโยบายแห่งชาติด้านยา สำนักยา กระทรวงสาธารณสุข
Tc-99m sulfur colloid,,sterile sol for inj (hosp),,ง,ยาโรคเฉพาะทาง,ใช้กับโรคเฉพาะ ตามแนวทางการรักษา,🟣,Contrast media and Radiopharmaceuticals,Radiopharmaceuticals,XXI,ปัจจัยที่ส่งผลต่อสุขภาพและการรับบริการ,,ใช้เพื่อการตรวจวินิจฉัยโรค reticuloendothelial system,,,บัญชียาหลักแห่งชาติ พ.ศ. 2558,http://drug.fda.moph.go.th:81/nlem.in.th/medicine/essential/list,กลุ่มนโยบายแห่งชาติด้านยา สำนักยา กระทรวงสาธารณสุข
