รหัสเขตสุขภาพ,จังหวัด,ชื่อโรงพยาบาล,ชื่อ_รพ_ภาษาอังกฤษ,รหัส H Code,สังกัด,ชนิด รพ.,จำนวนเตียงที่ขอ,จำนวนเตียงเปิดจริง,สถานะ,สถานะการขอรับรอง,ระยะทางห่างจากอ.เมือง,ความเชี่ยวชาญพิเศษ,ประชากรที่รับผิดชอบ,จำนวนผู้รับบริการ,จำนวนผู้ป่วยนอก,จำนวนผู้ป่วยใน,อัตราการครองเตียง,วันนอนเฉลี่ยต่อคน,กลุ่มผู้ป่วยโรคสำคัญ
9,ชัยภูมิ,โรงพยาบาลซับใหญ่,SUBYAI HOSPITAL,4007,สำนักงานปลัดกระทรวงสาธารณสุข (สป.สธ.),โรงพยาบาลชุมชน(รพช.),10,5,TRUE,NULL,NULL,NULL,NULL,NULL,NULL,NULL,NULL,NULL,NULL
4,พระนครศรีอยุธยา,โรงพยาบาลพระนครศรีอยุธยา,PHRA NAKHON SI AYUTTHAYA HOSPITAL,10660,สำนักงานปลัดกระทรวงสาธารณสุข (สป.สธ.),โรงพยาบาลศูนย์(รพศ.),524,524,TRUE,จัดทำใบประกาศนียบัตร,NULL,NULL,NULL,NULL,NULL,NULL,NULL,NULL,NULL
4,สระบุรี,โรงพยาบาลสระบุรี,SARABURI HOSPITAL,10661,สำนักงานปลัดกระทรวงสาธารณสุข (สป.สธ.),โรงพยาบาลศูนย์(รพศ.),680,700,TRUE,NULL,0,ความเชี่ยวชาญพิเศษ,0,0,0,0,0,0,โรคสำคัญ
6,ชลบุรี,โรงพยาบาลชลบุรี,CHONBURI HOSPITAL,10662,สำนักงานปลัดกระทรวงสาธารณสุข (สป.สธ.),โรงพยาบาลศูนย์(รพศ.),832,850,TRUE,เขียนรายงาน,NULL,NULL,NULL,NULL,NULL,NULL,NULL,NULL,NULL
6,ระยอง,โรงพยาบาลระยอง,RAYONG HOSPITAL,10663,สำนักงานปลัดกระทรวงสาธารณสุข (สป.สธ.),โรงพยาบาลศูนย์(รพศ.),600,620,TRUE,อยู่ระหว่างต่ออายุ,0,การบริการทางการแพทย์ด้านตติยภูมิ การบริการด้านอาชีวเวชศาตร์  และระบบการจัดการภาวะฉุกเฉิน  ,283381,ปี 2563 (635000),639439,42702,102,5,"Sepsis,Stroke,AMI,Trumatic Brain Injury,PIH,Abdominal injuryPPHN,PE,Diabetic retinopathy,Occupational Noise Induced Hearing loss"
6,จันทบุรี,โรงพยาบาลพระปกเกล้า,PRAPOKKLAO HOSPITAL,10664,สำนักงานปลัดกระทรวงสาธารณสุข (สป.สธ.),โรงพยาบาลศูนย์(รพศ.),755,840,TRUE,NULL,NULL,NULL,NULL,NULL,NULL,NULL,NULL,NULL,NULL
6,ปราจีนบุรี,โรงพยาบาลเจ้าพระยาอภัยภูเบศร,CHAOPHYA ABHAI BHUBEJHR HOSPITAL ,10665,สำนักงานปลัดกระทรวงสาธารณสุข (สป.สธ.),โรงพยาบาลศูนย์(รพศ.),650,500,TRUE,NULL,0,"<br />1.	การดูแลผู้ป่วยโรคหัวใจโดยการสวนหัวใจและหลอดเลือด<br />2.	การดูแลโรคหลอดเลือดสมองแบบครบวงจร รวมถึงการการดูแลแบบผสมผสานกับการแพทย์แผนไทย<br />3.	การดูแลโรคระบบทางเดินหายใจที่มีภาวะการหายใจล้มเหลว (Respiratory Failure)<br />4.	การดูแลผู้ป่วยวิกฤตและผู้ป่วยฉุกเฉินแบบครบวงจร<br />5.	การดูแลทารกแรกเกิดที่มีน้ำหนักน้อยและมีภาวะแทรกซ้อน<br />6.	การดูแลผู้ป่วยโดยใช้การแพทย์แผนไทย สมุนไพร และการแพทย์ผสมผสาน<br />7.	การดูแลผู้ป่วยผ่าตัดแบบวันเดียวกลับ (One Day Surgery : ODS) และ minimal invasive surgery (MIS)",235215,ปี 2564 (เดือนตุลาคม 2563 - กันยายน 2564),590111,34960,121.89,220216,"1. DM/HT   <br />2. STEMI  <br />3. Stroke (Ischemic and Hemorrhagic Stroke)  <br />4. Sepsis  <br />5. Pneumonia  <br />6. Cancer <br />7. Very Low Birth Weight : PPHN, RDS  <br />8. Traumatic Brain Injury <br />9. COVID-19"
9,นครราชสีมา,โรงพยาบาลมหาราชนครราชสีมา,MAHARAT NAKHON RATCHASIMA HOSPITAL,10666,สำนักงานปลัดกระทรวงสาธารณสุข (สป.สธ.),โรงพยาบาลศูนย์(รพศ.),1300,1300,TRUE,จัดทำใบประกาศนียบัตร,NULL,NULL,NULL,NULL,NULL,NULL,NULL,NULL,NULL
9,บุรีรัมย์,โรงพยาบาลบุรีรัมย์,BURIRAM HOSPITAL,10667,สำนักงานปลัดกระทรวงสาธารณสุข (สป.สธ.),โรงพยาบาลศูนย์(รพศ.),625,887,TRUE,เขียนรายงาน,NULL,NULL,NULL,NULL,NULL,NULL,NULL,NULL,NULL
9,สุรินทร์,โรงพยาบาลสุรินทร์,SURIN HOPITAL,10668,สำนักงานปลัดกระทรวงสาธารณสุข (สป.สธ.),โรงพยาบาลศูนย์(รพศ.),914,914,TRUE,เขียนรายงาน,0,ให้บริการ Excellence Center 5 สาขา ได้แก่ สาขาอุบัติเหตุและฉุกเฉิน สาขาโรคมะเร็ง สาขาหัวใจ สาขาทารกแรกเกิด สาขาปลูกถ่ายอวัยวะ,262577,2564 (ตุลาคม 2563-พฤษภาคม 2564),405807,39465,87.66,4.93,"1. กลุ่มผู้ป่วยวิกฤตฉุกเฉิน ได้แก่ Stroke, STEMI, Trauma, Sepsis<br />2. กลุ่มผู้ป่วยโรคเรื้อรัง ได้แก่ DM, HT, CKD<br />3. กลุ่มมารดาและทารก"
10,อุบลราชธานี,โรงพยาบาลสรรพสิทธิประสงค์,SUNPASITTHIPRASONG HOSPITAL,10669,สำนักงานปลัดกระทรวงสาธารณสุข (สป.สธ.),โรงพยาบาลศูนย์(รพศ.),1118,1300,TRUE,เขียนรายงาน,NULL,NULL,NULL,NULL,NULL,NULL,NULL,NULL,NULL
7,ขอนแก่น,โรงพยาบาลขอนแก่น,KHONKAEN HOSPITAL,10670,สำนักงานปลัดกระทรวงสาธารณสุข (สป.สธ.),โรงพยาบาลศูนย์(รพศ.),1000,1000,TRUE,NULL,NULL,NULL,NULL,NULL,NULL,NULL,NULL,NULL,NULL
8,อุดรธานี,โรงพยาบาลอุดรธานี,UDONTHANI HOSPITAL,10671,สำนักงานปลัดกระทรวงสาธารณสุข (สป.สธ.),โรงพยาบาลศูนย์(รพศ.),1100,1134,TRUE,NULL,0,"1. excellent center : cardiac, trauma, cancer, newborn, transplant<br />2. surgery : cardiac and thoracic surgery, spine surgery, neuro surgery, minimal invasive surgery, laparoscopic surgery, burn unit<br />3. rehabilitation : กายอุปกรณ์",157531,ปี 2564 (1 ตุลาคม 2563 - 31 มีนาคม 2564),450907,403450,89.73,4.97,"1. high risk : stroke, STEMI, sepsis, pneumonia, trauma, high risk pregnancy, VLBW<br />2. high volumn : NCD, CKD, thalassemia, cataract, appendicitis<br />3. high cost : AAA surgery, knee/hip replacement, spine surgery<br />4. new evidence/ technology : minimal invasive surgery, laparoscopic surgery<br />5. complex care : sepsis, trauma, cancer, transplant"
1,ลำปาง,โรงพยาบาลลำปาง,LAMPANG HOSPITAL,10672,สำนักงานปลัดกระทรวงสาธารณสุข (สป.สธ.),โรงพยาบาลศูนย์(รพศ.),800,810,TRUE,NULL,49,การให้บริการทางการแพทย์ระดับทุติยภูมิ ตติยภูมิระดับกลาง ความสัมพัน์กับภาคีเครือข่ายแข้มแข็ง,131196,จำนวนผู้รับบริการ ปี 2563 (เดือนตุลาคม 2562–เดือนมิถุนายน 2563),176251,9572,66.53,3.79,"กลุ่มผู้ป่วยโรคสำคัญ คือ 1) กลุ่มโรคสำคัญ: Sepsis stemi Stroke,Rupture Appendicitis, TBI, Chest  injury, PIH, Ectopic Pregnancy, Birth asphyxia, neonatal sepsis, # femer, failed implant 2) โรคเรื้อรังที่เป็นปัญหาได้แก่ DM, HT, CKD 3) โรคที่ต้องเฝ้าระวังได้แก่ DHF, TB, HIV เชื้อดื้อยา 4) ภัยสุขภาพ : จมน้ำ อุบัติเหตุจราจร"
2,อุตรดิตถ์,โรงพยาบาลอุตรดิตถ์,UTTARADIT HOSPITAL,10673,สำนักงานปลัดกระทรวงสาธารณสุข (สป.สธ.),โรงพยาบาลศูนย์(รพศ.),620,655,TRUE,รอการจัดเยี่ยมสำรวจ,NULL,NULL,NULL,NULL,NULL,NULL,NULL,NULL,NULL
1,เชียงราย,โรงพยาบาลเชียงรายประชานุเคราะห์,CHIANGRAI PRACHANUKROH HOSPITAL,10674,สำนักงานปลัดกระทรวงสาธารณสุข (สป.สธ.),โรงพยาบาลศูนย์(รพศ.),756,758,TRUE,เขียนรายงาน,0,- โรงพยาบาลตติยภูมิ ระดับ A ให้บริการ ส่งเสริม ป้องกัน รักษา ฟื้นฟูสภาพผู้ป่วยทุกสาขา ในโรงพยาบาลและหน่วยบริการปฐมภูมิ (PCU)<br />- ดูแลรักษาผู้ป่วยที่ส่งต่อมาจากโรงพยาบาลในเขตสุขภาพล้านนา 3 (เชียงราย–พะเยา) อำเภอฝาง อำเภอไชยปราการ และอำเภอแม่อาย จังหวัดเชียงใหม่ <br />- เป็นสถาบันผลิตแพทย์ระดับปริญญาในโครงการผลิตแพทย์เพื่อชาวชนบท (Undergraduate)/ สถาบันหลัก/สมทบในการฝึกอบรมแพทย์ประจำบ้านของแพทยสภา (Postgraduate) สถานฝึกปฏิบัติงานของนักศึกษาพยาบาล  และนักศึกษาสาขาต่างๆ,1282544,"ปี 2564 (844,676)",784032,60644,98.02,4.54,"- กลุ่มโรคเรื้อรัง เช่น DM, Hypertension, CKD ที่ต้องรับยาต่อเนื่อง<br />- กลุ่มโรคติดเชื้อ AIDS, TB , Sepsis<br />- กลุ่มโรคจิตเวช<br />- กลุ่มค่าใช้จ่ายสูง เช่น เชื้อดื้อยา<br />- อุบัติเหตุและฉุกเฉิน<br />- กลุ่มโรคผู้ป่วยแม่และเด็ก (PPH, PIH, Teenage pregnancy)<br />- กลุ่มอาการและโรคเนื่องจากฝุ่นควัน<br />- โรคอุบัติใหม่ อุบัติซ้ำ <br />- กลุ่มโรคระบาดตามฤดูกาลในท้องถิ่น เช่น ไข้เลือดออก ไข้หวัดใหญ่ โรคมือเท้าปาก<br />- มะเร็งระบบต่างๆ"
3,นครสวรรค์,โรงพยาบาลสวรรค์ประชารักษ์,SAWANPRACHARAK HOSPITAL,10675,สำนักงานปลัดกระทรวงสาธารณสุข (สป.สธ.),โรงพยาบาลศูนย์(รพศ.),700,700,TRUE,NULL,1,• มีสมรรถนะในด้านบริการระดับตติยภูมิครอบคลุมทุกสาขา และความเชี่ยวชาญระดับสูง 5สาขา ได้แก่ สาขาอุบัติเหตุ สาขามะเร็ง สาขาหัวใจ สาขาทารกแรกเกิด และสาขารับบริจาคและปลูกถ่ายอวัยวะของเขตสุขภาพที่ 3<br />• มีความเชี่ยวชาญในการผ่าตัดและรักษาโรคแบบ Minimal Invasive surgery <br />• มีสมรรถนะด้านการบริหารจัดการและพัฒนาระบบบริการปฐมภูมิเชื่อมโยงกับระดับทุติยภูมิตติยภูมิในเครือข่ายบริการโดยเฉพาะการดูแลโรคไม่ติดต่อเรื้อรัง(NCD) แบบองค์รวม<br />• มีสมรรถนะด้านการศึกษาวิจัย การเรียนรู้ สร้างนวัตกรรม ทางด้านสาธารณสุข และถ่ายทอดองค์ความรู้ด้านการส่งเสริมสุขภาพ ควบคุมป้องกันโรค รักษาพยาบาล และฟื้นฟูสภาพ แก่บุคลากรทางการแพทย์สาธารณสุขและประชาชน<br />• มีสมรรถนะด้านการเรียนการสอนโดยเป็นสถาบันฝึกอบรมแพทย์ประจำบ้าน ผลิตบัณฑิตแพทย์และบุคลากรสาธารณสุขหลายสาขา    ,1040308,"ปี 2564 (ต.ค.63-ก.ย.64) 632,516 คน",489086,49529,102.82,5.3,5 อันดับโรคผู้ป่วยนอกปีงบ 2564<br />1.Hypertension (ความดันโลหิตสูง) <br />จำนวน 15603 ร้อยละ 3.19<br />2.Diabetes mellitus  (เบาหวาน)   <br />จำนวน 8772 ร้อยละ 1.79<br />3.Renal failure (ไตวาย) <br />จำนวน 5270 ร้อยละ 1.08<br />4.Dyspepsia  (อาหารไม่ย่อย) <br />จำนวน 3492 ร้อยละ 0.71<br />5. Ischemic heart disease(หัวใจขาดเลือด)<br />จำนวน 2955 ร้อยละ 0.60<br /><br />5 อันดับโรคผู้ป่วยใน (เฉพาะโรคหลัก)<br />1.Pneumonia (ปอดบวม)<br />จำนวน 2672 ร้อยละ 5.39<br />2.CVA (โรคหลอดเลือดสมอง) <br />จำนวน 2298 ร้อยละ 4.64<br />3.Senile cataract (ต้อกระจกในผู้สูงอายุ) <br />จำนวน 1387 ร้อยละ 2.80<br />4.Intracranial injury (บาดเจ็บในกระโหลกศรีษะ) <br />จำนวน 1252 ร้อยละ 2.53<br />5. Acute pharyngitis  (คอหอยอักเสบเฉียบพลัน) <br />จำนวน 914 ร้อยละ 1.85<br /><br />5 อันดับโรคผู้ป่วยใน (โรคหลักและโรคร่วม)<br />1. Hypertension (ความดันโลหิตสูง)<br />จำนวน 12030 ร้อยละ 24.29<br />2.Hypokalemia  (ขาดโพแทสเซียม)<br />จำนวน 7417 ร้อยละ 14.98<br />3.Diabetes mellitus  (เบาหวาน)<br />จำนวน 6742 ร้อยละ 13.61<br />4.Renal failure (ไตวาย)<br />จำนวน 6185 ร้อยละ 12.49<br />5.Anemia  (เลือดจาง)<br />จำนวน 5384 ร้อยละ 10.87
2,พิษณุโลก,โรงพยาบาลพุทธชินราช พิษณุโลก,BUDDHACHINARAJ  PHITSANULOK  HOSPITAL,10676,สำนักงานปลัดกระทรวงสาธารณสุข (สป.สธ.),โรงพยาบาลศูนย์(รพศ.),1000,1179,TRUE,รอการจัดเยี่ยมสำรวจ,0,ศูนย์เชี่ยวชาญและเชี่ยวชาญระดับสูง และเป็นศูนย์ฝึกอบรมบุคลากรทางการแพทย์,268161,ปี 2564 (ต.ค. 63-ก.ย. 64),756131,57656,91,6.1,1. โรคหัวใจและหลอดเลือดสมอง<br />2. โรคมะเร็ง<br />3. Severe multiple trauma<br />4. Traumatic brain injury<br />5. Severe sepsis<br />6. โรคของมารดาและทารก<br />7. Organ failure
5,ราชบุรี,โรงพยาบาลราชบุรี,RATCHABURI HOSPITAL,10677,สำนักงานปลัดกระทรวงสาธารณสุข (สป.สธ.),โรงพยาบาลศูนย์(รพศ.),855,855,TRUE,รอการจัดเยี่ยมสำรวจ,NULL,NULL,NULL,NULL,NULL,NULL,NULL,NULL,NULL
5,สุพรรณบุรี,โรงพยาบาลเจ้าพระยายมราช,CHAOPHRAYA YOMMARAT HOSPITAL,10678,สำนักงานปลัดกระทรวงสาธารณสุข (สป.สธ.),โรงพยาบาลศูนย์(รพศ.),680,706,TRUE,NULL,0,"1. มีความสามารถให้บริการตติยภูมิระดับสูงทุกสาขา โดยเฉพาะในสาขาหัวใจ ทารกแรกเกิด      การบาดเจ็บและภาวะฉุกเฉิน มะเร็ง Stroke Sepsis ผ่าตัดส่องกล้อง และทันตกรรม และการดูแลรักษาผู้ป่วยโควิด19 ที่มีอาการรุนแรง<br />2. มีความสามารถจัดบริการสุขภาพปฐมภูมิตามหลักเวชศาสตร์ครอบครัวที่เชื่อมโยง<br />บริการระดับทุติยภูมิและตติยภูมิอย่างเป็นรูปธรรม	<br />3. มีความสามารถด้านการจัดการเรียนการสอนในการร่วมผลิตแพทย์และฝึกอบรมบุคลากรทางการแพทย์เป็นเลิศ <br />",88560,ปี 2564,813697,40293,93.14,5.74,COVID-19<br />ปอดบวม<br />STEMI<br />Stroke<br />Sepsis<br />Traumatic Brain Injury<br />Multiple Trauma<br />DHF<br />Birth Asphyxia<br />มะเร็งลำใส้<br />
5,นครปฐม,โรงพยาบาลนครปฐม,NAKHONPATHOM HOSPITAL,10679,สำนักงานปลัดกระทรวงสาธารณสุข (สป.สธ.),โรงพยาบาลศูนย์(รพศ.),722,860,TRUE,จัดทำใบประกาศนียบัตร,0,1. ทีมนำองค์กรมีวิสัยทัศน์ชัดเจน และบุคลากรมีค่านิยมร่วมกัน<br />2. ศูนย์บริการทางการแพทย์เฉพาะทาง (Excellent Center of Cardio and Vascular Intervention)<br />3. โรงพยาบาลรัฐระดับตติยภูมิในเขตปริมณฑลที่บุคลากรทางการแพทย์มีทักษะและความเชี่ยวชาญ<br />4. สถาบันฝึกอบรมและถ่ายทอดความรู้ด้านวิทยาศาสตร์สุขภาพ มุ่งเน้นการพัฒนาบุคลากรทางวิชาการงานวิจัยและนวตกรรม,0,2563,901155,47259,92.42,5.15,1. หัวใจ<br />2. อุบัติเหตุ<br />3. ปลูกถ่ายอวัยวะ<br />4. มะเร็ง<br />5. ทารกแรกเกิด <br />6. Maxilofacial<br />7. นิติเวชวิทยา
11,นครศรีธรรมราช,โรงพยาบาลมหาราชนครศรีธรรมราช,MAHARAJ NAKHON SI THAMMARAT HOSPITAL,10680,สำนักงานปลัดกระทรวงสาธารณสุข (สป.สธ.),โรงพยาบาลศูนย์(รพศ.),863,756,TRUE,NULL,0,1.เป็นศูนย์ความเชี่ยวชาญ สาขาอุบัติเหตุ สาขาทารกแรกเกิด สาขาโรคหัวใจและหลอดเลือด  สาขามะเร็ง <br />2.บริการระดับตติยภูมิ ครอบคลุมทุกสาขาโรคหลัก <br />3.เป็นศูนย์แพทยศาสตรศึกษาชั้นคลินิก และเป็นสถาบันฝึกอบรมบุคลากรทางการแพทย์<br />,179139,"551,740 (ตุลาคม 2563 - มิถุนายน 2564)",5092268,42514,103.86,5.06,"PCT สูตินรีเวชกรรมได้แก่<br />1.Preterm Labor<br />2. Postpartum Hemorrhage<br />3. Gestational Diabetic Mellitus<br />4. Palliative care ในมะเร็งทางนรีเวช<br /><br />PCT ศัลยกรรม ได้แก่<br />1.  Severe head injury, Multiple injury<br />2. Open heart surgery<br />3. Breast cancer, Colorectal cancer, CA Prostate<br />4.Laparoscopic cholecystectomy, Colectomy, Wound care, Acute Appendicitis in children<br /><br />PCT อายุรกรรม ได้แก่<br />1. โรคหัวใจ<br />2. โรคหลอดเลือดสมอง<br />3. โรคไต<br />4. Sepsis <br />5. วัณโรค ผู้ป่วยติดเชื้อเอสไอวี/เอดส์<br /><br />PCT กุมารเวชกรรม ได้แก่<br />- Preterm  - Asphyxia  - PPHN  - Sepsis  - Dengue infection  - Asthma<br />- Pediatric cancer  - Global delay development<br /><br />PCT ออร์โธปิดิกส์ ได้แก่<br />Spine surgery<br />2. ACL injury<br />3. Hip and knee arthroplasty<br />4. Open fracture long bone<br /><br />PCT จักษุวิืยา ได้แก่<br />การดูแลรักษาผู้ป่วยอุบัติเหตุทางตา<br /><br />PCT โสต ศอ นาสิก ได้แก่<br />การดูแลรักษาผู้ป่วยมะเร็งหู คอ จมูก และ palliative care <br /><br /><br />                     <br />"
11,สุราษฎร์ธานี,โรงพยาบาลสุราษฎร์ธานี,SURATTHANI HOSPITAL,10681,สำนักงานปลัดกระทรวงสาธารณสุข (สป.สธ.),โรงพยาบาลศูนย์(รพศ.),500,811,TRUE,เขียนรายงาน,NULL,NULL,NULL,NULL,NULL,NULL,NULL,NULL,NULL
12,สงขลา,โรงพยาบาลหาดใหญ่,HATYAI HOSPITAL,10682,สำนักงานปลัดกระทรวงสาธารณสุข (สป.สธ.),โรงพยาบาลศูนย์(รพศ.),700,759,TRUE,(คณะอนุกรรมการ)พิจารณารับรอง,NULL,NULL,NULL,NULL,NULL,NULL,NULL,NULL,NULL
12,ตรัง,โรงพยาบาลตรัง,TRANG  HOSPITAL,10683,สำนักงานปลัดกระทรวงสาธารณสุข (สป.สธ.),โรงพยาบาลศูนย์(รพศ.),555,553,TRUE,จัดทำใบประกาศนียบัตร,1,"การให้บริการด้านตติยภูมิด้านอุบัติเหตุ โรคหัวใจ(PCI,CABG) มะเร็ง(CA Colon, CA breast, Head and neck cancer, ศูนย์เคมีบำบัด) และ Newborn(NICU,UNHS, referral centre for neuro-otology) รังสีร่วมรักษา(Neuro-intervention) การผ่าตัดกระดูกสันหลัง(spine orthopedist and spine neurosurgeom) การฟอกไต การตรวจการนอนหลับ การผ่าตัดฝังประสาทหูเทียม อายุรศาสตร์โลหิตวิทยา ศัลยกรรมตกแต่ง การดูแลผู้ป่วยไฟไหม้ เวชบำบัดวิกฤต จิตเวชเด็กและวัยรุ่น",643116,ปี 2565 (เดือนตุลาคม 2564 - เดือนธันวาคม 2564),122330,14418,79.95,6.66,โรคที่พบบ่อยของผู้ป่วยนอก คือ <br />1) Hypertension (ความดันโลหิตสูง) 2) Dyslipidemia (ไขมันในเลือดผิดปกติ ) 3) Diabetes mellitus (เบาหวาน)  4) Chronic kidney disease ( โรคไต ) 5) Acute nasopharyngitis (Common cold) ( ไข้หวัด ) <br />โรคที่พบบ่อยของผู้ป่วยใน คือ                           <br />1) Cerebral infarction (เนื้อสมองตายจากขาดเลือด) 2) Other gastroenteritis and colitis of infectious and unspecified origin 3) Pneumonia (ปอดบวม) 4) Senile cataract(ต้อกระจกที่เกิดในผู้สูงอายุ) 5) Appendicitis (โรคของไส้ติ่ง) <br />สาเหตุการเสียชีวิตของผู้ป่วยในที่พบบ่อย คือ <br />1. Motorcycle rider injured in transport accident (อุบัติเหตุจากรถมอเตอร์ไซด์) 2. Pneumonia(ปอดบวม) 3)  Intracerebral hemorrhage (nontraumatic) (เลือดออกในสมองใหญ่) 4) Diabetes mellitus (เบาหวาน) 5) Acute  myocardial infarction (กล้ามเนื้อหัวใจตายเฉียบพลัน)
12,ยะลา,โรงพยาบาลยะลา,YALA HOSPITAL,10684,สำนักงานปลัดกระทรวงสาธารณสุข (สป.สธ.),โรงพยาบาลศูนย์(รพศ.),527,458,TRUE,รอเข้าคณะอนุกรรมการพิจารณา,NULL,NULL,NULL,NULL,NULL,NULL,NULL,NULL,NULL
6,สมุทรปราการ,โรงพยาบาลสมุทรปราการ,SAMUTPRAKAN HOSPITAL,10685,สำนักงานปลัดกระทรวงสาธารณสุข (สป.สธ.),โรงพยาบาลศูนย์(รพศ.),415,600,TRUE,NULL,NULL,NULL,NULL,NULL,NULL,NULL,NULL,NULL,NULL
4,นนทบุรี,โรงพยาบาลพระนั่งเกล้า,PRANANGKLAO HOSPITAL,10686,สำนักงานปลัดกระทรวงสาธารณสุข (สป.สธ.),โรงพยาบาลศูนย์(รพศ.),610,620,TRUE,NULL,NULL,NULL,NULL,NULL,NULL,NULL,NULL,NULL,NULL
4,ปทุมธานี,โรงพยาบาลปทุมธานี,PATHUMTHANI HOSPITAL,10687,สำนักงานปลัดกระทรวงสาธารณสุข (สป.สธ.),โรงพยาบาลทั่วไป(รพท.),377,377,TRUE,NULL,NULL,NULL,NULL,NULL,NULL,NULL,NULL,NULL,NULL
4,พระนครศรีอยุธยา,โรงพยาบาลเสนา,SENA HOSPITAL,10688,สำนักงานปลัดกระทรวงสาธารณสุข (สป.สธ.),โรงพยาบาลทั่วไป(รพท.),208,208,TRUE,ยืนยันการเยี่ยม,20,"มีแพทย์ Neuro med, ศัลยกรรมกระดูกและข้อ จบ Fellow ด้าน เข่า, Spine และ Sport<br />บริการสาขารอง ได้แก่ จักษุ (มีแพทย์เฉพาะทางผ่าตัด Glaucoma) หูคอจมูก  แพทย์ทางเลือก (แผนไทย,แผนจีน) มีเครื่องไตเทียม และเครื่อง CT Scan (ระบบเช่า) มีสัมพันธภาพที่ดีกับชุมชน<br />LAB: ตรวจ PCR ได้เอง (เปิดให้บริการ กย.64)",208939,257178,257178,13933,119.64,6.52,"""Community based: NCD (DM, HT)<br />Hospital Based: MI, Stroke, Sepsis, Pneumonia<br />โรคระบาด: Covid 19""<br />"
4,อ่างทอง,โรงพยาบาลอ่างทอง,ANGTHONG HOSPITAL,10689,สำนักงานปลัดกระทรวงสาธารณสุข (สป.สธ.),โรงพยาบาลทั่วไป(รพท.),324,324,TRUE,NULL,NULL,NULL,NULL,NULL,NULL,NULL,NULL,NULL,NULL
4,ลพบุรี,โรงพยาบาลพระนารายณ์มหาราช,KING NARAI HOSPITAL,10690,สำนักงานปลัดกระทรวงสาธารณสุข (สป.สธ.),โรงพยาบาลทั่วไป(รพท.),536,548,TRUE,NULL,NULL,NULL,NULL,NULL,NULL,NULL,NULL,NULL,NULL
4,ลพบุรี,โรงพยาบาลบ้านหมี่,BANMI HOSPITAL,10691,สำนักงานปลัดกระทรวงสาธารณสุข (สป.สธ.),โรงพยาบาลทั่วไป(รพท.),258,258,TRUE,NULL,NULL,NULL,NULL,NULL,NULL,NULL,NULL,NULL,NULL
4,สิงห์บุรี,โรงพยาบาลสิงห์บุรี,SINGBURI HOSPITAL,10692,สำนักงานปลัดกระทรวงสาธารณสุข (สป.สธ.),โรงพยาบาลทั่วไป(รพท.),282,282,TRUE,NULL,0,"การดูแลผู้ป่วยไตวายเรื้อรัง, การดูแลผู้ป่วยโรคหลอดเลือดสมอง(stroke)",54549,ปี 2563 (เดือนตุลาคม 2562 - เดือนกันยายน 2563),302396,22895,72.15,203,1. Hypertension  2. Diabetes mellitus   3. Chronic kidney disease  
4,สิงห์บุรี,โรงพยาบาลอินทร์บุรี,INBURI HOSPITAL,10693,สำนักงานปลัดกระทรวงสาธารณสุข (สป.สธ.),โรงพยาบาลทั่วไป(รพท.),254,180,TRUE,NULL,NULL,NULL,NULL,NULL,NULL,NULL,NULL,NULL,NULL
3,ชัยนาท,โรงพยาบาลชัยนาทนเรนทร,JAINADNARENDRA HOSPITAL,10694,สำนักงานปลัดกระทรวงสาธารณสุข (สป.สธ.),โรงพยาบาลทั่วไป(รพท.),348,353,TRUE,NULL,NULL,NULL,NULL,NULL,NULL,NULL,NULL,NULL,NULL
4,สระบุรี,โรงพยาบาลพระพุทธบาท,PHRAPHUTTHABAT HOSPITAL,10695,สำนักงานปลัดกระทรวงสาธารณสุข (สป.สธ.),โรงพยาบาลทั่วไป(รพท.),315,315,TRUE,รอการจัดเยี่ยมสำรวจ,27,-,148379,ปี 2563,319632,16404,81,6,-
6,ตราด,โรงพยาบาลตราด,TRAT HOSPITAL,10696,สำนักงานปลัดกระทรวงสาธารณสุข (สป.สธ.),โรงพยาบาลทั่วไป(รพท.),340,358,TRUE,จัดทำใบประกาศนียบัตร,NULL,NULL,NULL,NULL,NULL,NULL,NULL,NULL,NULL
6,ฉะเชิงเทรา,โรงพยาบาลพุทธโสธร,BUDDHASOTHORN HOSPITAL,10697,สำนักงานปลัดกระทรวงสาธารณสุข (สป.สธ.),โรงพยาบาลศูนย์(รพศ.),561,585,TRUE,NULL,NULL,NULL,NULL,NULL,NULL,NULL,NULL,NULL,NULL
4,นครนายก,โรงพยาบาลนครนายก,NAKHON NAYOK HOSPITAL,10698,สำนักงานปลัดกระทรวงสาธารณสุข (สป.สธ.),โรงพยาบาลทั่วไป(รพท.),360,314,TRUE,NULL,1,test,100000,2561,100000,50000,97,0,test
6,สระแก้ว,โรงพยาบาลสมเด็จพระยุพราชสระแก้ว,SAKAEO CROWN PRINCE HOSPITAL,10699,สำนักงานปลัดกระทรวงสาธารณสุข (สป.สธ.),โรงพยาบาลทั่วไป(รพท.),400,408,TRUE,NULL,550,1. มีสมรรถนะในการให้บริการดูแลผู้ป่วยโรคเรื้อรังโดยทีมสหสาขาวิชาชีพและภาคีเครือข่าย<br />2. มีสมรรถนะในการให้บริการระดับปฐมภูมิที่เชื่อมโยงจากโรงพยาบาลสู่ชุมชน มีสัมพันธภาพที่ดีกับชุมชนและภาคีเครือข่าย<br />3. มีสมรรถนะในการดูแลผู้ป่วยเฉพาะทางในการดูแลผู้ป่วยซับซ้อนระดับตติยภูมิตามมาตรฐาน รพ.ระดับ S (Standard level)และมีเครื่องมือชั้นสูงในการตรวจวินิจฉัย และรักษา<br />4. มีสมรรถนะในการบริหารจัดการระบบการเฝ้าระวัง ป้องกันและควบคุมโรค<br />5. มีสมรรถนะการใช้เทคโนโลยีสารสนเทศและการสื่อสาร (Digital Literacy) ,560925,ปี 2563  จำนวน  448.781 คน,239255,25661,107.36,6.01,"กลุ่มผู้ป่วยฉุกเฉิน: Stroke, STEMI, Sepsis, Trauma, TBI, PIH, PPH<br />กลุ่มโรคเรื้อรัง:NCD, CKD, COPD<br />กลุ่มโรคติดเชื้อ: TB, HIV<br />กลุ่มโรคที่มีอัตราเสียชีวิตสูง: มะเร็ง, Stroke, STEMI<br />กลุ่มโรคระบาดตามฤดูกาลในท้องถิ่น: ไข้เลือดออก<br />กลุ่มโรคจากปัญหาสาธารณสุขชายแดน :TB, Covid-19<br />ภาวะเสี่ยงและคุกคามต่อสุขภาพ: teenage pragnency, อุบัติเหตุการจราจร จมน้ำ  "
10,ศรีสะเกษ,โรงพยาบาลศรีสะเกษ,SISAKET HOSPITAL,10700,สำนักงานปลัดกระทรวงสาธารณสุข (สป.สธ.),โรงพยาบาลศูนย์(รพศ.),788,974,TRUE,NULL,NULL,NULL,NULL,NULL,NULL,NULL,NULL,NULL,NULL
10,ยโสธร,โรงพยาบาลยโสธร,YASOTHON  HOSPITAL,10701,สำนักงานปลัดกระทรวงสาธารณสุข (สป.สธ.),โรงพยาบาลทั่วไป(รพท.),370,422,TRUE,(คณะอนุกรรมการ)พิจารณารับรอง,NULL,NULL,NULL,NULL,NULL,NULL,NULL,NULL,NULL
9,ชัยภูมิ,โรงพยาบาลชัยภูมิ,CHAIYAPHUM HOSPITAL,10702,สำนักงานปลัดกระทรวงสาธารณสุข (สป.สธ.),โรงพยาบาลทั่วไป(รพท.),600,736,TRUE,NULL,NULL,NULL,NULL,NULL,NULL,NULL,NULL,NULL,NULL
10,อำนาจเจริญ,โรงพยาบาลอำนาจเจริญ,AMNATCHAROEN HOSPITAL,10703,สำนักงานปลัดกระทรวงสาธารณสุข (สป.สธ.),โรงพยาบาลทั่วไป(รพท.),330,406,TRUE,รอการจัดเยี่ยมสำรวจ,1,"ระบบเครือข่ายการบริการผู้ป่วยแบบองค์รวมโรค Stroke , STEMI, โรคกระดูกและข้อ โดยเฉพาะในกลุ่มผู้สูงอายุ",131086,ปี 2564 (1 ตุลาคม 2563 - 30 กันยายน 2564),416801,115194,90.17,4.27," 1. Sepsis(Pneumonia)    2.  CKD, Stage 5   3.  UGIB    4. STEMI    5. Stroke   "
8,หนองบัวลำภู,โรงพยาบาลหนองบัวลำภู,NONGBUALAMPHU HOSPITAL,10704,สำนักงานปลัดกระทรวงสาธารณสุข (สป.สธ.),โรงพยาบาลทั่วไป(รพท.),350,353,TRUE,จัดทำใบประกาศนียบัตร,NULL,NULL,NULL,NULL,NULL,NULL,NULL,NULL,NULL
8,เลย,โรงพยาบาลเลย,LOEI HOSPITAL,10705,สำนักงานปลัดกระทรวงสาธารณสุข (สป.สธ.),โรงพยาบาลทั่วไป(รพท.),450,473,TRUE,NULL,NULL,NULL,NULL,NULL,NULL,NULL,NULL,NULL,NULL
8,หนองคาย,โรงพยาบาลหนองคาย,NONGKHAI HOSPITAL,10706,สำนักงานปลัดกระทรวงสาธารณสุข (สป.สธ.),โรงพยาบาลทั่วไป(รพท.),350,429,TRUE,NULL,NULL,NULL,NULL,NULL,NULL,NULL,NULL,NULL,NULL
7,มหาสารคาม,โรงพยาบาลมหาสารคาม,MAHASARAKHAM HOSPITAL,10707,สำนักงานปลัดกระทรวงสาธารณสุข (สป.สธ.),โรงพยาบาลทั่วไป(รพท.),472,580,TRUE,NULL,NULL,NULL,NULL,NULL,NULL,NULL,NULL,NULL,NULL
7,ร้อยเอ็ด,โรงพยาบาลร้อยเอ็ด,ROI ET HOSPITAL,10708,สำนักงานปลัดกระทรวงสาธารณสุข (สป.สธ.),โรงพยาบาลศูนย์(รพศ.),820,988,TRUE,NULL,0,1. มีความสามารถด้านการรักษามะเร็งแบบบูรณาการ <br />2. มีความสามารถด้านการรักษาผู้ป่วยอุบัติเหตุทางสมอง,1309708,ปี 2564 (เดือนตุลาคม 2563 - กันยายน 2564),841130,69563,116.27,7.22,"DM, HT, CKD, Cancer, Stroke, STEMI, Sepsis, Head injury, Multiple injuries<br />"
7,กาฬสินธุ์,โรงพยาบาลกาฬสินธุ์,KALASIN HOSPITAL,10709,สำนักงานปลัดกระทรวงสาธารณสุข (สป.สธ.),โรงพยาบาลทั่วไป(รพท.),540,562,TRUE,NULL,0,1.ระดับความเป็นเลิศทางการแพทย์สาขาการบาดเจ็บและการแพทย์ฉุกเฉิน (Trauma)ระดับ 2,0,ปี2563 (ตุลาคม 2563-กันยายน2564),394762,41156,92.9,4.46,1.เบาหวาน 2.ความดันโลหิตสูง 3. Stroke   4. STEMI  5.Sepsis 6.LBW 7. Birth Asphyxia 8.Head injury
8,สกลนคร,โรงพยาบาลสกลนคร,SAKONNAKHON HOSPITAL,10710,สำนักงานปลัดกระทรวงสาธารณสุข (สป.สธ.),โรงพยาบาลศูนย์(รพศ.),768,981,TRUE,NULL,NULL,NULL,NULL,NULL,NULL,NULL,NULL,NULL,NULL
8,นครพนม,โรงพยาบาลนครพนม,NAKHONPHANOM HOSPITAL,10711,สำนักงานปลัดกระทรวงสาธารณสุข (สป.สธ.),โรงพยาบาลทั่วไป(รพท.),345,405,TRUE,NULL,0,ทดสอบ,0,ปี 2563 ,0,0,0,0,ทดสอบ
10,มุกดาหาร,โรงพยาบาลมุกดาหาร,MUKDAHAN HOSPITAL,10712,สำนักงานปลัดกระทรวงสาธารณสุข (สป.สธ.),โรงพยาบาลทั่วไป(รพท.),301,301,TRUE,NULL,NULL,NULL,NULL,NULL,NULL,NULL,NULL,NULL,NULL
1,เชียงใหม่,โรงพยาบาลนครพิงค์,NAKORNPING HOSPITAL,10713,สำนักงานปลัดกระทรวงสาธารณสุข (สป.สธ.),โรงพยาบาลศูนย์(รพศ.),519,665,TRUE,NULL,NULL,NULL,NULL,NULL,NULL,NULL,NULL,NULL,NULL
1,ลำพูน,โรงพยาบาลลำพูน,LAMPHUN HOSPITAL,10714,สำนักงานปลัดกระทรวงสาธารณสุข (สป.สธ.),โรงพยาบาลทั่วไป(รพท.),436,411,TRUE,NULL,NULL,NULL,NULL,NULL,NULL,NULL,NULL,NULL,NULL
1,แพร่,โรงพยาบาลแพร่,PHRAE HOSPITAL,10715,สำนักงานปลัดกระทรวงสาธารณสุข (สป.สธ.),โรงพยาบาลทั่วไป(รพท.),520,502,TRUE,NULL,NULL,NULL,NULL,NULL,NULL,NULL,NULL,NULL,NULL
1,น่าน,โรงพยาบาลน่าน,NAN HOSPITAL,10716,สำนักงานปลัดกระทรวงสาธารณสุข (สป.สธ.),โรงพยาบาลทั่วไป(รพท.),502,475,TRUE,NULL,NULL,NULL,NULL,NULL,NULL,NULL,NULL,NULL,NULL
1,พะเยา,โรงพยาบาลพะเยา,PHAYAO HOSPITAL,10717,สำนักงานปลัดกระทรวงสาธารณสุข (สป.สธ.),โรงพยาบาลทั่วไป(รพท.),360,373,TRUE,NULL,2,Glaucoma clinic<br />ผ่าตัดปะแก้วหู ผ่าตัดริดสีดวงจมูกโดยวิธีการส่องกล้อง<br />พัฒนาการและการเติบโตสมวัย<br />ทันตกรรมอนุสาขาศัลยกรรมช่องปากและแม็กซิลโลเฟเชียล,0,ปี 2563 (กันยายน 2562 - ตุลาคม 2563,448274,27005,74.99,4.05,DM<br />HT<br />COPD<br />AIDs<br />TB
1,พะเยา,โรงพยาบาลเชียงคำ,CHIANGKHAM HOSPITAL,10718,สำนักงานปลัดกระทรวงสาธารณสุข (สป.สธ.),โรงพยาบาลทั่วไป(รพท.),231,231,TRUE,รอการจัดเยี่ยมสำรวจ,92,ให้บริการสุขภาพระดับทุติยภูมิและตติยภูมิ โดยทีมสหสาขาวิชาชีพด้วยความปลอดภัยและเอื้ออาทร,76501,ปี 2564 (1 ตุลาคม 2563 - 30 กันยายน 2564),366430,15092,83.4,4.3,"กลุ่มโรคไม่ติดต่อเรื้อรัง  ได้แก่  DM , HT, CRF ,Cataract  ,Cancer, Cardiovascular diseases, Spondylosis<br />กลุ่มโรคติดเชื้อ  ได้แก่  Covid-19 , TB , HIV, Suis, DHF, Hand Foot Mouth<br />ภาวะวิกฤต  ได้แก่  ACS , Stroke , Sepsis, Trauma, Head injury, Acute abdominal pain , Severe Preeclampsia"
1,แม่ฮ่องสอน,โรงพยาบาลศรีสังวาลย์,SRISANGWAN HOSPITAL,10719,สำนักงานปลัดกระทรวงสาธารณสุข (สป.สธ.),โรงพยาบาลทั่วไป(รพท.),160,157,TRUE,NULL,NULL,NULL,NULL,NULL,NULL,NULL,NULL,NULL,NULL
3,อุทัยธานี,โรงพยาบาลอุทัยธานี,UTHAI THANI HOSPITAL,10720,สำนักงานปลัดกระทรวงสาธารณสุข (สป.สธ.),โรงพยาบาลทั่วไป(รพท.),350,350,TRUE,จัดทำใบประกาศนียบัตร,1,1. มีสมรรถนะในการให้บริการระดับปฐมภูมิที่เชื่อมโยงจากโรงพยาบาลสู่ชุมชน มีสัมพันธภาพที่ดีกับชุมชนและภาคีเครือข่าย<br />2. มีสมรรถนะในการดูแลผู้ป่วยเฉพาะทางในการดูแลผู้ป่วยซับซ้อนระดับตติยภูมิตามมาตรฐาน รพ.ระดับ S (Standard level)และมีเครื่องมือชั้นสูงในการตรวจวินิจฉัย และรักษา<br />3. มีสมรรถนะการบริหารจัดการองค์กรที่มีประสิทธิภาพ  และมีธรรมมาภิบาล<br />4. มีสมรรถนะในการสร้างการแลกเปลี่ยนเรียนรู้ ด้านวิชาการ และการใช้เทคโนโลยีในการบริการสุขภาพแก่บุคลากรภายในองค์กร  และเครือข่าย รวมถึงการเป็นแหล่งฝึกของแพทย์จบใหม่,329942,ปี 2563 (ตุลาคม 2562 - กันยายน 2563),260655,20666,77.74,4.8,"1. กลุ่มผู้ป่วยฉุกเฉิน ได้แก่ Stroke, STEMI, Sepsis, Trauma, HI, severe PIH, Ectopic shock, PPH, UGIB, BA <br />2. กลุ่มโรคเรื้อรัง ได้แก่ DM, HT, CKD<br />3. โรคติดเชื้อ ได้แก่ TB, DHF, COVID-19<br />4. ภาวะเสี่ยงต่อสุขภาพ ตั้งครรภ์ในวัยรุ่น  ทารกขาดออกซิเจนแรกเกิด  ทารกน้ำหนักตัวน้อย <br />5. ปัญหาอื่นที่คุกคามต่อภาวะสุขภาพ ได้แก่  สุขภาพจิต อุบัติเหตุจราจร  <br />6. โรคจากการทำงาน/ประกอบอาชีพ  ได้แก่ โรคระบบกล้ามเนื้อ "
3,กำแพงเพชร,โรงพยาบาลกำแพงเพชร,KAMPHAENGPHET HOSPITAL,10721,สำนักงานปลัดกระทรวงสาธารณสุข (สป.สธ.),โรงพยาบาลทั่วไป(รพท.),450,465,TRUE,จัดทำใบประกาศนียบัตร,NULL,NULL,NULL,NULL,NULL,NULL,NULL,NULL,NULL
2,ตาก,โรงพยาบาลสมเด็จพระเจ้าตากสินมหาราช,SOMDEJPRAJAOTAKSINMAHARAJ HOSPITAL,10722,สำนักงานปลัดกระทรวงสาธารณสุข (สป.สธ.),โรงพยาบาลทั่วไป(รพท.),320,377,TRUE,รอการจัดเยี่ยมสำรวจ,1,"การดูแลผู้ป่วยภาวะวิกฤตและฉุกเฉิน ,การดูแลต่อเนื่องตั้งแต่ pre-hospital ถึงชุมชน",77886,ปี 2564,331926,19170,82.52,4.97,"NCD ,วัณโรคปอด ,Covid-19"
2,ตาก,โรงพยาบาลแม่สอด,MAESOT GENERAL HOSPITAL,10723,สำนักงานปลัดกระทรวงสาธารณสุข (สป.สธ.),โรงพยาบาลทั่วไป(รพท.),420,420,TRUE,รอการจัดเยี่ยมสำรวจ,86,ความสามารถของการบริการทางด้านการแพทย์และสาธารณสุขชายแดน สร้างความร่วมมือระหว่างประเทศ,115108,ปี 2564 (เดือนตุลาคม 2563 - เดือนกันยายน 2564),363993,28033,157.9,8.63,"1. กลุ่มผู้ป่วยโรคไม่ติดต่อเรื้อรัง(NCD) : DM,HT,CKD<br />2. กลุ่มผู้ป่วยปอดอักเสบ (pneumonia)<br />3. กลุ่มผู้ป่วยอุบัติเหตุและฉุกเฉิน : Stroke , STEMI , trauma , sepsis <br />4. กลุ่มผู้ป่วย Preterm labor <br />5. กลุ่มผู้ป่วย Preterm newborn"
2,สุโขทัย,โรงพยาบาลสุโขทัย,SUKHOTHAI HOSPITAL,10724,สำนักงานปลัดกระทรวงสาธารณสุข (สป.สธ.),โรงพยาบาลทั่วไป(รพท.),320,320,TRUE,NULL,0,ความเชี่ยวชาญพิเศษ,0,0,0,0,0,0,โรคสำคัญ
2,สุโขทัย,โรงพยาบาลศรีสังวรสุโขทัย,SRISANGWORNSUKHOTHAI HOSPITAL,10725,สำนักงานปลัดกระทรวงสาธารณสุข (สป.สธ.),โรงพยาบาลทั่วไป(รพท.),307,307,TRUE,NULL,NULL,NULL,NULL,NULL,NULL,NULL,NULL,NULL,NULL
3,พิจิตร,โรงพยาบาลพิจิตร,PHICHIT HOSPITAL,10726,สำนักงานปลัดกระทรวงสาธารณสุข (สป.สธ.),โรงพยาบาลทั่วไป(รพท.),400,450,TRUE,รอการจัดเยี่ยมสำรวจ,1,เป็น Model Non-communicable Diseases (NCD) และสาขาทารกแรกเกิด (New born) Level 2,132590,ปี 2564 (1 ตุลาคม 2563 - 30 กันยายน 2564),368253,24913,85.16,5.66,"Sepsis, Stroke, Trauma, CA Colon, DM, HT"
2,เพชรบูรณ์,โรงพยาบาลเพชรบูรณ์,PHETCHABUN HOSPITAL,10727,สำนักงานปลัดกระทรวงสาธารณสุข (สป.สธ.),โรงพยาบาลทั่วไป(รพท.),510,543,TRUE,NULL,NULL,NULL,NULL,NULL,NULL,NULL,NULL,NULL,NULL
5,ราชบุรี,โรงพยาบาลดำเนินสะดวก,DAMNOEN SADUAK HOSPITAL,10728,สำนักงานปลัดกระทรวงสาธารณสุข (สป.สธ.),โรงพยาบาลทั่วไป(รพท.),272,272,TRUE,NULL,50,การส่งเสริม ป้องกันรักษา ฟื้นฟู โรคสำคัญทุกสาขาหลัก ได้แก่ DM HT STEMI Sepsis Stroke CKD Preterm การดูแลทารกวิกฤติ DHF ความปลอดภัยจากการคลอด Head injury Truama มะเร็ง Cataract Glaucoma โรคกระดูกและข้อ,95758,ปี 2564 (เดือน ตุลาคม 2563-มีนาคม 2564),93627,5632,64.12,4.96,กลุ่มโรคเรื้อรัง เช่น DM HT CKD มะเร็ง<br />กลุ่มโรคสำคัญ เช่น ACS Stroke Sepsis<br />อุบัติเหตุจราจร <br />โรคติดเชื้อทางเดินหายใจ ทางเดินอาหาร
5,ราชบุรี,โรงพยาบาลบ้านโป่ง,BANPONG HOSPITAL,10729,สำนักงานปลัดกระทรวงสาธารณสุข (สป.สธ.),โรงพยาบาลทั่วไป(รพท.),420,360,TRUE,NULL,0,ความเชี่ยวชาญพิเศษ,0,0,0,0,0,0,โรคสำคัญ
5,ราชบุรี,โรงพยาบาลโพธาราม,PHOTHARAM HOSPITAL,10730,สำนักงานปลัดกระทรวงสาธารณสุข (สป.สธ.),โรงพยาบาลทั่วไป(รพท.),340,340,TRUE,NULL,NULL,NULL,NULL,NULL,NULL,NULL,NULL,NULL,NULL
5,กาญจนบุรี,โรงพยาบาลพหลพลพยุหเสนา,PHAHOLPOLPAYUHASAENA HOSPITAL,10731,สำนักงานปลัดกระทรวงสาธารณสุข (สป.สธ.),โรงพยาบาลทั่วไป(รพท.),537,631,TRUE,จัดทำใบประกาศนียบัตร,3,  1. มีความสามารถในการให้บริการครอบคลุมทุกสาขา ทั้งระดับ ปฐมภูมิ ทุติยภูมิและตติยภูมิ ระดับ S-A (สาขาหลัก สาขารอง)<br />  2. มีความสามารถในการให้บริการศูนย์การแพทย์เชี่ยวชาญ 4 สาขา ได้แก่ 1.อุบัติเหตุ 2.มะเร็ง 3.หัวใจ 4.ทารากแรกเกิด <br />  3. มีความสามารถในการจัดบริการแบบ ODS/MIS<br />  4. มีความสามารถในการดูและผู้ป่วยวิกฤตและฉุกเฉิน,161454,"558,531",461237,41289,99.65,4.73,"- กลุ่มผู้ป่วยอายุรกรรม ได้แก่ Sepsis, Stroke, STEMI, TB, DM, CKD, UGIB<br />- กลุ่มผู้ป่วยศัลยกรรม ได้แก่ Ac. apendicitis, Multiple trauma, Stroke hemorrhage, CA colon, CA breast, Kub stone<br /> - กลุ่มผู้ป่วยกุมารเวชกรรม ได้แก่ Preterm, CCHD, DHF, Pneumonnia, Asthma<br /> - กลุ่มผู้ป่วย Orthopedic ได้แก่ Re-fracture prevention และ OA Knee<br /> - กลุ่มผู้ป่วยสูตินรีเวชกรรม ได้แก่ Preterm labour, Birth Asphyxia และ DM Pregnancy<br /> - กลุ่มผู้ป่วย EYE ได้แก่ โรคต้อกระจก Cataract<br /> - กลุ่มผู้ป่วย ENT ได้แก่ DNI, CA Head ? Neck, Thyroid, FB Esophagus และ CHT<br /> - กลุ่มผู้ป่วยจิตเวช ได้แก่ จิตเภท (schizophrenia), ซึมเศร้า (Depression) และภาวะติดสารเสพติด (Substance Dependence)"
5,กาญจนบุรี,โรงพยาบาลมะการักษ์,MAKARAK HOSPITAL,10732,สำนักงานปลัดกระทรวงสาธารณสุข (สป.สธ.),โรงพยาบาลทั่วไป(รพท.),270,264,TRUE,จัดทำใบประกาศนียบัตร,NULL,NULL,NULL,NULL,NULL,NULL,NULL,NULL,NULL
5,สุพรรณบุรี,โรงพยาบาลสมเด็จพระสังฆราชองค์ที่ 17,SOMDEJPRASANGKHARACH XVII HOSPITAL,10733,สำนักงานปลัดกระทรวงสาธารณสุข (สป.สธ.),โรงพยาบาลทั่วไป(รพท.),210,262,TRUE,NULL,NULL,NULL,NULL,NULL,NULL,NULL,NULL,NULL,NULL
5,สมุทรสาคร,โรงพยาบาลสมุทรสาคร,SAMUTSAKHON HOSPITAL,10734,สำนักงานปลัดกระทรวงสาธารณสุข (สป.สธ.),โรงพยาบาลศูนย์(รพศ.),602,602,TRUE,NULL,NULL,NULL,NULL,NULL,NULL,NULL,NULL,NULL,NULL
5,สมุทรสงคราม,โรงพยาบาลสมเด็จพระพุทธเลิศหล้า,SOMDETPHRAPHUTTHALOETLA HOSPITAL,10735,สำนักงานปลัดกระทรวงสาธารณสุข (สป.สธ.),โรงพยาบาลทั่วไป(รพท.),311,284,TRUE,NULL,0,การดูแลรักษาผู้ป่วยในระดับตติยภูมิ   ความสามารถในการบริหารจัดการทรัพยากรและภาคีเครือข่ายที่มีประสิทธิภาพ,154952,ปี 2564 (เดือนตุลาคม 2563-เดือนกันยายน 2564),260824,19594,90.89,6.58,Sepsis  Stroke  STEMI<br />ผู้สูงอายุ
5,เพชรบุรี,โรงพยาบาลพระจอมเกล้า,PHRA CHOM KLAO HOSPITAL,10736,สำนักงานปลัดกระทรวงสาธารณสุข (สป.สธ.),โรงพยาบาลทั่วไป(รพท.),365,447,TRUE,NULL,NULL,NULL,NULL,NULL,NULL,NULL,NULL,NULL,NULL
5,ประจวบคีรีขันธ์,โรงพยาบาลประจวบคีรีขันธ์,PRACHUAP KHIRIKHAN HOSPITAL,10737,สำนักงานปลัดกระทรวงสาธารณสุข (สป.สธ.),โรงพยาบาลทั่วไป(รพท.),303,246,TRUE,จัดทำใบประกาศนียบัตร,0,ทดสอบ,0,ปี 2563 ,0,0,0,0,ทดสอบ
11,กระบี่,โรงพยาบาลกระบี่,KRABI HOSPITAL,10738,สำนักงานปลัดกระทรวงสาธารณสุข (สป.สธ.),โรงพยาบาลทั่วไป(รพท.),341,474,TRUE,NULL,120,uivui,500,12345,0,0,5220,450,"ytl,tyi,"
11,พังงา,โรงพยาบาลพังงา,PHANG-NGA HOSPITAL,10739,สำนักงานปลัดกระทรวงสาธารณสุข (สป.สธ.),โรงพยาบาลทั่วไป(รพท.),215,206,TRUE,จัดทำใบประกาศนียบัตร,NULL,NULL,NULL,NULL,NULL,NULL,NULL,NULL,NULL
11,พังงา,โรงพยาบาลตะกั่วป่า,TAKUAPA HOSPITAL,10740,สำนักงานปลัดกระทรวงสาธารณสุข (สป.สธ.),โรงพยาบาลทั่วไป(รพท.),209,209,TRUE,NULL,NULL,NULL,NULL,NULL,NULL,NULL,NULL,NULL,NULL
11,ภูเก็ต,โรงพยาบาลวชิระภูเก็ต,VACHIRAPHUKET HOSPITAL,10741,สำนักงานปลัดกระทรวงสาธารณสุข (สป.สธ.),โรงพยาบาลศูนย์(รพศ.),503,0,TRUE,NULL,NULL,NULL,NULL,NULL,NULL,NULL,NULL,NULL,NULL
11,สุราษฎร์ธานี,โรงพยาบาลเกาะสมุย,KOH SAMUI HOSPITAL,10742,สำนักงานปลัดกระทรวงสาธารณสุข (สป.สธ.),โรงพยาบาลทั่วไป(รพท.),166,158,TRUE,รอการจัดเยี่ยมสำรวจ,105,"""• การนำปัญหาและข้อมูลผู้ป่วยบาดเจ็บรุนแรงที่ศีรษะที่มีความจำเป็นต้องรับการรักษาด้วยวิธีการผ่าตัดสมองฉุกเฉินทำให้โรงพยาบาลเกาะ<br />สมุยเป็นศูนย์ประสานสำรองเตียงกรณีผ่าตัดสมองฉุกเฉินและกรณีการใช้เครื่องช่วยหายใจโดยครอบคลุมพื้นที่ 3 เกาะ (สมุย พะงัน และเกาะเต่า)• การจัดตั้งศูนย์นเรนทรอ่าวไทย (1669)  ที่โรงพยาบาลเกาะสมุย ""<br />",69965,2563,237443,10029,79,3,"• กลุ่ม ACUTE : TRAUMA     เช่น Head Injury, Multiple trauma,<br />• Non Trauma  เช่น Acute MI, Acute Stroke, จมน้ำ<br />• กลุ่ม Chronic (High volume)     เช่น DM, HT, COPD<br />• กลุ่ม Infection เช่น DHF, TB, HIV,<br />• กลุ่มโรคเฉพาะ เช่น จิตเวช, ยาเสพติด  ,ตั้งครรภ์วัยรุ่น ,แมงกะพรุน"
11,ระนอง,โรงพยาบาลระนอง,RANONG HOSPITAL,10743,สำนักงานปลัดกระทรวงสาธารณสุข (สป.สธ.),โรงพยาบาลทั่วไป(รพท.),324,300,TRUE,NULL,0,มีความสามารถในการให้บริการระดับปฐมภูมิ ทุติยภูมิ/ตติยภูมิ ครอบคลุมทุกสาขาหลัก,177338,ปี 2564 (ต.ค.63-ก.ค.64),287707,14403,100.9,6,"1. กลุ่มโรคไม่ติดต่อเรื้อรัง ได้แก่ โรคเบาหวาน โรคความดันโลหิตสูง ยังพบผู้ป่วยรายใหม่เพิ่มขึ้น จากพฤติกรรมการดูแลตนเองที่ไม่เหมาะสม 2. กลุ่มโรคระบาด ได้แก่ โรคไข้เลือดออก โรคอุจจาระร่วง 3. กลุ่มโรคอุบัติเหตุ ได้แก่ การบาดเจ็บทางสมอง, Fracture 4. กลุ่มโรคฉุกเฉิน ได้แก่ Acute MI, Stroke การป่วยเพิ่มมากขึ้น ยังพบปัญหาการเข้าถึงที่ล่าช้า ความรู้ของประชาชนในการสังเกตอาการเบื้องต้น การประเมินและวินิจฉัย 5. กลุ่มแม่และเด็ก ได้แก่ PPH, PIH, LBW, มารดาเสียชีวิต 6. กลุ่มโรคติดเชื้อ ได้แก่ วัณโรค, Pneumonia, Sepsis"
11,ชุมพร,โรงพยาบาลชุมพรเขตรอุดมศักดิ์,CHUMPHON KHET UDOMSAKDIHOSPITAL,10744,สำนักงานปลัดกระทรวงสาธารณสุข (สป.สธ.),โรงพยาบาลทั่วไป(รพท.),509,509,TRUE,NULL,NULL,NULL,NULL,NULL,NULL,NULL,NULL,NULL,NULL
12,สงขลา,โรงพยาบาลสงขลา,SONGKHLA HOSPITAL,10745,สำนักงานปลัดกระทรวงสาธารณสุข (สป.สธ.),โรงพยาบาลทั่วไป(รพท.),508,508,TRUE,NULL,NULL,NULL,NULL,NULL,NULL,NULL,NULL,NULL,NULL
12,สตูล,โรงพยาบาลสตูล,SATUN HOSPITAL,10746,สำนักงานปลัดกระทรวงสาธารณสุข (สป.สธ.),โรงพยาบาลทั่วไป(รพท.),186,239,TRUE,NULL,1,-ผู้ป่วยหลอดเลือดสมอง (stroke)<br />-ผู้ป่วยไตวายเรื้องรัง (chronic kidney disease)<br />-ผู้ป่วยทางเดินปัสสาวะ (urology),90909,ปี 2564(ตุลาคม-กันยายน),1177,239,128.39,4,"  1.Sepsis<br />  2.COPD<br />  3.มารดาและทารกเสียชีวิต<br />  4.DM , HT"
12,พัทลุง,โรงพยาบาลพัทลุง,PHATTHALUNG HOSPITAL,10747,สำนักงานปลัดกระทรวงสาธารณสุข (สป.สธ.),โรงพยาบาลทั่วไป(รพท.),450,450,TRUE,NULL,NULL,NULL,NULL,NULL,NULL,NULL,NULL,NULL,NULL
12,ปัตตานี,โรงพยาบาลปัตตานี,PATTANI HOSPITAL,10748,สำนักงานปลัดกระทรวงสาธารณสุข (สป.สธ.),โรงพยาบาลทั่วไป(รพท.),360,504,TRUE,NULL,NULL,NULL,NULL,NULL,NULL,NULL,NULL,NULL,NULL
12,ยะลา,โรงพยาบาลเบตง,BETONG HOSPITAL,10749,สำนักงานปลัดกระทรวงสาธารณสุข (สป.สธ.),โรงพยาบาลทั่วไป(รพท.),170,170,TRUE,NULL,NULL,NULL,NULL,NULL,NULL,NULL,NULL,NULL,NULL
12,นราธิวาส,โรงพยาบาลนราธิวาสราชนครินทร์,NARADHIWASRAJANAGARINDRA HOSPITAL,10750,สำนักงานปลัดกระทรวงสาธารณสุข (สป.สธ.),โรงพยาบาลทั่วไป(รพท.),400,407,TRUE,NULL,0, - การดูแลผู้ป่วยโรคหลอดเลือดสมองตีบหรืออุดตัน<br /> - การดูแลผู้ป่วยโรคหัวใจขาดเลือดเฉียบพลันชนิด ST<br /> - การดูแลผู้ป่วยศัลยกรรมระบบประสาท,808020,2563 (เดือนตุลาคม 2562-มิถุนายน 2563),3928030,288333,83.49,4.3,-sepsis<br />-Pneumonia<br />-NCD <br />- intracranial injury <br />-spontaneous cerebral hemorrhage <br />- Acute myocardial infarction
12,นราธิวาส,โรงพยาบาลสุไหงโก-ลก,SUNGIKOLOK HOSPITAL,10751,สำนักงานปลัดกระทรวงสาธารณสุข (สป.สธ.),โรงพยาบาลทั่วไป(รพท.),212,212,TRUE,NULL,66,"จุดเน้น NCD <br />1. DM<br />2. HT<br />3. STROKE<br />4. STEMI<br />5. CKD<br /><br /><br />จุดเน้นราย PCT<br />1. DM FOOT <br />2. Fx.HIP<br />3. DIABETIC RETINOPATHY <br />4. PRETERM<br />5. PIH,PPH<br />",78412,ปี 2564 (ตุลาคม 2563-มิถุนายน 2564),136275,7569,76.32,0.44,จุดเน้นภาคีเครือข่าย : NCD + EPI<br />1. DM<br />2. HT<br />3. STROKE<br />4. STEMI<br />5. CKD<br />6. EPI<br />
6,สมุทรปราการ,โรงพยาบาลบางบ่อ,BANGBO HOSPITAL,10752,สำนักงานปลัดกระทรวงสาธารณสุข (สป.สธ.),โรงพยาบาลชุมชน(รพช.),120,120,TRUE,รอเข้าคณะอนุกรรมการพิจารณา,NULL,NULL,NULL,NULL,NULL,NULL,NULL,NULL,NULL
6,สมุทรปราการ,โรงพยาบาลบางพลี,BANGPLEE HOSPITAL,10753,สำนักงานปลัดกระทรวงสาธารณสุข (สป.สธ.),โรงพยาบาลทั่วไป(รพท.),200,230,TRUE,จัดทำใบประกาศนียบัตร,NULL,NULL,NULL,NULL,NULL,NULL,NULL,NULL,NULL
6,สมุทรปราการ,โรงพยาบาลบางจาก,BANGCHAK HOSPITAL,10754,สำนักงานปลัดกระทรวงสาธารณสุข (สป.สธ.),โรงพยาบาลชุมชน(รพช.),60,78,TRUE,NULL,NULL,NULL,NULL,NULL,NULL,NULL,NULL,NULL,NULL
6,สมุทรปราการ,โรงพยาบาลพระสมุทรเจดีย์สวาทยานนท์,PHRASAMUTJEDI SAWATYANON HOSPITAL,10755,สำนักงานปลัดกระทรวงสาธารณสุข (สป.สธ.),โรงพยาบาลชุมชน(รพช.),30,116,TRUE,ยืนยันการเยี่ยม,20,ลดป่วย ลดภาวะแทรกซ้อนในผู้ป่วย DM/HT,149195,ปี 2564 (1 ตุลาคม 2563 - 30 กันยายน 2564),57041,3073,223.57,8,"1) กลุ่ม High risk : STROKE, STEMI, SEPSIS, Severe Trauma, PPH <br />2) กลุ่มโรคเรื้อรัง : DM, HT, CKD, COPD<br />3) กลุ่มโรคติดต่อที่สำคัญ : DHF, TB, HIV, COVID-19 <br />4) กลุ่มโรคที่ต้องส่งต่อ : บาดเจ็บที่ศรีษะ, คลอดผิดปกติ, เด็กคลอดก่อนกำหนด, เด็กน้ำหนักตัวน้อย, ผู้ป่วยทางศัลยกรรมที่ต้องผ่าตัด  มะเร็ง, Stroke, Stemi, CKD Stage 4-5, ผู้ป่วย On ET Tube<br />5) กลุ่มโรคตาม Service Plan ที่สำคัญ : Stroke, Stemi, Sepsis, Palliative care Birth asphyxia    "
4,นนทบุรี,โรงพยาบาลบางกรวย,BANGKRUAL HOSPITAL,10756,สำนักงานปลัดกระทรวงสาธารณสุข (สป.สธ.),โรงพยาบาลชุมชน(รพช.),60,60,TRUE,NULL,NULL,NULL,NULL,NULL,NULL,NULL,NULL,NULL,NULL
4,นนทบุรี,โรงพยาบาลบางใหญ่,BANGYAI HOSPITAL,10757,สำนักงานปลัดกระทรวงสาธารณสุข (สป.สธ.),โรงพยาบาลชุมชน(รพช.),120,140,TRUE,เขียนรายงาน,0,ความเชี่ยวชาญพิเศษขององค์กร,160270,ปี 2563 255555,0,0,140,7.56,STROKE STEME SEPSIS Multiple trauma สุขภาพจิต
4,นนทบุรี,โรงพยาบาลบางบัวทอง,BANGBUATHONG HOSPITAL,10758,สำนักงานปลัดกระทรวงสาธารณสุข (สป.สธ.),โรงพยาบาลชุมชน(รพช.),60,70,TRUE,รอการจัดเยี่ยมสำรวจ,15,1. ความสามารถในการดูแล/ ให้บริการระดับทุติยภูมิในสาขา สูตินรีเวชกรรม ศัลยกรรม ทันตกรรมเฉพาะทาง<br />2. จัดระบบบริการสุขภาพรองรับการสาธารณสุขเขตเมือง เช่น ยาเสพติด,285698,"ปีงบ 2564 จำนวน  207,578 คน ",207578,7283,249.62,7.51,"กลุ่มโรคที่สำคัญ พิจารณาจากประเด็นสำคัญตามบริบทพื้นที่ Risk, Cost, Volume,  New evidence /tecchnology, Complex care <br />  - กลุ่มผู้ป่วยอายุรกรรม       :  Stroke, STEMI, Sepsis, DM , HT, Pneumonia, COVID-19<br />  - กลุ่มผู้ป่วยศัลยกรรม        :  CA Colon (Stage I,II),  GIB, Appendicitis, Head Injury<br />  - กลุ่มผู้ป่วยสูตินารีเวช       :  PPH/ PIH/ Preterm Labour/ Teenage Pregnancy<br />  - กลุ่มผู้ป่วยกุมารเวชกรรม   :  Neonatal jaudice, Pneumonia(อายุ 0-14ปี), DHF<br />  - กลุ่มผู้ป่วยศัลยกรรมกระดูกและข้อ  :  Open Fracture<br />  - กลุ่มผู้มีปัญหาด้านทันตกรรม  : Dental carrie/ Exostosis/ Edentulous area/ Pulpitis <br />                                                       in Childhood/ Alveolar osteitis <br />  -  กลุ่มผู้ป่วยจิตเวช  :  Schizophrenia, Depressive disorder  <br />  - กลุ่มผู้ป่วยจักษุ   :  Cataract "
4,นนทบุรี,โรงพยาบาลไทรน้อย,SAINOI HOSPITAL,10759,สำนักงานปลัดกระทรวงสาธารณสุข (สป.สธ.),โรงพยาบาลชุมชน(รพช.),60,60,TRUE,NULL,NULL,NULL,NULL,NULL,NULL,NULL,NULL,NULL,NULL
4,นนทบุรี,โรงพยาบาลปากเกร็ด,PAKKRED HOSPITAL,10760,สำนักงานปลัดกระทรวงสาธารณสุข (สป.สธ.),โรงพยาบาลชุมชน(รพช.),30,60,TRUE,จัดทำใบประกาศนียบัตร,0,ทดสอบ,0,ปี 2563 ,0,0,0,0,ทดสอบ
4,ปทุมธานี,โรงพยาบาลคลองหลวง,KLONGLUANG HOSPITAL,10761,สำนักงานปลัดกระทรวงสาธารณสุข (สป.สธ.),โรงพยาบาลชุมชน(รพช.),60,30,TRUE,NULL,33,1. การให้บริการด้านการแพทย์ฉุกเฉิน ครอบคลุมและมีประสิทธิภาพ เป็นมาตรฐานเดียวกันทั้งเครือข่าย <br />2. การดูแลสุขภาพประชาชนในพื้นที่แบบบูรณาการโดยใช้ความรู้ทางเวชศาสตร์ครอบครัว,288752,2564 (1 ตุลาคม  2563 ถึง 30 กันยายน 2564),56339,5091,214.7,4,1. เบาหวาน<br />2. ความดันโลหิตสูง<br />3. Sepsis<br />4. Myocardial infraction <br />5. Pneumonia<br />6. UGIH<br />7. COPD<br />8. Stroke<br />9. HIV<br />10. TB
4,ปทุมธานี,โรงพยาบาลธัญบุรี,THANYABURI HOSPITAL,10762,สำนักงานปลัดกระทรวงสาธารณสุข (สป.สธ.),โรงพยาบาลชุมชน(รพช.),60,120,TRUE,NULL,30,ไม่มี,212181,2564,271379,126070,72.77,9.2,"COVID-19, ACS , Stroke, DM , Pneumonia, Head injury , ARI, Sepsis, HT, HIV"
4,ปทุมธานี,โรงพยาบาลประชาธิปัตย์,PRACHATHIPAT HOSPITAL,10763,สำนักงานปลัดกระทรวงสาธารณสุข (สป.สธ.),โรงพยาบาลชุมชน(รพช.),30,60,TRUE,NULL,10,1.ทำงานเป็นทีมดูแลผู้ป่วยNCD/COVID<br />2.พัฒนาระบบHome health care/IMC/LONG COVID,83580,ปี2564 (48694),0,1838,87.36,5,1.ผู้ป่วยNCD
4,ปทุมธานี,โรงพยาบาลหนองเสือ,NONGSUE HOSPITAL,10764,สำนักงานปลัดกระทรวงสาธารณสุข (สป.สธ.),โรงพยาบาลชุมชน(รพช.),30,39,TRUE,จัดการทีมเยี่ยมสำรวจ,48,1) เครือข่ายบริการสุขภาพเข้มแข็งเชื่อมโยงสู่ชุมชน <br />2) บริการทันตกรรมเฉพาะทาง,424920,116854,104313,1509,62.63,4.56,1) Sepsis<br />2) Stroke<br />3) STEMI<br />4) Pneumonia<br />5) COVID 19
4,ปทุมธานี,โรงพยาบาลลาดหลุมแก้ว,LADLUMKAEW HOSPITAL,10765,สำนักงานปลัดกระทรวงสาธารณสุข (สป.สธ.),โรงพยาบาลชุมชน(รพช.),30,31,TRUE,จัดทำใบประกาศนียบัตร,NULL,NULL,NULL,NULL,NULL,NULL,NULL,NULL,NULL
4,ปทุมธานี,โรงพยาบาลลำลูกกา,LAMLUKKA HOSPITAL,10766,สำนักงานปลัดกระทรวงสาธารณสุข (สป.สธ.),โรงพยาบาลชุมชน(รพช.),30,37,TRUE,NULL,NULL,NULL,NULL,NULL,NULL,NULL,NULL,NULL,NULL
4,ปทุมธานี,โรงพยาบาลสามโคก,SAMKHOK HOSPITAL,10767,สำนักงานปลัดกระทรวงสาธารณสุข (สป.สธ.),โรงพยาบาลชุมชน(รพช.),30,0,TRUE,NULL,NULL,NULL,NULL,NULL,NULL,NULL,NULL,NULL,NULL
4,พระนครศรีอยุธยา,โรงพยาบาลท่าเรือ,THARUEA HOSPITAL,10768,สำนักงานปลัดกระทรวงสาธารณสุข (สป.สธ.),โรงพยาบาลชุมชน(รพช.),30,33,TRUE,ยืนยันการเยี่ยม,NULL,NULL,NULL,NULL,NULL,NULL,NULL,NULL,NULL
4,พระนครศรีอยุธยา,โรงพยาบาลสมเด็จพระสังฆราชเจ้า กรมหลวงชินวราลงกรณ (วาสนมหาเถร) นครหลวง,HIS ROYAL HOLINESS THE SUPREME PATRIARCH KROM LUANG JINAVARALONGKORN  (VASANA MAHATHERA) HOSPITAL,10769,สำนักงานปลัดกระทรวงสาธารณสุข (สป.สธ.),โรงพยาบาลชุมชน(รพช.),60,60,TRUE,อยู่ระหว่างต่ออายุ,12,การดูแลต่อเนื่อง ในกลุ่มโรคสำคัญ,36669,"111,681",36648,5133,416.89,8.89,COVID-19 DM HT Stroke STEMI Sepsis TB HIV
4,พระนครศรีอยุธยา,โรงพยาบาลบางไทร,BANGSAI HOSPITAL,10770,สำนักงานปลัดกระทรวงสาธารณสุข (สป.สธ.),โรงพยาบาลชุมชน(รพช.),30,30,TRUE,เขียนรายงาน,NULL,NULL,NULL,NULL,NULL,NULL,NULL,NULL,NULL
4,พระนครศรีอยุธยา,โรงพยาบาลบางบาล,BANGBAN HOSPITAL,10771,สำนักงานปลัดกระทรวงสาธารณสุข (สป.สธ.),โรงพยาบาลชุมชน(รพช.),30,30,TRUE,NULL,NULL,NULL,NULL,NULL,NULL,NULL,NULL,NULL,NULL
4,พระนครศรีอยุธยา,โรงพยาบาลบางปะอิน,BANG-PA-IN HOSPITAL,10772,สำนักงานปลัดกระทรวงสาธารณสุข (สป.สธ.),โรงพยาบาลชุมชน(รพช.),68,60,TRUE,จัดทำใบประกาศนียบัตร,NULL,NULL,NULL,NULL,NULL,NULL,NULL,NULL,NULL
4,พระนครศรีอยุธยา,โรงพยาบาลบางปะหัน,BANG PAHAN HOSPITAL,10773,สำนักงานปลัดกระทรวงสาธารณสุข (สป.สธ.),โรงพยาบาลชุมชน(รพช.),30,30,TRUE,เขียนรายงาน,NULL,NULL,NULL,NULL,NULL,NULL,NULL,NULL,NULL
4,พระนครศรีอยุธยา,โรงพยาบาลผักไห่,PHAKHAI HOSPITAL,10774,สำนักงานปลัดกระทรวงสาธารณสุข (สป.สธ.),โรงพยาบาลชุมชน(รพช.),30,31,TRUE,จัดทำใบประกาศนียบัตร,30,ระบบการดูแลผู้ป่วยโรคไม่ติดต่อเรื้อรังต่อเนื่อง (เบาหวาน) ,38302,ปี 2563 (เดือนตุลาคม 2562- เดือนกันยายน 2563),52355,1890,74.17,19.47,"1. กลุ่มผู้ป่วยนอก(ทั่วไปและโรคเรื่องรัง) : รวดเร็ว รอไม่นาน แพทย์เพียงพอ เอาใจใส่<br />2. กลุ่มโรคระบาดและที่มีความเสี่ยงสูงหรืออุบัติเหตุ COVID-19 , Stroke ,STEMI : รวดเร็ว ปลอดภัย ดูแลใกล้ชิด<br />3. กลุ่มผู้ป่วยใน : ได้รับข้อมูลและแผนการรักษาต่อเนื่อง พฤติกรรมบริการและสภาพแวดล้อมที่ดี<br />4. ผู้รับบริการในชุมชน : ได้รับการเยี่ยมบ้าน การได้รับข้อมูล การดูแลสุขภาพและฟื้นฟูต่อเนื่อง"
4,พระนครศรีอยุธยา,โรงพยาบาลภาชี,PHACHI HOSPITAL,10775,สำนักงานปลัดกระทรวงสาธารณสุข (สป.สธ.),โรงพยาบาลชุมชน(รพช.),30,46,TRUE,จัดทำใบประกาศนียบัตร,NULL,NULL,NULL,NULL,NULL,NULL,NULL,NULL,NULL
4,พระนครศรีอยุธยา,โรงพยาบาลลาดบัวหลวง,LADBUALUANG HOSPITAL,10776,สำนักงานปลัดกระทรวงสาธารณสุข (สป.สธ.),โรงพยาบาลชุมชน(รพช.),60,30,TRUE,NULL,NULL,NULL,NULL,NULL,NULL,NULL,NULL,NULL,NULL
4,พระนครศรีอยุธยา,โรงพยาบาลวังน้อย,WANG NOI HOSPITAL,10777,สำนักงานปลัดกระทรวงสาธารณสุข (สป.สธ.),โรงพยาบาลชุมชน(รพช.),60,64,TRUE,อยู่ระหว่างต่ออายุ,25,ทันตกรรมเฉพาะทาง  EMS,76738,ปี 2564 (ตค. 2563 - กันยายน 2564),154329,8419,245.98,6.42,Covid-19 DM HT STROKE  STEMI SEPSIS TB  HIV CKD Multiple trauma Head injury  Abdominal pain 
4,พระนครศรีอยุธยา,โรงพยาบาลบางซ้าย,BANGSAAI HOSPITAL,10778,สำนักงานปลัดกระทรวงสาธารณสุข (สป.สธ.),โรงพยาบาลชุมชน(รพช.),10,10,TRUE,จัดทำใบประกาศนียบัตร,0,ทดสอบ,0,ปี 2563 ,0,0,0,0,ทดสอบ
4,พระนครศรีอยุธยา,โรงพยาบาลอุทัย,UTHAI HOSPITAL,10779,สำนักงานปลัดกระทรวงสาธารณสุข (สป.สธ.),โรงพยาบาลชุมชน(รพช.),10,31,TRUE,NULL,NULL,NULL,NULL,NULL,NULL,NULL,NULL,NULL,NULL
4,พระนครศรีอยุธยา,โรงพยาบาลมหาราช,MAHARACH HOSPITAL,10780,สำนักงานปลัดกระทรวงสาธารณสุข (สป.สธ.),โรงพยาบาลชุมชน(รพช.),10,25,TRUE,NULL,NULL,NULL,NULL,NULL,NULL,NULL,NULL,NULL,NULL
4,พระนครศรีอยุธยา,โรงพยาบาลบ้านแพรก,BANPRAK HOSPITAL,10781,สำนักงานปลัดกระทรวงสาธารณสุข (สป.สธ.),โรงพยาบาลชุมชน(รพช.),10,24,TRUE,NULL,50,-การทำงานกับชุมชน โดยเฉพาะผู้ป่วย NCDs สูงอายุ ผู้ด้อยโอกาส ติดบ้านติดเตียง ซึ่งอาศัยงานเยี่ยมบ้านแบบสหสาขา/เครือข่าย และการดำเนินงาน district  health system ซึ่งปัจจุบันปรับชื่อเป็น Pre primary care cluster และใช้คณะกรรมการพัฒนาคุณภาพชีวิตระดับอำเภอ เป็นตัวขับเคลื่อน<br />- แหล่งเรียนรู้สุขภาวะโดยธรรม เพื่อเชื่อมระหว่างการสร้างสุขภาพด้วยธรรมชาติกับการรักษาโรค                         <br />  (วิถีนาธรรมบ้านแพรก) ด้วยพลังแห่งเครือข่ายในหลักการของสุนทรียสนทนา (ค่านิยม นาธรรม)<br />,7154,2564,43527,759,124.53,7,DM HT  MI Stroke Sepsis 
4,อ่างทอง,โรงพยาบาลไชโย,CHAIYO HOSPITAL,10782,สำนักงานปลัดกระทรวงสาธารณสุข (สป.สธ.),โรงพยาบาลชุมชน(รพช.),30,36,TRUE,จัดทำใบประกาศนียบัตร,NULL,NULL,NULL,NULL,NULL,NULL,NULL,NULL,NULL
4,อ่างทอง,โรงพยาบาลป่าโมก,PAMOK HOSPITAL,10784,สำนักงานปลัดกระทรวงสาธารณสุข (สป.สธ.),โรงพยาบาลชุมชน(รพช.),60,53,TRUE,NULL,NULL,NULL,NULL,NULL,NULL,NULL,NULL,NULL,NULL
4,อ่างทอง,โรงพยาบาลโพธิ์ทอง,PHOTHONG HOSPITAL,10785,สำนักงานปลัดกระทรวงสาธารณสุข (สป.สธ.),โรงพยาบาลชุมชน(รพช.),60,60,TRUE,อยู่ระหว่างต่ออายุ,NULL,NULL,NULL,NULL,NULL,NULL,NULL,NULL,NULL
4,อ่างทอง,โรงพยาบาลแสวงหา,SAWAENGHA HOSPITAL,10786,สำนักงานปลัดกระทรวงสาธารณสุข (สป.สธ.),โรงพยาบาลชุมชน(รพช.),30,48,TRUE,จัดทำใบประกาศนียบัตร,NULL,NULL,NULL,NULL,NULL,NULL,NULL,NULL,NULL
4,อ่างทอง,โรงพยาบาลวิเศษชัยชาญ,WISETCHAICHAN HOSPITAL,10787,สำนักงานปลัดกระทรวงสาธารณสุข (สป.สธ.),โรงพยาบาลชุมชน(รพช.),90,97,TRUE,NULL,12,การทำงานร่วมกับชุมชนและการดูแลต่อเนื่อง,50982,ปี 2563,188247,7574,74.85,3.23,1. โรคหัวใจและหลอดเลือด พบว่ามีจำนวนผู้ป่วยเพิ่มขึ้นต้องพัฒนาระบบการดูแลผู้ป่วยเพื่อให้เข้าถึงและเข้ารับบริการได้ทันเวลา <br />2. โรคหลอดเลือดสมอง พบผู้ป่วยเข้าถึงบริการไม่ทันเวลา 3 ชม. ต้องเพิ่มความรู้ของผู้ป่วยกลุ่มเสี่ยงเรื่องการประเมินอาการเตือน และช่องทางการเข้าถึงบริการ <br />3. โรคติดเชื้อ Sepsis พบปัญหาเรื่องการประเมินล่าช้า และการไม่ปฏิบัติตามแนวทางที่กำหนด<br />4. โรคไข้เลือดออก พบมีอัตราป่วยเกินเป้าหมาย  ต้องมีการควบคุม ป้องกัน และเฝ้าระวังอย่างต่อเนื่อง<br />5. มีอัตราผู้ป่วยเบาหวานรายใหม่จากกลุ่มเสี่ยงเบาหวานเพิ่มมากขึ้นในปี 2563<br />6. การบาดเจ็บจากอุบัติเหตุบนท้องถนน เนื่องจากโรงพยาบาลตั้งอยู่ระหว่างถนนสายหลัก 2 สาย ต้องพัฒนาระบบการดูแลผู้ป่วย การประเมิน การเคลื่อนย้ายและการส่งต่อ                                                <br />7. Intermediate care ได้รับการส่งกลับมารักษาต่อเพียง 28.57% (เป้าหมาย ? 40%) ต้องพัฒนาระบบการประสานและการส่งต่อข้อมูล
4,อ่างทอง,โรงพยาบาลสามโก้,SAMKO HOSPITAL,10788,สำนักงานปลัดกระทรวงสาธารณสุข (สป.สธ.),โรงพยาบาลชุมชน(รพช.),10,42,TRUE,NULL,NULL,NULL,NULL,NULL,NULL,NULL,NULL,NULL,NULL
4,ลพบุรี,โรงพยาบาลพัฒนานิคม,PATTANA NIKHOM HOSPITAL,10789,สำนักงานปลัดกระทรวงสาธารณสุข (สป.สธ.),โรงพยาบาลชุมชน(รพช.),60,65,TRUE,NULL,NULL,NULL,NULL,NULL,NULL,NULL,NULL,NULL,NULL
4,ลพบุรี,โรงพยาบาลโคกสำโรง,KHOKSAMRONG HOSPITAL,10790,สำนักงานปลัดกระทรวงสาธารณสุข (สป.สธ.),โรงพยาบาลชุมชน(รพช.),120,123,TRUE,NULL,35,การดูแลผู้ป่วยโรคกล้ามเนื้อหัวใจขาดเลือดเฉียบพลัน  ที่ได้รับการละลายลิ่มเลือด (SK),50932,2564(ตุลาคม 2563-เมษายน 2564),25686,4174,80.65,4.92,โรคหัวใจ    โรคติดเชื้อในกระแสเลือด  โรคหลดเลืดสมองระยะพักฟื้น เบาหวานความดันโลหิต  โรคปอดอักเสบในเด็ก ชัก  ตกเลือดหลังคลอด  เลือดออกในกระเพาะอาหาร  ไส้ติ่งอักเสบ การบาดเจ็บทางศรีษะ 
4,ลพบุรี,โรงพยาบาลชัยบาดาล,CHAIBADAN HOSPITAL,10791,สำนักงานปลัดกระทรวงสาธารณสุข (สป.สธ.),โรงพยาบาลชุมชน(รพช.),152,154,TRUE,ยืนยันการเยี่ยม,NULL,NULL,NULL,NULL,NULL,NULL,NULL,NULL,NULL
4,ลพบุรี,โรงพยาบาลท่าวุ้ง,THAWUNG HOSPITAL,10792,สำนักงานปลัดกระทรวงสาธารณสุข (สป.สธ.),โรงพยาบาลชุมชน(รพช.),60,50,TRUE,NULL,15,การดูแลผู้ป่วย Stroke ฟื้นฟูระยะกลาง,48647,ปี2564(ต.ค.-ก.ย.)ไม่รวมยอดรพ.สนามปิด IPDก.ค.-พ.ย.  ,87077,1954,41.98,3.4,1.DM 2. HT 3. STROKE 4.STMI 5.Sepsis
4,ลพบุรี,โรงพยาบาลท่าหลวง,THALUANG HOSPITAL,10793,สำนักงานปลัดกระทรวงสาธารณสุข (สป.สธ.),โรงพยาบาลชุมชน(รพช.),35,36,TRUE,NULL,NULL,NULL,NULL,NULL,NULL,NULL,NULL,NULL,NULL
4,ลพบุรี,โรงพยาบาลสระโบสถ์,SABOT HOSPITAL,10794,สำนักงานปลัดกระทรวงสาธารณสุข (สป.สธ.),โรงพยาบาลชุมชน(รพช.),10,30,TRUE,จัดทำใบประกาศนียบัตร,70,การดูแลผู้ป่วยเบาหวานและความดันโลหิตสูง,21571,"ปี 2564 ( ตค.63 - กย. 64 ) 67,958 คน",67958,1568,195.42,4.54,"1. กลุ่มผู้ป่วยฉุกเฉิน ได้แก่ Stroke , STEMI , Sepsis , Trauma , PPH , UGIB , BA<br />2. กลุ่มโรคเรื้อรัง ได้แก่ DM , HT , COPD , Asthma , CKD<br />3. โรคติดเชื้อ ได้แก่ TB , HIV<br />4. ภาวะเสี่ยงต่อสุขภาพ ตั้งครรภ์ในวัยรุ่น , คลอดก่อนกำหนด , ทารกขาดออกซิเจน , ทารกแรกเกิดน้ำหนักตัวน้อย<br />5. ปัญหาอื่นที่คุกคามต่อภาวะสุขภาพ ได้แก่ ยาเสพติด สุขภาพจิต อุบัตุเหตุจราจร<br />6. โรคจากการทำงาน / ประกอบอาชีพ ได้แก่ โรคระบบกล้ามเนื้อ อุบัติเหตุจากการทำงาน ( โรงงานน้ำตาล )เช่น เครื่องจักรหนีบ <br />ตกจากที่สูง น้ำร้อนลวก น้ำกรดกระเด็นเข้าตา""<br />"
4,ลพบุรี,โรงพยาบาลโคกเจริญ,KHOKCHAROEN HOSPITAL,10795,สำนักงานปลัดกระทรวงสาธารณสุข (สป.สธ.),โรงพยาบาลชุมชน(รพช.),16,30,TRUE,NULL,NULL,NULL,NULL,NULL,NULL,NULL,NULL,NULL,NULL
4,ลพบุรี,โรงพยาบาลลำสนธิ,LAMSONTHI HOSPITAL,10796,สำนักงานปลัดกระทรวงสาธารณสุข (สป.สธ.),โรงพยาบาลชุมชน(รพช.),30,30,TRUE,NULL,NULL,NULL,NULL,NULL,NULL,NULL,NULL,NULL,NULL
4,ลพบุรี,โรงพยาบาลหนองม่วง,NONGMUANG HOSPITAL,10797,สำนักงานปลัดกระทรวงสาธารณสุข (สป.สธ.),โรงพยาบาลชุมชน(รพช.),30,30,TRUE,NULL,NULL,NULL,NULL,NULL,NULL,NULL,NULL,NULL,NULL
4,สิงห์บุรี,โรงพยาบาลบางระจัน,BANGRACHAN HOSPITAL,10798,สำนักงานปลัดกระทรวงสาธารณสุข (สป.สธ.),โรงพยาบาลชุมชน(รพช.),30,30,TRUE,NULL,NULL,NULL,NULL,NULL,NULL,NULL,NULL,NULL,NULL
4,สิงห์บุรี,โรงพยาบาลค่ายบางระจัน,KHAIBANGRACHAN HOSPITAL,10799,สำนักงานปลัดกระทรวงสาธารณสุข (สป.สธ.),โรงพยาบาลชุมชน(รพช.),30,30,TRUE,NULL,NULL,NULL,NULL,NULL,NULL,NULL,NULL,NULL,NULL
4,สิงห์บุรี,โรงพยาบาลพรหมบุรี,PHROM BURI HOSPITAL,10800,สำนักงานปลัดกระทรวงสาธารณสุข (สป.สธ.),โรงพยาบาลชุมชน(รพช.),10,26,TRUE,จัดทำใบประกาศนียบัตร,NULL,NULL,NULL,NULL,NULL,NULL,NULL,NULL,NULL
4,สิงห์บุรี,โรงพยาบาลท่าช้าง,THACHANG HOSPITAL,10801,สำนักงานปลัดกระทรวงสาธารณสุข (สป.สธ.),โรงพยาบาลชุมชน(รพช.),30,36,TRUE,NULL,13,DHS,13787,2564,53698,1074,66.87,6.82,"Covid-19,Strock,STEMI,Sepsis"
3,ชัยนาท,โรงพยาบาลมโนรมย์,MANOROM HOSPITAL,10802,สำนักงานปลัดกระทรวงสาธารณสุข (สป.สธ.),โรงพยาบาลชุมชน(รพช.),30,30,TRUE,NULL,NULL,NULL,NULL,NULL,NULL,NULL,NULL,NULL,NULL
3,ชัยนาท,โรงพยาบาลวัดสิงห์,WATSING HOSPITAL,10803,สำนักงานปลัดกระทรวงสาธารณสุข (สป.สธ.),โรงพยาบาลชุมชน(รพช.),30,35,TRUE,จัดทำใบประกาศนียบัตร,22,-,20181,2563,76452,1902,46.84,2.69,ผู้ป่วยโรคเรื้อรัง เบาหวาน ความดันโลหิตสูง
3,ชัยนาท,โรงพยาบาลสรรพยา,SAPPHAYA HOSPITAL,10804,สำนักงานปลัดกระทรวงสาธารณสุข (สป.สธ.),โรงพยาบาลชุมชน(รพช.),30,30,TRUE,อยู่ระหว่างต่ออายุ,20,การดูแลระบบบริการด้านปฐมภูมิ (ทีมหมอครอบครัว),26953,ปีงบประมาณ  2564 (ต.ค.63-ก.ย.64),35240,1232,45.86,4.076,"1.โรคฉุกเฉิน เช่น Trauma , Stroke , STEMI<br />2.โรคเรื้อรัง เช่น เบาหวาน ความดันโลหิตสูง COPD  CKD<br />3.โรคติดต่อ เช่น DHF , Leptospirosis , TB ,หูดับ<br />4.LTC เช่น มะเร็งระยะสุดท้าย , กลุ่มติดบ้านติดเตียง                                                                                                                  5.ปัญหาโรคอุบัติการณ์ใหม่ ได้แก่ COVID-19<br />6.ภาวะอื่นๆ เช่น Teenage Pregnancy , ปัญหาอุทกภัย"
3,ชัยนาท,โรงพยาบาลสรรคบุรี,SANKHABURI HOSPITAL,10805,สำนักงานปลัดกระทรวงสาธารณสุข (สป.สธ.),โรงพยาบาลชุมชน(รพช.),60,60,TRUE,จัดทำใบประกาศนียบัตร,20,นำการแพทย์ผสมผสานมาใช้ในการบริบาลสุขภาพ,64012,2564(ตุลาคม2563-กันยายน2564),156610,3217,50.34,3.43,"1) สาขาโรคไม่ติดต่อเรื้อรังได้แก่ DM,HT,CKD,COPD   2)สาขาโรคหัวใจ ได้แก่ AMI,ACS  3)สาขามารดาและทารก 4)สาขามะเร็ง5)สาขาตาและไต"
3,ชัยนาท,โรงพยาบาลหันคา,HANKHA HOSPITAL,10806,สำนักงานปลัดกระทรวงสาธารณสุข (สป.สธ.),โรงพยาบาลชุมชน(รพช.),30,30,TRUE,NULL,NULL,NULL,NULL,NULL,NULL,NULL,NULL,NULL,NULL
4,สระบุรี,โรงพยาบาลแก่งคอย,KAENG KHOI HOSPITAL,10807,สำนักงานปลัดกระทรวงสาธารณสุข (สป.สธ.),โรงพยาบาลชุมชน(รพช.),60,60,TRUE,จัดทำใบประกาศนียบัตร,NULL,NULL,NULL,NULL,NULL,NULL,NULL,NULL,NULL
4,สระบุรี,โรงพยาบาลหนองแค,NONGKHAE HOSPITAL,10808,สำนักงานปลัดกระทรวงสาธารณสุข (สป.สธ.),โรงพยาบาลชุมชน(รพช.),90,69,TRUE,จัดทำใบประกาศนียบัตร,NULL,NULL,NULL,NULL,NULL,NULL,NULL,NULL,NULL
4,สระบุรี,โรงพยาบาลวิหารแดง,WIHANDANG HOSPITAL,10809,สำนักงานปลัดกระทรวงสาธารณสุข (สป.สธ.),โรงพยาบาลชุมชน(รพช.),30,30,TRUE,NULL,NULL,NULL,NULL,NULL,NULL,NULL,NULL,NULL,NULL
4,สระบุรี,โรงพยาบาลหนองแซง,NONGSAENG HOSPITAL,10810,สำนักงานปลัดกระทรวงสาธารณสุข (สป.สธ.),โรงพยาบาลชุมชน(รพช.),10,24,TRUE,NULL,NULL,NULL,NULL,NULL,NULL,NULL,NULL,NULL,NULL
4,สระบุรี,โรงพยาบาลบ้านหมอ,BANMO HOSPITAL,10811,สำนักงานปลัดกระทรวงสาธารณสุข (สป.สธ.),โรงพยาบาลชุมชน(รพช.),30,32,TRUE,จัดทำใบประกาศนียบัตร,NULL,NULL,NULL,NULL,NULL,NULL,NULL,NULL,NULL
4,สระบุรี,โรงพยาบาลดอนพุด,DONPHUT HOSPITAL,10812,สำนักงานปลัดกระทรวงสาธารณสุข (สป.สธ.),โรงพยาบาลชุมชน(รพช.),30,15,TRUE,NULL,NULL,NULL,NULL,NULL,NULL,NULL,NULL,NULL,NULL
4,สระบุรี,โรงพยาบาลหนองโดน,NONGDON HOSPITAL,10813,สำนักงานปลัดกระทรวงสาธารณสุข (สป.สธ.),โรงพยาบาลชุมชน(รพช.),10,30,TRUE,จัดทำใบประกาศนียบัตร,NULL,NULL,NULL,NULL,NULL,NULL,NULL,NULL,NULL
4,สระบุรี,โรงพยาบาลเสาไห้เฉลิมพระเกียรติ ๘๐ พรรษา,SAOHAI CHALOEMPHAKIAT 80 PHANSA HOSPITAL,10814,สำนักงานปลัดกระทรวงสาธารณสุข (สป.สธ.),โรงพยาบาลชุมชน(รพช.),30,30,TRUE,NULL,NULL,NULL,NULL,NULL,NULL,NULL,NULL,NULL,NULL
4,สระบุรี,โรงพยาบาลมวกเหล็ก,MUAKLEK HOSPITAL,10815,สำนักงานปลัดกระทรวงสาธารณสุข (สป.สธ.),โรงพยาบาลชุมชน(รพช.),30,34,TRUE,จัดทำใบประกาศนียบัตร,36,"เวชศาสตร์ครอบครัว,การแพทย์ทางเลือกและการแพทย์แผนจีน (ฝังเข็ม)",56922,"ปี 2563 จำนวนผู้ป่วยนอก 116,895 ราย ผู้ป่วยใน 2,779 ราย",116895,2779,73,3,"STEMI, SEPSIS, STROKE"
4,สระบุรี,โรงพยาบาลวังม่วงสัทธรรม,WANGMUANGSATTHAM HOSPITAL,10816,สำนักงานปลัดกระทรวงสาธารณสุข (สป.สธ.),โรงพยาบาลชุมชน(รพช.),30,30,TRUE,รอเข้าคณะอนุกรรมการพิจารณา,NULL,NULL,NULL,NULL,NULL,NULL,NULL,NULL,NULL
6,ชลบุรี,โรงพยาบาลบ้านบึง,BANBUNG HOSPITAL,10817,สำนักงานปลัดกระทรวงสาธารณสุข (สป.สธ.),โรงพยาบาลชุมชน(รพช.),120,145,TRUE,รอเข้าคณะอนุกรรมการพิจารณา,NULL,NULL,NULL,NULL,NULL,NULL,NULL,NULL,NULL
6,ชลบุรี,โรงพยาบาลหนองใหญ่,NONGYAI HOSPITAL,10818,สำนักงานปลัดกระทรวงสาธารณสุข (สป.สธ.),โรงพยาบาลชุมชน(รพช.),30,30,TRUE,(คณะอนุกรรมการ)พิจารณารับรอง,NULL,NULL,NULL,NULL,NULL,NULL,NULL,NULL,NULL
6,ชลบุรี,โรงพยาบาลบางละมุง,BANGLAMUNG HOSPITAL,10819,สำนักงานปลัดกระทรวงสาธารณสุข (สป.สธ.),โรงพยาบาลทั่วไป(รพท.),250,250,TRUE,NULL,NULL,NULL,NULL,NULL,NULL,NULL,NULL,NULL,NULL
6,ชลบุรี,โรงพยาบาลวัดญาณสังวราราม,WAT YANSANGWARARAM HOSPITAL,10820,สำนักงานปลัดกระทรวงสาธารณสุข (สป.สธ.),โรงพยาบาลชุมชน(รพช.),30,30,TRUE,จัดทำใบประกาศนียบัตร,NULL,NULL,NULL,NULL,NULL,NULL,NULL,NULL,NULL
6,ชลบุรี,โรงพยาบาลพานทอง,PHANTHONG HOSPITAL,10821,สำนักงานปลัดกระทรวงสาธารณสุข (สป.สธ.),โรงพยาบาลชุมชน(รพช.),60,60,TRUE,NULL,22,การดำเนินงานเชิงรุก,73826,ปี 2563 (ตุลาคม 2562 - กันยายน 2563),235671,5973,86.53,3.18,DM/ HT/ STEMI/ Stroke/ Sepsis/ DHF/ TB/ Head injury/ Multiple trauma/PPH
6,ชลบุรี,โรงพยาบาลพนัสนิคม,PHANAT NIKHOM HOSPITAL,10822,สำนักงานปลัดกระทรวงสาธารณสุข (สป.สธ.),โรงพยาบาลชุมชน(รพช.),120,185,TRUE,NULL,NULL,NULL,NULL,NULL,NULL,NULL,NULL,NULL,NULL
6,ชลบุรี,โรงพยาบาลแหลมฉบัง,LAEMCHABANG HOSPITAL,10823,สำนักงานปลัดกระทรวงสาธารณสุข (สป.สธ.),โรงพยาบาลชุมชน(รพช.),90,120,TRUE,เขียนรายงาน,NULL,NULL,NULL,NULL,NULL,NULL,NULL,NULL,NULL
6,ชลบุรี,โรงพยาบาลเกาะสีชัง,KOH SICHANG HOSPITAL,10824,สำนักงานปลัดกระทรวงสาธารณสุข (สป.สธ.),โรงพยาบาลชุมชน(รพช.),30,30,TRUE,จัดทำใบประกาศนียบัตร,34,การส่งเสริม ป้องกัน รักษา ฟื้นฟู การทำงานชุมชน,3109,2564( ตุลาคม 2563-สิงหาคม 2564),28357,203,42.21,6.25,"NCD : DM, HT, CKD <br />Acute : Stroke , STEMI, Sepsis , Appendicitis , Trauma Head Injury<br />CD : TB, DHF, Co-vid -19"
6,ชลบุรี,โรงพยาบาลสัตหีบ กม.10,SATTAHIP K.M.10 HOSPITAL,10825,สำนักงานปลัดกระทรวงสาธารณสุข (สป.สธ.),โรงพยาบาลชุมชน(รพช.),60,56,TRUE,NULL,NULL,NULL,NULL,NULL,NULL,NULL,NULL,NULL,NULL
6,ชลบุรี,โรงพยาบาลบ่อทอง,BOTHONG HOSPITAL,10826,สำนักงานปลัดกระทรวงสาธารณสุข (สป.สธ.),โรงพยาบาลชุมชน(รพช.),60,60,TRUE,NULL,NULL,NULL,NULL,NULL,NULL,NULL,NULL,NULL,NULL
6,ระยอง,โรงพยาบาลเฉลิมพระเกียรติ สมเด็จพระเทพรัตนราชสุดาฯ สยามบรมราชกุมารี ระยอง,MABTAPHUT HOSPITAL,10827,สำนักงานปลัดกระทรวงสาธารณสุข (สป.สธ.),โรงพยาบาลทั่วไป(รพท.),200,162,TRUE,จัดทำใบประกาศนียบัตร,NULL,NULL,NULL,NULL,NULL,NULL,NULL,NULL,NULL
6,ระยอง,โรงพยาบาลบ้านฉาง,BANCHANG HOSPITAL,10828,สำนักงานปลัดกระทรวงสาธารณสุข (สป.สธ.),โรงพยาบาลชุมชน(รพช.),120,70,TRUE,จัดทำใบประกาศนียบัตร,NULL,NULL,NULL,NULL,NULL,NULL,NULL,NULL,NULL
6,ระยอง,โรงพยาบาลแกลง,KLAENG HOSPITAL,10829,สำนักงานปลัดกระทรวงสาธารณสุข (สป.สธ.),โรงพยาบาลทั่วไป(รพท.),200,224,TRUE,รอการจัดเยี่ยมสำรวจ,0,ศูนย์บริบาลผู้บาดเจ็บระดับ 3,180154,ปี 2565 (ตุลาคม 2564 - กุมภาพันธ์2565),68553,3530,62,3.74,"sepsis,  stemi,TBI, Chest  injury ,PIH , Stroke,Rupture Appendicitis,Ectopic Pregnancy,Birth asphyxia,neonatal sepsis,# femer  failed implant ,Covid 19"
6,ระยอง,โรงพยาบาลวังจันทร์,WANGCHAN HOSPITAL,10830,สำนักงานปลัดกระทรวงสาธารณสุข (สป.สธ.),โรงพยาบาลชุมชน(รพช.),30,42,TRUE,NULL,60,การสร้างเสริม ป้องกันและฟื้นฟูสุขภาพด้วยการผสมผสานด้านการแพทย์แผนไทย,24570,ปี2563,81881,1758,49.1,3.2,"1.Non Trauma  Acuteได้แก่ STEMI, Stroke,Sepsis , PPH และChronicได้แก่ DM , HTN ,COPD,AIDS , TB ,จิตเวช<br />2.Trauma ได้แก่ Head injury  c Multiple trauma<br />3.ภัยสุขภาพ :ไข้เลือดออก /Teenage Pregnancy<br />4.อื่นๆ ยาเสพติด"
6,ระยอง,โรงพยาบาลบ้านค่าย,BANKHAI HOSPITAL,10831,สำนักงานปลัดกระทรวงสาธารณสุข (สป.สธ.),โรงพยาบาลชุมชน(รพช.),38,30,TRUE,จัดทำใบประกาศนียบัตร,NULL,NULL,NULL,NULL,NULL,NULL,NULL,NULL,NULL
6,ระยอง,โรงพยาบาลปลวกแดง,PLUAKDAENG HOSPITAL,10832,สำนักงานปลัดกระทรวงสาธารณสุข (สป.สธ.),โรงพยาบาลชุมชน(รพช.),30,60,TRUE,NULL,NULL,NULL,NULL,NULL,NULL,NULL,NULL,NULL,NULL
6,ฉะเชิงเทรา,โรงพยาบาลท่าตะเกียบ,THATAKIAB HOSPITAL,10833,สำนักงานปลัดกระทรวงสาธารณสุข (สป.สธ.),โรงพยาบาลชุมชน(รพช.),30,41,TRUE,NULL,NULL,NULL,NULL,NULL,NULL,NULL,NULL,NULL,NULL
6,จันทบุรี,โรงพยาบาลขลุง,KHLUNG HOSPITAL,10834,สำนักงานปลัดกระทรวงสาธารณสุข (สป.สธ.),โรงพยาบาลชุมชน(รพช.),30,34,TRUE,NULL,NULL,NULL,NULL,NULL,NULL,NULL,NULL,NULL,NULL
6,จันทบุรี,โรงพยาบาลท่าใหม่,THAMAI HOSPITAL,10835,สำนักงานปลัดกระทรวงสาธารณสุข (สป.สธ.),โรงพยาบาลชุมชน(รพช.),30,30,TRUE,NULL,NULL,NULL,NULL,NULL,NULL,NULL,NULL,NULL,NULL
6,จันทบุรี,โรงพยาบาลเขาสุกิม,KHAOSUKIM HOSPITAL,10836,สำนักงานปลัดกระทรวงสาธารณสุข (สป.สธ.),โรงพยาบาลชุมชน(รพช.),30,30,TRUE,NULL,24,1. การสร้างความร่วมมือกับเครือข่ายโรค DM / HT  2. การแพทย์ผสมผสาน(แผนปัจจุบัน/แพทย์ทางเลือกสมาธิบำบัด/โยคะบำบัด/แพทย์แผนไทย) ,18273,ปี 2564 (เดือน ต.ค.2563 - มิ.ย.2564),22107,2846,84.3,3.2,"Trauma:Multiple trauma & Head injury<br />Nontrauma:<br />	Acute: STEMI, Acute Stroke, Sepsis, Dengue infection, PPH, Febrile convulsion, Pneumonia<br />        Chronic:DM, HT, ASthma, COPD<br />"
6,จันทบุรี,โรงพยาบาลสองพี่น้อง,SONGPEENONG HOSPITAL,10837,สำนักงานปลัดกระทรวงสาธารณสุข (สป.สธ.),โรงพยาบาลชุมชน(รพช.),30,30,TRUE,รอการจัดเยี่ยมสำรวจ,20,Cohort ward,22892,ปี 2564 (เดือนตุลาคม 2563 - เดือนกันยายน 2564),71072,1209,50.99,4.6,"DM, HT, Stroke, STEMI"
6,จันทบุรี,โรงพยาบาลโป่งน้ำร้อน,PONGNUMRON HOSPITAL,10838,สำนักงานปลัดกระทรวงสาธารณสุข (สป.สธ.),โรงพยาบาลชุมชน(รพช.),60,69,TRUE,NULL,43,มีความเชี่ยวชาญด้านการป้องกันและควบคุมโรคติดต่อชายแดน และ primary care,45645,ปี 2564 (ตุลาคม2563-เมษายน 2564),28002,1745,52.66,3.84,"1.NCD : DM, HT, COPD<br />2.High risk : MI, sepsis, stroke<br />3.โรคติดต่อในพื้นที่และโรคติดต่อชายแดน : TB, Syphilis, Dengue fever, Covid-19"
6,จันทบุรี,โรงพยาบาลมะขาม,MAKHAM HOSPITAL,10839,สำนักงานปลัดกระทรวงสาธารณสุข (สป.สธ.),โรงพยาบาลชุมชน(รพช.),30,35,TRUE,เขียนรายงาน,15,•การดูแลผู้ป่วยโรคเรื้อรังแบบองค์รวม เช่น เบาหวาน ความดันโลหิตสูง โรคถุงลมโป่งพอง <br />•การทำงานเป็นทีมร่วมมือกับภาคีเครือข่าย <br />,32049,เดือนตุลาคม2563-เดือนกันยายน2564,107172,1963,57.31,3.26,"1.Trauma: Multiple Trauma <br />2.Non Trauma: MI, Stroke,  HT, DM, COPD<br />3.ภัยสุขภาพ: อุบัติเหตุจราจร <br />4.ปัญหาโรคติดเชื้อ:  Sepsis, TB, Pneumonia<br />"
6,จันทบุรี,โรงพยาบาลแหลมสิงห์,LAEMSING HOSPITAL,10840,สำนักงานปลัดกระทรวงสาธารณสุข (สป.สธ.),โรงพยาบาลชุมชน(รพช.),30,30,TRUE,เขียนรายงาน,20,การดูแลผู้ป่วยโรคเรื้อรังร่วมกับเครือข่าย,301860,ปี2020-2021 (ตุลาคม- กันยายน),74599,24360,60,19,โรคเบาเหวาน โรคความดันโลหิตสูง โรคหลอดเลือดสมอง โรคหัวใจ โรคติดเชื้อในกระแสเลือด
6,จันทบุรี,โรงพยาบาลสอยดาว,SOIDAO HOSPITAL,10841,สำนักงานปลัดกระทรวงสาธารณสุข (สป.สธ.),โรงพยาบาลชุมชน(รพช.),60,62,TRUE,NULL,72,ไม่มี,64436,ปี 2563 (1 ต.ค.63-30 ก.ย.64),97741,3766,54.87,3.19,"1.Dead :STEMI, Pneumonia                     <br />2.โรคเรื้อรัง : DM, COPD<br />3. เฝ้าระวัง : TB, HIV,จิตเวช<br />4. โรคที่ต้องส่งต่อ : HI, Stroke, Sepsis<br />5.กลุ่มแม่และเด็ก : PPH, BA"
6,จันทบุรี,โรงพยาบาลแก่งหางแมว,KEANGHANGMEOW HOSPITAL,10842,สำนักงานปลัดกระทรวงสาธารณสุข (สป.สธ.),โรงพยาบาลชุมชน(รพช.),30,34,TRUE,NULL,76,กลุ่มโรคเรื้อรัง,30000,"93,001",61448,2231,75.42,3.9,HT  DM  Stroke Sepsis
6,จันทบุรี,โรงพยาบาลนายายอาม,NAYAIAM HOSPITAL,10843,สำนักงานปลัดกระทรวงสาธารณสุข (สป.สธ.),โรงพยาบาลชุมชน(รพช.),30,37,TRUE,รอการจัดเยี่ยมสำรวจ,43,การบริการการแพทย์ ฉุกเฉิน DM HT LTC,34096,ปีงบประมาณ 2564 ( ตค.63 -กย.64),103063,2006,72.31,20.91,DM HT HI STOKE STEMI
6,จันทบุรี,โรงพยาบาลเขาคิชฌกูฏ,KHAO KHITCHAKUT HOSPITAL,10844,สำนักงานปลัดกระทรวงสาธารณสุข (สป.สธ.),โรงพยาบาลชุมชน(รพช.),30,30,TRUE,รอการจัดเยี่ยมสำรวจ,30,1.ให้บริการ 4 มิติ (รักษา ส่งเสริม ป้องกัน และฟื้นฟู)  2.ทำงานเป็นทีมร่วมกับภาคีเครือข่าย<br />,6510,2564(9เดือน),50141,1303,50.28,2.96,"1.กลุ่มโรคที่พบมาก : ได้แก่ โรคเรื้อรัง DM, HT และ COPD <br />2.กลุ่มโรคที่เสี่ยงสูง : ได้แก่  Stroke, STEMI,  trauma ,Sepsis, PPH  <br />3.กลุ่มโรคที่มีข้อจำกัดในการให้บริการ / ต้องส่งต่อ: ได้แก่<br />- กลุ่มโรคฉุกเฉิน ได้แก่ STEMI และ Stroke ต้องส่งต่อไปรับยาฉุกเฉินที่รพศ. อย่างรวดเร็วทันเวลา<br />- กลุ่มโรคที่ต้องใช้แพทย์เฉพาะทาง : โรคที่ต้องรักษาโดยการผ่าตัด เช่น ไส้ติ่งอักเสบ และการผ่าตัดคลอด <br />- กลุ่มโรคที่ต้องใช้อุปกรณ์พิเศษในการตรวจรักษา เช่น Head Injury ต้อง CT scan<br />4.กลุ่มปัญหาสุขภาพที่เป็นโอกาสพัฒนา ได้แก่ DHF และ อุบัติเหตุจราจร<br />5.กลุ่มติดบ้านติดเตียง <br />6.โรคอุบัติใหม่ ได้แก่ โควิด-19"
6,ตราด,โรงพยาบาลคลองใหญ่,KLONGYAI HOSPITAL,10845,สำนักงานปลัดกระทรวงสาธารณสุข (สป.สธ.),โรงพยาบาลชุมชน(รพช.),30,36,TRUE,NULL,NULL,NULL,NULL,NULL,NULL,NULL,NULL,NULL,NULL
6,ตราด,โรงพยาบาลเขาสมิง,KHAOSAMING HOSPITAL,10846,สำนักงานปลัดกระทรวงสาธารณสุข (สป.สธ.),โรงพยาบาลชุมชน(รพช.),38,36,TRUE,NULL,NULL,NULL,NULL,NULL,NULL,NULL,NULL,NULL,NULL
6,ตราด,โรงพยาบาลบ่อไร่,BORAI HOSPITAL,10847,สำนักงานปลัดกระทรวงสาธารณสุข (สป.สธ.),โรงพยาบาลชุมชน(รพช.),30,38,TRUE,NULL,NULL,NULL,NULL,NULL,NULL,NULL,NULL,NULL,NULL
6,ตราด,โรงพยาบาลแหลมงอบ,LAEMNGOP HOSPITAL,10848,สำนักงานปลัดกระทรวงสาธารณสุข (สป.สธ.),โรงพยาบาลชุมชน(รพช.),35,35,TRUE,อยู่ระหว่างต่ออายุ,NULL,NULL,NULL,NULL,NULL,NULL,NULL,NULL,NULL
6,ตราด,โรงพยาบาลเกาะกูด,KO KUT HOSPITAL,10849,สำนักงานปลัดกระทรวงสาธารณสุข (สป.สธ.),โรงพยาบาลชุมชน(รพช.),10,8,TRUE,จัดทำใบประกาศนียบัตร,NULL,NULL,NULL,NULL,NULL,NULL,NULL,NULL,NULL
6,ฉะเชิงเทรา,โรงพยาบาลบางคล้า,BANGKHLA HOSPITAL,10850,สำนักงานปลัดกระทรวงสาธารณสุข (สป.สธ.),โรงพยาบาลชุมชน(รพช.),30,50,TRUE,รอการจัดเยี่ยมสำรวจ,25,ให้บริการผู้ป่วยโรคเรื้อรังโดยประสานงานร่วมกับเครือข่ายสุขภาพ,45670,2564,0,0,0,0," - Trauma :  TBI - Non Trauma : Acute : (STEMI. Pneumonia, Sepsis) - Chronic : (TB, COPD Asthma, DM, HT, Stroke, CKD) -  ภัยสุขภาพ - โควิด 19"
6,ฉะเชิงเทรา,โรงพยาบาลบางน้ำเปรี้ยว,BANGNAMPRIEO HOSPITAL,10851,สำนักงานปลัดกระทรวงสาธารณสุข (สป.สธ.),โรงพยาบาลชุมชน(รพช.),64,64,TRUE,NULL,NULL,NULL,NULL,NULL,NULL,NULL,NULL,NULL,NULL
6,ฉะเชิงเทรา,โรงพยาบาลบางปะกง,BANGPAKONG  HOSPITAL,10852,สำนักงานปลัดกระทรวงสาธารณสุข (สป.สธ.),โรงพยาบาลชุมชน(รพช.),90,90,TRUE,NULL,NULL,NULL,NULL,NULL,NULL,NULL,NULL,NULL,NULL
6,ฉะเชิงเทรา,โรงพยาบาลบ้านโพธิ์,BANPHO HOSPITAL,10853,สำนักงานปลัดกระทรวงสาธารณสุข (สป.สธ.),โรงพยาบาลชุมชน(รพช.),30,61,TRUE,NULL,13,ความสามารถในการทำงานร่วมกันกับเครือข่ายในการดูแลผู้ป่วยอุบัติเหตุฉุกเฉินและโรคเรื้อรัง,53012,ปี 2564 (ตุลาคม 2563 - กันยายน 2564) ,85397,3707,115.23,5.38,1. Covid-19<br />2. Sepsis<br />3.Stroke<br />4.CKD<br />5.COPD<br />6.Multiple trauma<br />7.STEMI<br />8.TB<br />9.DM
6,ฉะเชิงเทรา,โรงพยาบาลพนมสารคาม,PHANOMSARAKHAM HOSPITAL,10854,สำนักงานปลัดกระทรวงสาธารณสุข (สป.สธ.),โรงพยาบาลชุมชน(รพช.),90,119,TRUE,NULL,NULL,NULL,NULL,NULL,NULL,NULL,NULL,NULL,NULL
6,ฉะเชิงเทรา,โรงพยาบาลสนามชัยเขต,SANAMCHAIKHET HOSPITAL,10855,สำนักงานปลัดกระทรวงสาธารณสุข (สป.สธ.),โรงพยาบาลชุมชน(รพช.),120,121,TRUE,NULL,NULL,NULL,NULL,NULL,NULL,NULL,NULL,NULL,NULL
6,ฉะเชิงเทรา,โรงพยาบาลแปลงยาว,PLAENGYAO HOSPITAL,10856,สำนักงานปลัดกระทรวงสาธารณสุข (สป.สธ.),โรงพยาบาลชุมชน(รพช.),30,52,TRUE,NULL,NULL,NULL,NULL,NULL,NULL,NULL,NULL,NULL,NULL
6,ปราจีนบุรี,โรงพยาบาลกบินทร์บุรี,KABINBURI HOSPITAL,10857,สำนักงานปลัดกระทรวงสาธารณสุข (สป.สธ.),โรงพยาบาลทั่วไป(รพท.),180,205,TRUE,NULL,NULL,NULL,NULL,NULL,NULL,NULL,NULL,NULL,NULL
6,ปราจีนบุรี,โรงพยาบาลนาดี,NADEE HOSPITAL,10858,สำนักงานปลัดกระทรวงสาธารณสุข (สป.สธ.),โรงพยาบาลชุมชน(รพช.),60,70,TRUE,เขียนรายงาน,NULL,NULL,NULL,NULL,NULL,NULL,NULL,NULL,NULL
6,ปราจีนบุรี,โรงพยาบาลบ้านสร้าง,BANSANG HOSPITAL,10859,สำนักงานปลัดกระทรวงสาธารณสุข (สป.สธ.),โรงพยาบาลชุมชน(รพช.),30,30,TRUE,NULL,20,ภาคีเครือข่ายเข้มแข็ง,29760,ปี 2564 ( 1 ตุลาคม 2563 - 30 กันยายน 2564 ),23299,1379,81.55,6.48,"Acute : Stroke ,STEMI, SEPSIS , TBI<br />NCD : DM , HT , CKD , COPD<br />Infection : TB , HIV<br />ภัยสุขภาพ : COVID-19 , Drowning ,Traffic injury"
6,ปราจีนบุรี,โรงพยาบาลประจันตคาม,PRACHANTAKAM HOSPITAL,10860,สำนักงานปลัดกระทรวงสาธารณสุข (สป.สธ.),โรงพยาบาลชุมชน(รพช.),30,30,TRUE,ยืนยันการเยี่ยม,NULL,NULL,NULL,NULL,NULL,NULL,NULL,NULL,NULL
6,ปราจีนบุรี,โรงพยาบาลศรีมหาโพธิ,SRIMAHAPHOT HOSPITAL,10861,สำนักงานปลัดกระทรวงสาธารณสุข (สป.สธ.),โรงพยาบาลชุมชน(รพช.),60,60,TRUE,NULL,NULL,NULL,NULL,NULL,NULL,NULL,NULL,NULL,NULL
6,ปราจีนบุรี,โรงพยาบาลศรีมโหสถ,SRIMAHOSOT HOSPITAL,10862,สำนักงานปลัดกระทรวงสาธารณสุข (สป.สธ.),โรงพยาบาลชุมชน(รพช.),30,30,TRUE,รอการจัดเยี่ยมสำรวจ,NULL,NULL,NULL,NULL,NULL,NULL,NULL,NULL,NULL
4,นครนายก,โรงพยาบาลปากพลี,PAKPLEE HOSPITAL,10863,สำนักงานปลัดกระทรวงสาธารณสุข (สป.สธ.),โรงพยาบาลชุมชน(รพช.),10,10,TRUE,NULL,NULL,NULL,NULL,NULL,NULL,NULL,NULL,NULL,NULL
4,นครนายก,โรงพยาบาลบ้านนา,BANNA HOSPITAL,10864,สำนักงานปลัดกระทรวงสาธารณสุข (สป.สธ.),โรงพยาบาลชุมชน(รพช.),90,70,TRUE,NULL,NULL,NULL,NULL,NULL,NULL,NULL,NULL,NULL,NULL
4,นครนายก,โรงพยาบาลองครักษ์,ONGKHARAK HOSPITAL,10865,สำนักงานปลัดกระทรวงสาธารณสุข (สป.สธ.),โรงพยาบาลชุมชน(รพช.),60,33,TRUE,NULL,NULL,NULL,NULL,NULL,NULL,NULL,NULL,NULL,NULL
6,สระแก้ว,โรงพยาบาลคลองหาด,KLONGHAT HOSPITAL,10866,สำนักงานปลัดกระทรวงสาธารณสุข (สป.สธ.),โรงพยาบาลชุมชน(รพช.),30,30,TRUE,NULL,NULL,NULL,NULL,NULL,NULL,NULL,NULL,NULL,NULL
6,สระแก้ว,โรงพยาบาลตาพระยา,TAPHRAYA HOSPITAL,10867,สำนักงานปลัดกระทรวงสาธารณสุข (สป.สธ.),โรงพยาบาลชุมชน(รพช.),30,49,TRUE,NULL,NULL,NULL,NULL,NULL,NULL,NULL,NULL,NULL,NULL
6,สระแก้ว,โรงพยาบาลวังน้ำเย็น,WANGNAMYEN HOSPITAL,10868,สำนักงานปลัดกระทรวงสาธารณสุข (สป.สธ.),โรงพยาบาลชุมชน(รพช.),60,60,TRUE,รอการจัดเยี่ยมสำรวจ,43,มีแพทย์เฉพาะทาง กุมารแพทย์ดูแลกลุ่มผู้ป่วยเด็กวิกฤติ เด็กเรื้อรัง เด็กสมาธิสั้น<br />ตรวจรักษาผู้ป่วยฉุกเฉิน 24 ชั่วโมง ตรวจโรคทั่วไป ผู้ป่วยนอกและผู้ป่วยใน โดยเน้น Home ward (IPD ในชุมชน) และstroke ในชุมชน<br />การส่งเสริมสุขภาพ (มหัศจรรย์ 1000 วันแรก)<br />ป้องกันการแพร่กระจายเชื้อในชุมชนTBmobile/TB( 4 days)<br />รับดูแลผู้ป่วย IMCส่งกลับ<br />ฟื้นฟู/นวดกระตุ้นพัฒนาการเด็กพิการCerebral palsy<br />สนับสนุนเครือข่าย รพ.สต. เช่น ชุด PPE CSSD ยา-วัคซีน,52922,184978,180304,4654,90.93,4.29,"1. กลุ่มโรคไม่ติดต่อเรื้อรัง   ประกอบด้วย        DM, HT, Sepsis, Pneumonia<br />2. กุ่มโรคติดต่อเรื้อรัง         ประกอบด้วย        TB, HIV<br />3. กลุ่มโรคในหญิงตั้งครรภ์และทารก        ประกอบด้วย        PPH, BA<br />4. กลุ่มโรคทางจิตเวช         ประกอบด้วย        ภาวะฆ่าตัวตาย โรคซึมเศร้า และพัฒนาการของเด็ก <br />5. กลุ่มโรคที่เกิดจากสารเสพติด  ประกอบด้วย        ภาวะติดสุราเรื้อรัง <br />6. กลุ่มโรคระบาด              ประกอบด้วย       DHF,COVID-19<br />7. กลุ่มโรคอุบัติเหตุ ฉุกเฉิน และส่งต่อ       ประกอบด้วย         STROKE, STEMI, HI, Multiple trauma<br />8.ภัยสุขภาพ         ประกอบด้วย อุบัติเหตุในเด็ก   อุบัติเหตุจราจร และการตั้งครรภ์ก่อนวัยอันควร<br />กลุ่มโรค/หัตถการที่วางแผนจำหน่าย : IMC, DM, HT, TB, COPD, CA end-stage, ผู้ป่วยที่ต้องคาสายต่างๆ กลับบ้าน และ Bed sore"
6,สระแก้ว,โรงพยาบาลวัฒนานคร,WATTHANANAKHON HOSPITAL,10869,สำนักงานปลัดกระทรวงสาธารณสุข (สป.สธ.),โรงพยาบาลชุมชน(รพช.),60,77,TRUE,NULL,NULL,NULL,NULL,NULL,NULL,NULL,NULL,NULL,NULL
6,สระแก้ว,โรงพยาบาลอรัญประเทศ,ARANYAPRATHET HOSPITAL,10870,สำนักงานปลัดกระทรวงสาธารณสุข (สป.สธ.),โรงพยาบาลทั่วไป(รพท.),151,180,TRUE,NULL,NULL,NULL,NULL,NULL,NULL,NULL,NULL,NULL,NULL
9,นครราชสีมา,โรงพยาบาลครบุรี,KHONBURI HOSPITAL,10871,สำนักงานปลัดกระทรวงสาธารณสุข (สป.สธ.),โรงพยาบาลชุมชน(รพช.),120,120,TRUE,เขียนรายงาน,58,1. ระบบดูแลโรคเรื้อรัง<br />2. แม่ข่ายระดับ M2 <br />3. ศูนย์จักษุชนบท,96314,ปี 2563,192216,10124,84.37,3.59,"1. กลุ่มผู้ป่วยฉุกเฉิน ได้แก่ กลุ่มผู้ป่วย MI ,STROKES , Sepsis , Traumatic brain injury <br />2. กลุ่มโรคเรื้อรัง ได้แก่ DM, HT, CKD, COPD, Asthma<br />3. โรคติดเชื้อ ได้แก่ TB, DHF, ARV<br />4. กลุ่มโรคระบาด ได้แก่ Covid-19<br />5. ปัญหาอื่นที่คุกคามต่อภาวะสุขภาพ ได้แก่ อุบัติเหตุจราจร  ยาเสพติด  สุขภาพจิต<br />"
9,นครราชสีมา,โรงพยาบาลเสิงสาง,SOENGSANG HOSPITAL,10872,สำนักงานปลัดกระทรวงสาธารณสุข (สป.สธ.),โรงพยาบาลชุมชน(รพช.),60,54,TRUE,อยู่ระหว่างต่ออายุ,92,มีความสามารถในการประสานงานกับภาคีเครือข่ายในการดูแลสุขภาพประชาชน,69641,ปี2562(ตุลาคม2561-ปี2564(กันยายน 2564),473714,14803,95.1,5.5,Sepsis<br />MI<br />Stroke<br />Head injury<br />Covid-19
9,นครราชสีมา,โรงพยาบาลคง,KHONG HOSPITAL,10873,สำนักงานปลัดกระทรวงสาธารณสุข (สป.สธ.),โรงพยาบาลชุมชน(รพช.),60,60,TRUE,NULL,NULL,NULL,NULL,NULL,NULL,NULL,NULL,NULL,NULL
9,นครราชสีมา,โรงพยาบาลบ้านเหลื่อม,BANLUEAM HOSPITAL,10874,สำนักงานปลัดกระทรวงสาธารณสุข (สป.สธ.),โรงพยาบาลชุมชน(รพช.),30,35,TRUE,จัดทำใบประกาศนียบัตร,NULL,NULL,NULL,NULL,NULL,NULL,NULL,NULL,NULL
9,นครราชสีมา,โรงพยาบาลจักราช,CHAKKARAT HOSPITAL,10875,สำนักงานปลัดกระทรวงสาธารณสุข (สป.สธ.),โรงพยาบาลชุมชน(รพช.),60,60,TRUE,จัดทำใบประกาศนียบัตร,NULL,NULL,NULL,NULL,NULL,NULL,NULL,NULL,NULL
9,นครราชสีมา,โรงพยาบาลโชคชัย,CHOKCHAI HOSPITAL,10876,สำนักงานปลัดกระทรวงสาธารณสุข (สป.สธ.),โรงพยาบาลชุมชน(รพช.),60,85,TRUE,จัดทำใบประกาศนียบัตร,NULL,NULL,NULL,NULL,NULL,NULL,NULL,NULL,NULL
9,นครราชสีมา,โรงพยาบาลด่านขุนทด,DANKHUNTHOD HOSPITAL,10877,สำนักงานปลัดกระทรวงสาธารณสุข (สป.สธ.),โรงพยาบาลชุมชน(รพช.),90,125,TRUE,รอเข้าคณะอนุกรรมการพิจารณา,84,1. งานอนามัยแม่และเด็ก<br />2. การดูแลด้านอายุรกรรม<br />3. การส่งเสริมสุขภาพและการพัฒนาศักยภาพชุมชน,128513,ปี 2564 (เดือนตุลาคม 2562 - เดือนกันยายน 2563),216093,10686,93.35,3,"1. Chronic disease: DM HT COPD Asthma CKD Heart disease <br />2. ER: ACS Stroke Sepsis/Septic shock Head injury<br />3. โรคติดเชื้อ Pneumonia HIV STI TB (MDR-TB) เชื้อดื้อยา <br />4. สูติกรรม กุมารเวชกรรม: GDM Teenage pregnancy PIH ทารกวิกฤต <br />5. LTC: Palliative care, ติดเตียง, ผู้พิการ, ผู้สูงอายุในชุมชน<br />6.โรคอุบัติใหม่-อุบัติซ้ำ: COVID-19 DF/DHF HFM Influenza Leptospirosis streptococcus suis Brucellosis "
9,นครราชสีมา,โรงพยาบาลโนนไทย,NONTHAI HOSPITAL,10878,สำนักงานปลัดกระทรวงสาธารณสุข (สป.สธ.),โรงพยาบาลชุมชน(รพช.),90,87,TRUE,NULL,30,การดูแลผู้ป่วยDHF  ,71034,ปี 2564 ( ต.ค.63-ก.ย.64),40549,4236,62.23,3.72,"Stroke STEMI  Sepsis  DHF COPD,Pneumonia"
9,นครราชสีมา,โรงพยาบาลโนนสูง,NONSUNG  HOSPITAL,10879,สำนักงานปลัดกระทรวงสาธารณสุข (สป.สธ.),โรงพยาบาลชุมชน(รพช.),60,77,TRUE,NULL,NULL,NULL,NULL,NULL,NULL,NULL,NULL,NULL,NULL
9,นครราชสีมา,โรงพยาบาลขามสะแกแสง,KHAMSAKAESAENG HOSPITAL,10880,สำนักงานปลัดกระทรวงสาธารณสุข (สป.สธ.),โรงพยาบาลชุมชน(รพช.),60,54,TRUE,จัดทำใบประกาศนียบัตร,NULL,NULL,NULL,NULL,NULL,NULL,NULL,NULL,NULL
9,นครราชสีมา,โรงพยาบาลบัวใหญ่,BUAYAI HOSPITAL,10881,สำนักงานปลัดกระทรวงสาธารณสุข (สป.สธ.),โรงพยาบาลชุมชน(รพช.),170,176,TRUE,NULL,100,ให้บริการตรวจรักษาโรคทั่วไป และภาวะฉุกเฉิน  ให้การรักษาในระดับสาขาหลักในสาขาสูติกรรม ศัลยกรรม  ศัลยกรรมกระดูก อายุรกรรม กุมารเวชกรรม วิสัญญีวิทยา  จักษุวิทยา (จัดบริการร่วมกับรพ.มหาราชนครราชสีมา) เวชศาสตร์ครอบครัว เวชศาสตร์ฉุกเฉิน และบริการทันตกรรม,82394,ปี 2564 ,223626,12586,83.38,4.25,เป็นโรคที่มาจาก High risk/volum และเป็นโรคที่มีการรักษาซ้ำซ้อน ได้แก่ 1.Stroke 2.Sepsis 3.Stemi 4.Trauma 5.CKD 6.Birth Asphyxia
9,นครราชสีมา,โรงพยาบาลประทาย,PRATHAI HOSPITAL,10882,สำนักงานปลัดกระทรวงสาธารณสุข (สป.สธ.),โรงพยาบาลชุมชน(รพช.),60,70,TRUE,NULL,NULL,NULL,NULL,NULL,NULL,NULL,NULL,NULL,NULL
9,นครราชสีมา,โรงพยาบาลปักธงชัย,PAKTHONGCHAI HOSPITAL,10883,สำนักงานปลัดกระทรวงสาธารณสุข (สป.สธ.),โรงพยาบาลชุมชน(รพช.),100,107,TRUE,NULL,30,"การดูแลผู้ป่วย Stroke, STEMI, Sepsis, Trauma",115638,ปี 2562,60019,9733,81.29,3,"Stroke, STEMI, Sepsis, DHF, PIH, Trauma"
9,นครราชสีมา,โรงพยาบาลพิมาย,PHIMAI HOSPITAL,10884,สำนักงานปลัดกระทรวงสาธารณสุข (สป.สธ.),โรงพยาบาลทั่วไป(รพท.),200,215,TRUE,อยู่ระหว่างต่ออายุ,50,1. มีแพทย์ผู้เชี่ยวชาญครบตามสาขาหลัก และมีพยาบาลเฉพาะทางหลายสาขา สามารถให้ดูแลรักษาผู้ป่วยที่มีอาการซับซ้อนได้<br />2. องค์กรสามารถดึงส่วนราชการและชุมชนเข้ามามีส่วนช่วยส่งเสริมในงานบริการของโรงพยาบาล <br />3. ทำงานร่วมกับชุมชนและโรงพยาบาลลูกข่าย<br />4. สนับสนุนการพัฒนาบุคลากรในทุกระดับ บุคลากรมีความก้าวหน้าในวิชาชีพ มีระบบประเมินผลการปฏิบัติงาน การบริหารค่าตอบแทน และการยกย่องชมเชย ,400000,ปีงบประมาณ 2564,234826,14576,69.58,3.88,"1. กลุ่มผู้ป่วยโรคเรื้อรังในชุมชน ได้แก่ โรคเบาหวาน โรคความดันโลหิตสูง โรคหัวใจและหลอดเลือด โรคไตวาย โรคหอบหืด โรคถุงลงโป่งพอง โรคตับแข็ง วัณโรคปอด โรคภูมิคุ้มกันบกพร่องจากการติดเชื้อไวรัส Palliative Care ที่ต้องการการดูแลต่อเนื่องเพื่อป้องกันและลดภาวะแทรกซ้อน<br />2. กลุ่มผู้ป่วยที่ต้องได้รับการดูแลวิกฤตฉุกเฉินเพื่อให้อาการคงที่ปลอดภัยและดูแลรักษาต่อในโรงพยาบาล ได้แก่ Acute Cerebral Infarction, Acute Subendocardial Infarction, Acute Unstable Angina, Congestive Heart Failure, Sepsis, Traumatic Brain Injury Without Respiratory Failure <br />3. ผู้ป่วยที่ต้องได้รับการดูแลวิกฤตฉุกเฉิน เพื่อให้ได้รับการส่งต่อโรงพยาบาลแม่ข่ายที่รวดเร็วทันเวลา ได้แก่ Acute Transmural Myocardial Infarction(STEMI), Multiple Trauma, Intracerebral Haemorrhage, Traumatic Brain Injury With Acute Respiratory Failure, Severe Sepsis with Multiple Organ Failure <br />4. กลุ่มโรคอุบัติใหม่-โรคอุบัติซ้ำ ได้แก่ COVID-19, ไข้เลือดออก"
9,นครราชสีมา,โรงพยาบาลห้วยแถลง,HUAITHALAENG HOSPITAL,10885,สำนักงานปลัดกระทรวงสาธารณสุข (สป.สธ.),โรงพยาบาลชุมชน(รพช.),60,60,TRUE,NULL,NULL,NULL,NULL,NULL,NULL,NULL,NULL,NULL,NULL
9,นครราชสีมา,โรงพยาบาลชุมพวง,CHUMPHUANG HOSPITAL,10886,สำนักงานปลัดกระทรวงสาธารณสุข (สป.สธ.),โรงพยาบาลชุมชน(รพช.),60,75,TRUE,รอการจัดเยี่ยมสำรวจ,98,-,60476,ตุลาคม 2562 - มิถุนายน 2563,0,0,75.01,0,Stroke<br />STEMI<br />Sepsis<br />
9,นครราชสีมา,โรงพยาบาลสูงเนิน,SUNGNOEN HOSPITAL,10887,สำนักงานปลัดกระทรวงสาธารณสุข (สป.สธ.),โรงพยาบาลชุมชน(รพช.),90,127,TRUE,จัดทำใบประกาศนียบัตร,NULL,NULL,NULL,NULL,NULL,NULL,NULL,NULL,NULL
9,นครราชสีมา,โรงพยาบาลขามทะเลสอ,KHAMTALESO HOSPITAL,10888,สำนักงานปลัดกระทรวงสาธารณสุข (สป.สธ.),โรงพยาบาลชุมชน(รพช.),30,36,TRUE,NULL,0,-,0,-,0,0,0,0,stroke
9,นครราชสีมา,โรงพยาบาลสีคิ้ว,SIKHIU HOSPITAL,10889,สำนักงานปลัดกระทรวงสาธารณสุข (สป.สธ.),โรงพยาบาลชุมชน(รพช.),90,135,TRUE,NULL,NULL,NULL,NULL,NULL,NULL,NULL,NULL,NULL,NULL
9,นครราชสีมา,โรงพยาบาลปากช่องนานา,PAKCHONGNANA HOSPITAL,10890,สำนักงานปลัดกระทรวงสาธารณสุข (สป.สธ.),โรงพยาบาลทั่วไป(รพท.),239,259,TRUE,NULL,NULL,NULL,NULL,NULL,NULL,NULL,NULL,NULL,NULL
9,นครราชสีมา,โรงพยาบาลหนองบุญมาก,NONGBUNMAK HOSPITAL,10891,สำนักงานปลัดกระทรวงสาธารณสุข (สป.สธ.),โรงพยาบาลชุมชน(รพช.),60,60,TRUE,ยืนยันการเยี่ยม,50,1. การจัดบริการระดับปฐมภูมิที่เชื่อมโยงจากโรงพยาบาลสู่ชุมชน โดยการมีส่วนร่วมของชุมชนและภาคีเครือข่าย<br />2. การดูแลรักษาผู้ป่วยซับซ้อนระดับทุติยภูมิตามมาตรฐานโรงพยาบาล ระดับ F2<br />3. การบริหารจัดการองค์กรที่มีประสิทธิภาพและมีธรรมาภิบาล,60757,ปี 2564 (1 ต.ค.63-31 พ.ค.64),68929,2828,39.23,3.19,"1) กลุ่มโรคฉุกเฉิน ได้แก่ Acute Myocardial Infarction, Stroke, Head Injury, Sepsis <br />2) กลุ่มโรคเรื้อรัง ได้แก่ DM, HT, COPD, Chronic kidney disease<br />3) กลุ่มผู้ป่วยโรคติดเชื้อ ได้แก่ DHF, TB, HIV, Covid-19<br />4) กลุ่มผู้ป่วยเฉพาะ ได้แก่ กลุ่มแม่และเด็ก (Postpartum hemorrhage, Birth Asphyxia, Low Birth Weight) กลุ่มผู้ป่วยระยะสุดท้าย กลุ่มผู้ป่วยสุขภาพจิต กลุ่มผู้ติดยาเสพติด<br />"
9,นครราชสีมา,โรงพยาบาลแก้งสนามนาง,KANGSANAMNANG HOSPITAL,10892,สำนักงานปลัดกระทรวงสาธารณสุข (สป.สธ.),โรงพยาบาลชุมชน(รพช.),30,42,TRUE,(คณะอนุกรรมการ)พิจารณารับรอง,NULL,NULL,NULL,NULL,NULL,NULL,NULL,NULL,NULL
9,นครราชสีมา,โรงพยาบาลโนนแดง,NONDAENG HOSPITAL,10893,สำนักงานปลัดกระทรวงสาธารณสุข (สป.สธ.),โรงพยาบาลชุมชน(รพช.),30,46,TRUE,NULL,NULL,NULL,NULL,NULL,NULL,NULL,NULL,NULL,NULL
9,นครราชสีมา,โรงพยาบาลวังน้ำเขียว,WANGNAMKHEAW HOSPITAL,10894,สำนักงานปลัดกระทรวงสาธารณสุข (สป.สธ.),โรงพยาบาลชุมชน(รพช.),30,40,TRUE,จัดทำใบประกาศนียบัตร,80,ส่งเสริม ป้องกัน รักษา และฟื้นฟูสุขภาพ อย่างเป็นสหสาขาวิชาชีพ ร่วมกับเครือข่ายบริการสุขภาพและองค์กรต่างๆ ในชุมชน,44672,ตุลาคม 2562 - กันยายน 2563,43794,3804,88.28,2.55,"1. กลุ่มโรคไม่ติดต่อเรื้อรัง ได้แก่ COPD, CKD, HT,  DM                                                                                                                                          <br />2. โรคระบาดสำคัญ ได้แก่ ไข้เลือดออก, ไข้หวัดใหญ่, COVID 19, มือ เท้า ปาก<br />3. กลุ่มโรคติดต่อ TB, HIV                                                                                                                                                                                                                                                     4.กลุ่มโรคฉุกเฉิน แก่ Stroke STEMI Road Traffic injury "
9,บุรีรัมย์,โรงพยาบาลคูเมือง,KHUMUANG HOSPITAL,10895,สำนักงานปลัดกระทรวงสาธารณสุข (สป.สธ.),โรงพยาบาลชุมชน(รพช.),90,120,TRUE,จัดทำใบประกาศนียบัตร,33,ผลิตยาสุนไพรและกัญชา,68173,ปี 2563(ต.ค.62- ก.ย. 63),31717,6569,62.51,3.13,"• กลุ่มโรคติดเชื้อ  :  จำนวนผู้ป่วยเพิ่มมากขึ้น  :   Pneumonia , Sepsis , TB , DF <br />                               จำนวนค่ารักษาพยาบาลสูง :  HIV<br />• กลุ่มโรคเรื้อรัง :  จำนวนผู้ป่วยเพิ่มมากขึ้น  :   DM , HT , COPD   , CKD<br />                              จำนวนค่ารักษาพยาบาลสูง :  Palliative  Care<br />                              จำนวนผู้ป่วยกลุ่มเสี่ยงสูง  :   กลุ่มโรค On warfarin<br />• กลุ่มโรคฉุกเฉิน :  จำนวนผู้ป่วยกลุ่มเสี่ยงสูง  :   Stroke , MI , Appendicitis , <br />                               UGIB , อุบัติเหตุ (Trauma , HI)<br />• กลุ่มโรคสุขภาพทำงาน : ประกอบอาชีพเกษตรกรรม : Myalgia  <br />• กลุ่มภัยสุขภาพ :  จำนวนผู้ป่วยเพิ่มมากขึ้น  :   Diarrhea , Alcohol withdrawal  , ยาเสพติด, จิตเวชซีมเศร้า , Teenage pregnancy"
9,บุรีรัมย์,โรงพยาบาลกระสัง,KRASANG HOSPITAL,10896,สำนักงานปลัดกระทรวงสาธารณสุข (สป.สธ.),โรงพยาบาลชุมชน(รพช.),60,84,TRUE,รอการจัดเยี่ยมสำรวจ,35,"1.การสร้างเครือข่ายสุขภาพและจัดบริการด้านสุขภาพแบบสหสาขาวิชาชีพ                                                                                                   2.การส่งเสริมสุขภาพประชาชนโดยใช้หลัก Health Literacy                                  <br />3.การดูแลผู้ป่วยฉุกเฉินในระบบ Fast  track ของ โรค AMI, Strok ร่วมกับ เครือข่ายระดับจังหวัด  ",103757,"104,276",104276,7478,112.3,3.45,"1. โรควิกฤติและฉุกเฉิน :AMI, Stroke, Head injury, Sepsis, Pneumonia, <br />2. มารดาและทารก : Postpartum hemorrhage , Birth asphyxia <br />3. โรคไม่ติดต่อเรื้อรัง : DM,HT, Asthma, COPD ,จิตเวช , CKD ,โรคหัวใจ ,มะเร็งตับ<br />4. โรคติดต่อเรื้อรัง : TB ,HIV<br />5. โรคทางระบาดวิทยา : Covid 19  , Acute Diarrhea, Dengue Hemorrhagic,  Influenza, Rabies,chigunkunya"
9,บุรีรัมย์,โรงพยาบาลนางรอง,NANGRONG HOSPITAL,10897,สำนักงานปลัดกระทรวงสาธารณสุข (สป.สธ.),โรงพยาบาลทั่วไป(รพท.),400,424,TRUE,จัดทำใบประกาศนียบัตร,NULL,NULL,NULL,NULL,NULL,NULL,NULL,NULL,NULL
9,บุรีรัมย์,โรงพยาบาลหนองกี่,NONGKI HOSPITAL,10898,สำนักงานปลัดกระทรวงสาธารณสุข (สป.สธ.),โรงพยาบาลชุมชน(รพช.),70,82,TRUE,อยู่ระหว่างต่ออายุ,NULL,NULL,NULL,NULL,NULL,NULL,NULL,NULL,NULL
9,บุรีรัมย์,โรงพยาบาลละหานทราย,LAHANSAI HOSPITAL,10899,สำนักงานปลัดกระทรวงสาธารณสุข (สป.สธ.),โรงพยาบาลชุมชน(รพช.),120,114,TRUE,NULL,100,เชี่ยวชาญในการสร้างเครือข่ายทั้งภาครัฐและเอกชน ดูแลผู้ป่วยกลุ่ม โรคเรื้อรัง (NCD) และอุบัติเหตุทางจราจร,74125,ปี 2564 (1 ตุลาคม 2563 -30 กันยายน 2564),156788,7523,74.31,4,"STROKE , STEMI ,HI ,Sepsis ,Neonatal Sepsis ,DM ,HT"
9,บุรีรัมย์,โรงพยาบาลประโคนชัย,PRAKHONCHAI HOSPITAL,10900,สำนักงานปลัดกระทรวงสาธารณสุข (สป.สธ.),โรงพยาบาลชุมชน(รพช.),90,120,TRUE,NULL,NULL,NULL,NULL,NULL,NULL,NULL,NULL,NULL,NULL
9,บุรีรัมย์,โรงพยาบาลบ้านกรวด,BANKRUAT HOSPITAL,10901,สำนักงานปลัดกระทรวงสาธารณสุข (สป.สธ.),โรงพยาบาลชุมชน(รพช.),60,60,TRUE,NULL,NULL,NULL,NULL,NULL,NULL,NULL,NULL,NULL,NULL
9,บุรีรัมย์,โรงพยาบาลพุทไธสง,PHUTTHAISONG HOSPITAL,10902,สำนักงานปลัดกระทรวงสาธารณสุข (สป.สธ.),โรงพยาบาลชุมชน(รพช.),60,60,TRUE,NULL,NULL,NULL,NULL,NULL,NULL,NULL,NULL,NULL,NULL
9,บุรีรัมย์,โรงพยาบาลลำปลายมาศ,LAMPLAIMAT HOSPITAL,10904,สำนักงานปลัดกระทรวงสาธารณสุข (สป.สธ.),โรงพยาบาลชุมชน(รพช.),90,165,TRUE,NULL,NULL,NULL,NULL,NULL,NULL,NULL,NULL,NULL,NULL
9,บุรีรัมย์,โรงพยาบาลสตึก,SATUEK HOSPITAL,10905,สำนักงานปลัดกระทรวงสาธารณสุข (สป.สธ.),โรงพยาบาลชุมชน(รพช.),60,120,TRUE,จัดทำใบประกาศนียบัตร,44,"""1. มีสมรรถนะในการให้บริการระดับปฐมภูมิที่เชื่อมโยงจากโรงพยาบาลสู่ชุมชน มีสัมพันธภาพที่ดีกับชุมชนและภาคีเครือข่าย โดยมีแพทย์เวชศาสตร์ชุมชนและครอบครัว <br />2. มีสมรรถนะในการดูแลผู้ป่วยเฉพาะทางในการดูแลผู้ป่วยซับซ้อนระดับตติยภูมิตามมาตรฐาน รพ.ระดับ M2โดยมีแพทย์เฉพาะทาง 3 สาขา ได้แก่ อายุรแพทย์ ศัลยแพทย์ กุมารแพทย์ และโครงการ Buddy Hospital ด้านจักษุ โดยจักษุแพทย์รพ.บุรีรัมย์<br />""<br />",112648,2564 (1 ต.ค.63-30เม.ย.64),40150,4376,64.19,80.87,"""1.โรคที่เป็นสาเหตุการตาย ได้แก่ Cancer, pneumonia, STEMI, Head Injury และ trauma<br />2.high volume  กลุ่มผู้ป่วยนอกได้แก่ DM, HT <br />                          กลุ่มผู้ป่วยในได้แก่ pneumonia, Gastroenteritis, DHF <br />3. High-Risk Patient ได้แก่ AMI,  stroke  sepsis<br />4.โรคที่มีปริมาณค่าใช้จ่ายสูงได้แก่ COPD/Asthma  RRT <br />5.โรคที่เป็นปัญหาเฉพาะในพื้นที่ ได้แก่ TB, Leprosy <br />"
9,บุรีรัมย์,โรงพยาบาลปะคำ,PAKHAM  HOSPITAL,10906,สำนักงานปลัดกระทรวงสาธารณสุข (สป.สธ.),โรงพยาบาลชุมชน(รพช.),30,36,TRUE,NULL,NULL,NULL,NULL,NULL,NULL,NULL,NULL,NULL,NULL
9,บุรีรัมย์,โรงพยาบาลนาโพธิ์,NAPHO HOSPITAL,10907,สำนักงานปลัดกระทรวงสาธารณสุข (สป.สธ.),โรงพยาบาลชุมชน(รพช.),30,40,TRUE,NULL,NULL,NULL,NULL,NULL,NULL,NULL,NULL,NULL,NULL
9,บุรีรัมย์,โรงพยาบาลหนองหงส์,NONGHONG HOSPITAL,10908,สำนักงานปลัดกระทรวงสาธารณสุข (สป.สธ.),โรงพยาบาลชุมชน(รพช.),30,54,TRUE,NULL,NULL,NULL,NULL,NULL,NULL,NULL,NULL,NULL,NULL
9,บุรีรัมย์,โรงพยาบาลพลับพลาชัย,PLABPLACHAI HOSPITAL,10909,สำนักงานปลัดกระทรวงสาธารณสุข (สป.สธ.),โรงพยาบาลชุมชน(รพช.),30,54,TRUE,NULL,40,"การดูแลผู้ป่วยเป็นองค์รวม (Holistic care) การส่งเสริมสุขภาพในชุมชนร่วมกับภาคีเครือข่าย และการดูแลรักษาผู้ติดเชื้อ HIV ที่ได้รับการยอมรับและเป็นที่ศึกษาดูงานของโรงพยาบาลอื่นๆ, การพัฒนา green&clean hospital plus",46566,มกราคม ปี 2564 (ตุลาคม 2563-มกราคม 2564),66290,4768,104.58,2.35,"1. โรควิกฤติและฉุกเฉิน : Stroke,STEMI <br />2. โรคติดต่อเรื้อรัง: TB<br />3. โรคไม่ติดต่อเรื้อรัง : DM<br />4. โรคทางระบาดวิทยา  Acute Diarrhea, Dengue <br />    Hemorrhagic  fever<br />5. โรคในชุมชน : Alcoholism, RTI"
9,บุรีรัมย์,โรงพยาบาลห้วยราช,HUAIRAT HOSPITAL,10910,สำนักงานปลัดกระทรวงสาธารณสุข (สป.สธ.),โรงพยาบาลชุมชน(รพช.),30,30,TRUE,(คณะอนุกรรมการ)พิจารณารับรอง,NULL,NULL,NULL,NULL,NULL,NULL,NULL,NULL,NULL
9,บุรีรัมย์,โรงพยาบาลโนนสุวรรณ,NOONSUWAN HOSPITAL,10911,สำนักงานปลัดกระทรวงสาธารณสุข (สป.สธ.),โรงพยาบาลชุมชน(รพช.),30,32,TRUE,NULL,NULL,NULL,NULL,NULL,NULL,NULL,NULL,NULL,NULL
9,บุรีรัมย์,โรงพยาบาลชำนิ,CHAMNI HOSPITAL,10912,สำนักงานปลัดกระทรวงสาธารณสุข (สป.สธ.),โรงพยาบาลชุมชน(รพช.),30,32,TRUE,NULL,NULL,NULL,NULL,NULL,NULL,NULL,NULL,NULL,NULL
9,บุรีรัมย์,โรงพยาบาลบ้านใหม่ไชยพจน์,BANMAICHAIYAPHOD HOSPITAL,10913,สำนักงานปลัดกระทรวงสาธารณสุข (สป.สธ.),โรงพยาบาลชุมชน(รพช.),30,32,TRUE,รอการจัดเยี่ยมสำรวจ,87,1.การดูแลผู้แลผู้ป่วยระยสุดท้าย (long term care) 2.การบริหารจัดการข้อมูลด้วยระบบสารสนเทศ,26391,ปี 2564,53201,2465,10823,4.39,"1.กลุ่มผู้ป่วยโรคเรื้อรัง ได้แก่ DM,HT,COPD ฯลฯ  ,2.กลุ่มผู้ป่วยโรคระบบทางเดินหายใจ ได้แก่ URI,Covid19 "
9,บุรีรัมย์,โรงพยาบาลโนนดินแดง,NONDINDANG HOSPITAL,10914,สำนักงานปลัดกระทรวงสาธารณสุข (สป.สธ.),โรงพยาบาลชุมชน(รพช.),30,84,TRUE,NULL,NULL,NULL,NULL,NULL,NULL,NULL,NULL,NULL,NULL
9,สุรินทร์,โรงพยาบาลชุมพลบุรี,CHUMPHOLBURI HOSPITAL,10915,สำนักงานปลัดกระทรวงสาธารณสุข (สป.สธ.),โรงพยาบาลชุมชน(รพช.),80,60,TRUE,NULL,NULL,NULL,NULL,NULL,NULL,NULL,NULL,NULL,NULL
9,สุรินทร์,โรงพยาบาลท่าตูม,THATUM HOSPITAL,10916,สำนักงานปลัดกระทรวงสาธารณสุข (สป.สธ.),โรงพยาบาลชุมชน(รพช.),120,120,TRUE,NULL,NULL,NULL,NULL,NULL,NULL,NULL,NULL,NULL,NULL
9,สุรินทร์,โรงพยาบาลจอมพระ,CHOMPHRA HOSPITAL,10917,สำนักงานปลัดกระทรวงสาธารณสุข (สป.สธ.),โรงพยาบาลชุมชน(รพช.),60,60,TRUE,ยืนยันการเยี่ยม,NULL,NULL,NULL,NULL,NULL,NULL,NULL,NULL,NULL
9,สุรินทร์,โรงพยาบาลปราสาท,PRASAT HOSPITAL,10918,สำนักงานปลัดกระทรวงสาธารณสุข (สป.สธ.),โรงพยาบาลทั่วไป(รพท.),150,256,TRUE,NULL,31,-,164870,ปี พ.ศ.2564,160923,5790,119.35,3.77,-
9,สุรินทร์,โรงพยาบาลกาบเชิง,KAP CHOENG  HOSPITAL,10919,สำนักงานปลัดกระทรวงสาธารณสุข (สป.สธ.),โรงพยาบาลชุมชน(รพช.),60,85,TRUE,NULL,NULL,NULL,NULL,NULL,NULL,NULL,NULL,NULL,NULL
9,สุรินทร์,โรงพยาบาลรัตนบุรี,RATTANABURI HOSPITAL,10920,สำนักงานปลัดกระทรวงสาธารณสุข (สป.สธ.),โรงพยาบาลชุมชน(รพช.),120,120,TRUE,NULL,72,5 สาขาหลัก,65000,ปี 2564 ต.ค. 2563-มิ.ย. 2564  จำนวนผู้ป่วยนอก   10000  ครั้ง,5000,3000,80,5,"Stroke ,AMI,DM,HT,TB"
9,สุรินทร์,โรงพยาบาลสนม,SANOM HOSPITAL,10921,สำนักงานปลัดกระทรวงสาธารณสุข (สป.สธ.),โรงพยาบาลชุมชน(รพช.),30,47,TRUE,จัดทำใบประกาศนียบัตร,NULL,NULL,NULL,NULL,NULL,NULL,NULL,NULL,NULL
9,สุรินทร์,โรงพยาบาลศีขรภูมิ,SIKHORAPHUM HOSPITAL,10922,สำนักงานปลัดกระทรวงสาธารณสุข (สป.สธ.),โรงพยาบาลชุมชน(รพช.),170,239,TRUE,NULL,NULL,NULL,NULL,NULL,NULL,NULL,NULL,NULL,NULL
9,สุรินทร์,โรงพยาบาลสังขะ,SANGKHA HOSPITAL,10923,สำนักงานปลัดกระทรวงสาธารณสุข (สป.สธ.),โรงพยาบาลชุมชน(รพช.),130,191,TRUE,จัดทำใบประกาศนียบัตร,NULL,NULL,NULL,NULL,NULL,NULL,NULL,NULL,NULL
9,สุรินทร์,โรงพยาบาลลำดวน,LAMDUAN HOSPITAL,10924,สำนักงานปลัดกระทรวงสาธารณสุข (สป.สธ.),โรงพยาบาลชุมชน(รพช.),60,113,TRUE,NULL,NULL,NULL,NULL,NULL,NULL,NULL,NULL,NULL,NULL
9,สุรินทร์,โรงพยาบาลสำโรงทาบ,SAMRONGTHAP HOSPITAL,10925,สำนักงานปลัดกระทรวงสาธารณสุข (สป.สธ.),โรงพยาบาลชุมชน(รพช.),30,50,TRUE,NULL,NULL,NULL,NULL,NULL,NULL,NULL,NULL,NULL,NULL
9,สุรินทร์,โรงพยาบาลบัวเชด,BUACHED. HOSPITAL,10926,สำนักงานปลัดกระทรวงสาธารณสุข (สป.สธ.),โรงพยาบาลชุมชน(รพช.),30,44,TRUE,รอการจัดเยี่ยมสำรวจ,67,การรักษาพยาบาลด้านปฐมภูมิ ทุติยภูมิ ส่งเสริมสุขภาพป้องกันโรค,41315,ปีงบประมาณ2564 (1 ต.ค.63-ก.ย.64),103670,3505,138.79,4.34,HT/DM/CKD
10,ศรีสะเกษ,โรงพยาบาลยางชุมน้อย,YANGCHUMNOI HOSPITAL,10927,สำนักงานปลัดกระทรวงสาธารณสุข (สป.สธ.),โรงพยาบาลชุมชน(รพช.),30,33,TRUE,NULL,30,การแพทย์แผนไทยและการแพทย ์ทางเลือก<br />เวชศาสตร์ครอบครัว,38374,"ปี 2564   79,863 คน ",79863,2569,68.99,2.63," โรคไม่ติดต่อ ได้แก่ เบาหวาน ความดันโลหิตสูง  จิตเวช และ Alcohol Withdrawal   <br /> โรคติดต่อ ได้แก่ ไข้เลือดออก  วัณโรค  Leptospirosis เอชไอวี โรค Covid-19<br /> โรคฉุกเฉิน ได้แก่ Stoke,  MI , Head injury    <br /> โรคอื่น ๆ  ได้แก่  Sepsis  Teenage Preg <br />"
10,ศรีสะเกษ,โรงพยาบาลกันทรารมย์,KANTHARAROM HOSPITAL,10928,สำนักงานปลัดกระทรวงสาธารณสุข (สป.สธ.),โรงพยาบาลชุมชน(รพช.),90,90,TRUE,NULL,NULL,NULL,NULL,NULL,NULL,NULL,NULL,NULL,NULL
10,ศรีสะเกษ,โรงพยาบาลกันทรลักษ์,KANTHARALAK HOSPITAL,10929,สำนักงานปลัดกระทรวงสาธารณสุข (สป.สธ.),โรงพยาบาลทั่วไป(รพท.),120,223,TRUE,NULL,NULL,NULL,NULL,NULL,NULL,NULL,NULL,NULL,NULL
10,ศรีสะเกษ,โรงพยาบาลขุขันธ์,KHUKHAN HOSPITAL,10930,สำนักงานปลัดกระทรวงสาธารณสุข (สป.สธ.),โรงพยาบาลชุมชน(รพช.),130,135,TRUE,รอการจัดเยี่ยมสำรวจ,NULL,NULL,NULL,NULL,NULL,NULL,NULL,NULL,NULL
10,ศรีสะเกษ,โรงพยาบาลไพรบึง,PHRAIBUENG HOSPITAL,10931,สำนักงานปลัดกระทรวงสาธารณสุข (สป.สธ.),โรงพยาบาลชุมชน(รพช.),30,34,TRUE,จัดทำใบประกาศนียบัตร,NULL,NULL,NULL,NULL,NULL,NULL,NULL,NULL,NULL
10,ศรีสะเกษ,โรงพยาบาลปรางค์กู่,PRANGKU HOSPITAL,10932,สำนักงานปลัดกระทรวงสาธารณสุข (สป.สธ.),โรงพยาบาลชุมชน(รพช.),60,60,TRUE,ยืนยันการเยี่ยม,60,การใช้ความคิดสร้างสรรค์นวตกรรมในการบริการของโรงพยาบาลระดับทุติยภูมิ,73403,ปี 2564  (ตั้งแต่เดือนตุลาคม 2563-มิถุนายน 2564),1051870,58690,68.84,2.75,"1. พัฒนาการดูแลผู้ป่วยโดยแบ่งกลุ่มประชากรทางคลินิก ดังนี้<br />1.1. กลุ่มโรคฉุกเฉินได้แก่   Acute MI  , Head  Injury , Stroke ,  PPH   Sepsis ,  Febrile convulsion  , UGIB และ  Ac. Appendicitis<br />1.2. กลุ่มโรคเรื้อรังได้แก่ DM ,  HT ,  CKD และ Asthma/COPD<br />1.3. กลุ่มผู้ป่วยโรคติดเชื้อ DHF,  Leptospirosis , Diarrhea, TB ,Pneumonia, HIVและ covid-19<br />1.4. กลุ่มผู้ป่วยเฉพาะได้แก่ กลุ่มทันตกรรม สุขภาพจิต โรคซึมเศร้า  กลุ่มแม่และเด็ก OSCC กลุ่มผู้ป่วยระยะสุดท้าย กลุ่มผู้ติดยาเสพติด โรคติดสุรา(Alcohol withdrawal) กลุ่มผู้พิการ / ด้อยโอกาส <br />1.5 กลุ่มผู้ป่วยนอกทั่วไป ได้แก่ กลุ่ม Dyspepsia Dizziness <br />2. พัฒนาคุณภาพการดูแลผู้ป่วยให้มีความปลอดภัยตามหลัก Patient Safety Goals( PSG : SIMPLE )<br /><br />"
10,ศรีสะเกษ,โรงพยาบาลขุนหาญ,KHUNHAN HOSPITAL,10933,สำนักงานปลัดกระทรวงสาธารณสุข (สป.สธ.),โรงพยาบาลชุมชน(รพช.),93,90,TRUE,NULL,NULL,NULL,NULL,NULL,NULL,NULL,NULL,NULL,NULL
10,ศรีสะเกษ,โรงพยาบาลราษีไศล,RASISALAI HOSPITAL,10934,สำนักงานปลัดกระทรวงสาธารณสุข (สป.สธ.),โรงพยาบาลชุมชน(รพช.),90,94,TRUE,รอการจัดเยี่ยมสำรวจ,40,"ด้านสูตินรีเวชกรรม   ด้านศัลยกรรมทั่วไป  และกุมารเวชกรรม  มีศักยภาพในการเป็น Node  ทางด้านสูติกรรมและโรคไตวายเรื้อรัง  ของจังหวัดศรีสะเกษ  และเป็นเป้าหมายในการยกระดับศักยภาพในการให้บริการสุขภาพตาม Service Plan ของเขต 10 และจังหวัดศรีสะเกษเพื่อเป็น Strong Node ในการดูแลผู้ป่วย Cardiac ,Trauma, Cancer,  Newborn,  ไต, ตา และ Stroke ",75843,ปี 2564 ( ตุลาคม 2563 - กันยายน 2564 ),198080,8317,103.86,4.38,"•	High Risk   (ACS, Head Injury, Acute Stroke, PPH )<br />•	High Volume   (HT, DM, Pneumonia, Diarrhea, ESRD)<br />•	High cost  (HT, DM ,CKD )<br />•	ผลการดูแลรักษายังไม่ดี  (Sepsis, )<br />•	ต้องมีความร่วมมือประสานงานกันสูง  (ผู้ป่วยจิตเวช,  ESRD )   <br />•	โรคและภาวะคุกคามในพื้นที่  (Alcohol  withdrawal, Leptospirosis, DHF, Covid -19)<br /><br />"
10,ศรีสะเกษ,โรงพยาบาลอุทุมพรพิสัย,UTHUMPHONPHISAI HOSPITAL,10935,สำนักงานปลัดกระทรวงสาธารณสุข (สป.สธ.),โรงพยาบาลชุมชน(รพช.),120,150,TRUE,รอการจัดเยี่ยมสำรวจ,25,1 ระบบการดูแลผู้ป่วยวิกฤตและการแพทย์ฉุกเฉิน ร่วมกับเครือข่ายระดับจังหวัด  2. การสร้างเครือข่ายเพื่อเฝ้าระวังและตอบโต้ภัยคุกคามด้านสุขภาพ โดยทีมชุมชนที่เข็มแข็ง <br />3. ระบบบริการทันตกรรมช่องปาก ทั้งด้านทันตกรรมทั่วไปและเฉพาะทาง<br />,104949,ปี 2564 (ดือนตุลาคม 2563-กันยายน 2564),163497,10638,89.47,3.68,"High Risk	STEMI, Stroke, TBI, CHF, Sepsis, Childhood<br /> pneumonia ,PPH, Shoulder dystocia, Glaucoma, Fracture around hip, Pneumonia, Acute cholangitis,Acute cholecystitis, Multiple trauma<br />High Volume	AGE, COPD, CKD, Childhood Pneumonia, Senile cataract, OA Knee, Spondylosis, UGIB, Appendicitis, Preterm delivery, Dental caries Neonatal Jaundice<br />High Cost	Pneumonia, HIV, Childhood Pneumonia, Edentulous, Covid -19, Hemodialysis, Diabetic retinopathy, Extremities fracture, Neonatal sepsis, Necrotizing fasciitis, Gestational DM, Pre-eclampsia, CAPD<br />Death Case	CA, Pneumonia, CKD, Sepsis, Cardiac arrest <br />โรคและภาวะคุกคามในพื้นที่ <br />(CD & NCD)	Schizophrenia c Agitation, Depressive in Adolescent, Traffic accident, DHF, Alcohol, Leptospirosis, จมน้ำ<br /><br />"
10,ศรีสะเกษ,โรงพยาบาลบึงบูรพ์,BUENGBOON HOSPITAL,10936,สำนักงานปลัดกระทรวงสาธารณสุข (สป.สธ.),โรงพยาบาลชุมชน(รพช.),30,34,TRUE,NULL,NULL,NULL,NULL,NULL,NULL,NULL,NULL,NULL,NULL
10,ศรีสะเกษ,โรงพยาบาลห้วยทับทัน,HUAITHABTHAN HOSPITAL,10937,สำนักงานปลัดกระทรวงสาธารณสุข (สป.สธ.),โรงพยาบาลชุมชน(รพช.),30,33,TRUE,จัดทำใบประกาศนียบัตร,40,การบูรณาการแพทย์แผนไทยร่วมกับแพทย์แผนปัจจุบันในการส่งเสริมป้องกัน รักษาและการฟื้นฟูสภาพในการดูแลผู้ป่วย,42157, ปี 2563 ( 1 ตุลาคม 2562 - 30 กันยายน 2563,69061,1756,68.3,3.7,1.NCD<br />2.Leptospirosis<br />3.Sepsis<br />4.DF<br />5.อุบัติเหตุทางท้องถนน
10,ศรีสะเกษ,โรงพยาบาลโนนคูณ,NONKHUN HOSPITAL,10938,สำนักงานปลัดกระทรวงสาธารณสุข (สป.สธ.),โรงพยาบาลชุมชน(รพช.),30,33,TRUE,รอการจัดเยี่ยมสำรวจ,56,"1.ความสามารถในการสร้างความร่วมมือกับภาคีเครือข่ายสุขภาพ<br />2.ความสามารถในการดูแลผู้ป่วยเฉพาะโรค ได้แก่ STEMI, Stroke , Sepsis , HI, palliative care , Covid-19",40269,ปี 2564,74657,3091,108.63,28.47,"AMI , Stroke , Sepsis , HI<br /> DM , HT<br />COVID - 19<br />"
10,ศรีสะเกษ,โรงพยาบาลศรีรัตนะ,SIRATTANA HOSPITAL,10939,สำนักงานปลัดกระทรวงสาธารณสุข (สป.สธ.),โรงพยาบาลชุมชน(รพช.),30,60,TRUE,NULL,NULL,NULL,NULL,NULL,NULL,NULL,NULL,NULL,NULL
10,ศรีสะเกษ,โรงพยาบาลวังหิน,WANGHIN HOSPITAL,10940,สำนักงานปลัดกระทรวงสาธารณสุข (สป.สธ.),โรงพยาบาลชุมชน(รพช.),30,30,TRUE,ยืนยันการเยี่ยม,NULL,NULL,NULL,NULL,NULL,NULL,NULL,NULL,NULL
10,ศรีสะเกษ,โรงพยาบาลน้ำเกลี้ยง,NAMKLIANG HOSPITAL,10941,สำนักงานปลัดกระทรวงสาธารณสุข (สป.สธ.),โรงพยาบาลชุมชน(รพช.),30,30,TRUE,รอการจัดเยี่ยมสำรวจ,38,มีแพทย์เฉพาะทางสาขาเวชศาสตร์ครอบครัวทำให้มีการดูแลผู้ป่วยในชุมชน มีผลลัพธ์ที่ดีขึ้น และทันตแพทย์เฉพาะทางสาขาปริทันต์วิทยา ,44592,ปี 2564 (ตุลาคม 2563 - กันยายน 2564),95312,2581,77.3,2.96,"กลุ่มโรค Metabolic: DM, HT, Stroke, STEMI<br />กลุ่มโรคอุบัติเหตุ: Head injury, Multiple truama<br />กลุ่มโรค MCH: PPH, PIH, BA<br />กลุ่มโรคติดต่อเรื้อรัง: AIDS, TB<br />กลุ่มโรคทางเดินอาหาร: AGE, Dyspepsia<br />กลุ่มโรคทางเดินหายใจ: COPD, Asthma<br />กลุ่มโรคอุบัติซ้ำ: DHF, Leptospirosis<br />กลุ่มโรคอุบัติใหม่: Covid-19"
10,ศรีสะเกษ,โรงพยาบาลภูสิงห์,PHUSING HOSPITAL,10942,สำนักงานปลัดกระทรวงสาธารณสุข (สป.สธ.),โรงพยาบาลชุมชน(รพช.),30,30,TRUE,NULL,0,ทดสอบ,0,ปี 2563 ,0,0,0,0,ทดสอบ
10,ศรีสะเกษ,โรงพยาบาลเมืองจันทร์,MUEANGCHAN HOSPITAL,10943,สำนักงานปลัดกระทรวงสาธารณสุข (สป.สธ.),โรงพยาบาลชุมชน(รพช.),30,35,TRUE,ยืนยันการเยี่ยม,NULL,NULL,NULL,NULL,NULL,NULL,NULL,NULL,NULL
10,อุบลราชธานี,โรงพยาบาลศรีเมืองใหม่,SIMUEANGMAI HOSPITAL,10944,สำนักงานปลัดกระทรวงสาธารณสุข (สป.สธ.),โรงพยาบาลชุมชน(รพช.),60,60,TRUE,รอการจัดเยี่ยมสำรวจ,NULL,NULL,NULL,NULL,NULL,NULL,NULL,NULL,NULL
10,อุบลราชธานี,โรงพยาบาลโขงเจียม,KHONGCHIAM HOSPITAL,10945,สำนักงานปลัดกระทรวงสาธารณสุข (สป.สธ.),โรงพยาบาลชุมชน(รพช.),30,34,TRUE,NULL,NULL,NULL,NULL,NULL,NULL,NULL,NULL,NULL,NULL
10,อุบลราชธานี,โรงพยาบาลเขื่องใน,KHUANGNAI HOSPITAL,10946,สำนักงานปลัดกระทรวงสาธารณสุข (สป.สธ.),โรงพยาบาลชุมชน(รพช.),60,60,TRUE,NULL,NULL,NULL,NULL,NULL,NULL,NULL,NULL,NULL,NULL
10,อุบลราชธานี,โรงพยาบาลเขมราฐ,KHEMMARAT HOSPITAL,10947,สำนักงานปลัดกระทรวงสาธารณสุข (สป.สธ.),โรงพยาบาลชุมชน(รพช.),60,80,TRUE,NULL,NULL,NULL,NULL,NULL,NULL,NULL,NULL,NULL,NULL
10,อุบลราชธานี,โรงพยาบาลนาจะหลวย,NAJALUAI  HOSPITAL,10948,สำนักงานปลัดกระทรวงสาธารณสุข (สป.สธ.),โรงพยาบาลชุมชน(รพช.),30,30,TRUE,NULL,NULL,NULL,NULL,NULL,NULL,NULL,NULL,NULL,NULL
10,อุบลราชธานี,โรงพยาบาลน้ำยืน,NUMYUEN HOSPITAL,10949,สำนักงานปลัดกระทรวงสาธารณสุข (สป.สธ.),โรงพยาบาลชุมชน(รพช.),30,60,TRUE,NULL,NULL,NULL,NULL,NULL,NULL,NULL,NULL,NULL,NULL
10,อุบลราชธานี,โรงพยาบาลบุณฑริก,BUNTHARIK HOSPITAL,10950,สำนักงานปลัดกระทรวงสาธารณสุข (สป.สธ.),โรงพยาบาลชุมชน(รพช.),30,60,TRUE,จัดทำใบประกาศนียบัตร,0,ทดสอบ,0,ปี 2563 ,0,0,0,0,ทดสอบ
10,อุบลราชธานี,โรงพยาบาลตระการพืชผล,TRAKANPHUETPHON HOSPITAL,10951,สำนักงานปลัดกระทรวงสาธารณสุข (สป.สธ.),โรงพยาบาลชุมชน(รพช.),150,150,TRUE,NULL,NULL,NULL,NULL,NULL,NULL,NULL,NULL,NULL,NULL
10,อุบลราชธานี,โรงพยาบาลกุดข้าวปุ้น,KUDKHAOPUN HOSPITAL,10952,สำนักงานปลัดกระทรวงสาธารณสุข (สป.สธ.),โรงพยาบาลชุมชน(รพช.),30,30,TRUE,NULL,NULL,NULL,NULL,NULL,NULL,NULL,NULL,NULL,NULL
10,อุบลราชธานี,โรงพยาบาลม่วงสามสิบ,MUANGSAMSIP HOSPITAL,10953,สำนักงานปลัดกระทรวงสาธารณสุข (สป.สธ.),โรงพยาบาลชุมชน(รพช.),30,60,TRUE,NULL,NULL,NULL,NULL,NULL,NULL,NULL,NULL,NULL,NULL
10,อุบลราชธานี,โรงพยาบาลวารินชำราบ,WARINCHAMRAB   HOSPITAL,10954,สำนักงานปลัดกระทรวงสาธารณสุข (สป.สธ.),โรงพยาบาลทั่วไป(รพท.),250,298,TRUE,NULL,7,-,160641,ปี 2564 (ตุลาคม 63-มีนาคม 2564),121998,11252,95.1,4,"""1. ผู้ป่วยวิกฤติฉุกเฉิน (Fast track) ได้แก่ Stroke, Sepsis, ACS, Trauma<br />2. โรคไม่ติดต่อเรื้อรัง ได้แก่ DM, HT, CKD, COPD<br />3. ผู้ป่วยศัลยกรรม ได้แก่ Appendicits<br />4. สุขภาพแม่และเด็ก ได้แก่ PIH, PPH, Birth asphyxia<br />5. โรคติดเชื้อที่สำคัญ ได้แก่ TB, Gastroenteritis, Pneumonia, Dengue infection"
10,อุบลราชธานี,โรงพยาบาลพิบูลมังสาหาร,PHIBUNMANGSAHAN   HOSPITAL,10956,สำนักงานปลัดกระทรวงสาธารณสุข (สป.สธ.),โรงพยาบาลชุมชน(รพช.),120,120,TRUE,จัดทำใบประกาศนียบัตร,NULL,NULL,NULL,NULL,NULL,NULL,NULL,NULL,NULL
10,อุบลราชธานี,โรงพยาบาลตาลสุม,TANSUM  HOSPITAL,10957,สำนักงานปลัดกระทรวงสาธารณสุข (สป.สธ.),โรงพยาบาลชุมชน(รพช.),30,30,TRUE,จัดทำใบประกาศนียบัตร,30,-,29949,ปี 2564 ( เดือนตุลาคม 2563 - เดือนกันยายน 2564),46031,1435,47.06,4292,-
10,อุบลราชธานี,โรงพยาบาลโพธิ์ไทร,PHOSAI  HOSPITAL,10958,สำนักงานปลัดกระทรวงสาธารณสุข (สป.สธ.),โรงพยาบาลชุมชน(รพช.),30,36,TRUE,เขียนรายงาน,98,1.การดูแลต่อเนื่องในชุมชน เช่น โรคเรื้อรัง จิตเวช<br />2.การดูแลผู้ป่วยระหว่างส่งต่อ<br />3. การจัดการโรคทางระบาดวิทยา SRRT,46990,"ปี2564   ; 103,731",103731,3083,139.94,3,วิกฤติ : STEMI stroke Sepsis<br />เรื้อรัง : DM  HT  CKD<br />MCH : BA  PPH  teenage preg.<br />EPI : COVID-19  TB  DHF<br />โรคสำคัญพื้นที่ : อุบัติภัยหมู่  จิตเวช  CHCA
10,อุบลราชธานี,โรงพยาบาลสำโรง,SAMRONG HOSPITAL,10959,สำนักงานปลัดกระทรวงสาธารณสุข (สป.สธ.),โรงพยาบาลชุมชน(รพช.),30,30,TRUE,NULL,NULL,NULL,NULL,NULL,NULL,NULL,NULL,NULL,NULL
10,อุบลราชธานี,โรงพยาบาลดอนมดแดง,DON MOD DAENG HOSPITAL,10960,สำนักงานปลัดกระทรวงสาธารณสุข (สป.สธ.),โรงพยาบาลชุมชน(รพช.),30,28,TRUE,จัดทำใบประกาศนียบัตร,30,"1.การดูแลผู้ป่วยเบาหวานแบบองค์รวม<br />2.สร้างความร่วมมือกับภาคีเครือข่าย(งานอนามัยแม่และเด็ก,ทันตกรรมป้องกันกลุ่มวัยเรียน )",0,ปี2564(ต.ค.2563-ก.ย.2564)        คน,0,0,0,0,"กลุ่มโรคฉุกเฉิน ได้แก่ Acute Myocardial Infarction (STEMI), Stroke, Sepsis and Septic shock, UGIH, Head injury<br />กลุ่มโรคเรื้อรัง ได้แก่ DM, HT, Asthma, COPD, Chronic kidney disease  <br />กลุ่มผู้ป่วยโรคติดเชื้อ ได้แก่ DHF, TB, HIV, Covid-19<br />กลุ่มผู้ป่วยเฉพาะ ได้แก่ กลุ่มแม่และเด็ก (Postpartum hemorrhage  ,Birth Asphyxia, Low Birth Weight) กลุ่มผู้ป่วยระยะสุดท้าย กลุ่มผู้ป่วยสุขภาพจิต OSCC กลุ่มผู้ติดยา เสพติด กลุ่มผู้พิการ / ด้อยโอกาส กลุ่มโรคทางทันตกรรม <br />กลุ่มโรคที่สำคัญของพื้นที่ ได้แก่ Pneumonia ,อุบัติเหตุจราจร <br />การดูแลผู้ป่วยกลุ่ม Palliative care"
10,อุบลราชธานี,โรงพยาบาลสิรินธร,SIRINDHORN HOSPITAL,10961,สำนักงานปลัดกระทรวงสาธารณสุข (สป.สธ.),โรงพยาบาลชุมชน(รพช.),30,30,TRUE,รอการจัดเยี่ยมสำรวจ,NULL,NULL,NULL,NULL,NULL,NULL,NULL,NULL,NULL
10,อุบลราชธานี,โรงพยาบาลทุ่งศรีอุดม,THUNGSRIUDOM  HOSPITAL,10962,สำนักงานปลัดกระทรวงสาธารณสุข (สป.สธ.),โรงพยาบาลชุมชน(รพช.),30,21,TRUE,NULL,NULL,NULL,NULL,NULL,NULL,NULL,NULL,NULL,NULL
10,ยโสธร,โรงพยาบาลทรายมูล,SAIMOON HOSPITAL,10963,สำนักงานปลัดกระทรวงสาธารณสุข (สป.สธ.),โรงพยาบาลชุมชน(รพช.),30,30,TRUE,NULL,NULL,NULL,NULL,NULL,NULL,NULL,NULL,NULL,NULL
10,ยโสธร,โรงพยาบาลกุดชุม,KUDCHUM HOSPITAL,10964,สำนักงานปลัดกระทรวงสาธารณสุข (สป.สธ.),โรงพยาบาลชุมชน(รพช.),30,38,TRUE,NULL,NULL,NULL,NULL,NULL,NULL,NULL,NULL,NULL,NULL
10,ยโสธร,โรงพยาบาลคำเขื่อนแก้ว,KHUMKHUEANKHAEO HOSPITAL,10965,สำนักงานปลัดกระทรวงสาธารณสุข (สป.สธ.),โรงพยาบาลชุมชน(รพช.),60,60,TRUE,รอการจัดเยี่ยมสำรวจ,23,การจัด Node บริการ โดยทีมสหสาขาวิชาชีพร่วมกับเครือข่ายสุขภาพ ในการดูแลกลุ่มผู้ป่วยโรคเบาหวานและความดันโลหิตสูง,70041,"ปี 64  194,348  คน",149137,3908,59.88,18,"Hihg risk: 	Acute myocardial infarction, Stroke, Head injury, Sepsis/Septic shock,PPH,<br />                       Alcohol withdrawal ,COVID-19<br />High cost: 	HIV , TB , CKD<br />High volume: 	DM, HT, Acute diarrhea, CKD,Pneumonia,COPD<br />Hazard: 	Tuberculosis , COVID-19<br />"
10,ยโสธร,โรงพยาบาลป่าติ้ว,PATIU HOSPITAL,10966,สำนักงานปลัดกระทรวงสาธารณสุข (สป.สธ.),โรงพยาบาลชุมชน(รพช.),30,32,TRUE,NULL,30,"(1)	การดูแลผู้ป่วยกลุ่มโรคเรื้อรัง ( DM+HT) โดยภาคีเครือข่ายมีส่วนร่วม<br />(2)	การเป็นองค์กรแห่งการเรียนรู้ โดยการนำรูปแบบการพัฒนาที่เรียบง่าย มาเป็นเครื่องมือในการพัฒนาระบบบริการ<br />",35049,2563,80741,2987,57.16,2.2,"1.ผู้ป่วยนอก<br />2. ผู้ป่วยใน<br />3.ผู้ป่วยฉุกเฉิน<br />(Acute  MI ,Stroke ,HI, Trauma ,Asthmatic attack)<br />4. กลุ่มผู้ป่วยทั่วไปและโรคเรื้อรัง (DM, HT, CKD, COPD/Asthma , จิตเวช)<br />5.กลุ่มโรคเฉียบพลันและเสี่ยงสูง  <br />6. กลุ่มผู้รับบริการด้านส่งเสริมสุขภาพและป้องกันโรคและฟื้นฟูสภาพ โรคระบาดอื่นๆ<br />7. กลุ่มผู้ป่วยที่มีความต้องการเฉพาะเช่น ผู้ป่วยเด็ก ผู้สูงอายุ ผู้พิการ ผู้ติดเชื้อ HIV และกลุ่ม OSCC    ผู้ป่วยจิตเวช<br />8. กลุ่มผู้ป่วยโรคติดต่อ/โรคติดเชื้อ TB, Pneumonia,Sepsis<br />Covid-19 <br />9. กลุ่มแม่และเด็ก<br />(LBW ,Late ANC,Teenage Pregnancy ,PPH ,PIH, Birth Asphyxia) <br />10. กลุ่มผู้ป่วย/ผู้รับบริการระยะสุดท้าย (END OF LIFE CARE)  <br />11. บุคคลสำคัญ ครอบครัวสาธารณสุข เจ้าหน้าที่ / ผู้มีอุปการคุณกับโรงพยาบาล<br />"
10,ยโสธร,โรงพยาบาลมหาชนะชัย,MAHACHANACHAI HOSPITAL,10967,สำนักงานปลัดกระทรวงสาธารณสุข (สป.สธ.),โรงพยาบาลชุมชน(รพช.),30,35,TRUE,จัดทำใบประกาศนียบัตร,NULL,NULL,NULL,NULL,NULL,NULL,NULL,NULL,NULL
10,ยโสธร,โรงพยาบาลค้อวัง,KHOWANG HOSPITAL,10968,สำนักงานปลัดกระทรวงสาธารณสุข (สป.สธ.),โรงพยาบาลชุมชน(รพช.),30,30,TRUE,จัดทำใบประกาศนียบัตร,NULL,NULL,NULL,NULL,NULL,NULL,NULL,NULL,NULL
10,ยโสธร,โรงพยาบาลไทยเจริญ,THAICHAROEN HOSPITAL,10969,สำนักงานปลัดกระทรวงสาธารณสุข (สป.สธ.),โรงพยาบาลชุมชน(รพช.),30,30,TRUE,รอการจัดเยี่ยมสำรวจ,NULL,NULL,NULL,NULL,NULL,NULL,NULL,NULL,NULL
9,ชัยภูมิ,โรงพยาบาลบ้านเขว้า,BANKHWAO HOSPITAL,10970,สำนักงานปลัดกระทรวงสาธารณสุข (สป.สธ.),โรงพยาบาลชุมชน(รพช.),30,30,TRUE,NULL,NULL,NULL,NULL,NULL,NULL,NULL,NULL,NULL,NULL
9,ชัยภูมิ,โรงพยาบาลคอนสวรรค์,KHONSAWAN HOSPITAL,10971,สำนักงานปลัดกระทรวงสาธารณสุข (สป.สธ.),โรงพยาบาลชุมชน(รพช.),30,40,TRUE,จัดทำใบประกาศนียบัตร,NULL,NULL,NULL,NULL,NULL,NULL,NULL,NULL,NULL
9,ชัยภูมิ,โรงพยาบาลเกษตรสมบูรณ์,KASETSOMBOON HOSPITAL,10972,สำนักงานปลัดกระทรวงสาธารณสุข (สป.สธ.),โรงพยาบาลชุมชน(รพช.),60,67,TRUE,รอการจัดเยี่ยมสำรวจ,850,"""1) การดูแลผู้ป่วยและครอบครัวอย่างต่อเนื่องเป็นองค์รวม และครอบคลุมผสมผสาน <br />2) การดูแลผู้ป่วยโรคเรื้อรัง <br />""<br />",111653,ปี2564(ตุลาคม 2563-กันยายน 2564),221853,6672,120.46,3.95,"""1) กลุ่มผู้ป่วยฉุกเฉิน ได้แก่ STROKE, AMI, Appendicitis, UGIB, Head injury, DM-coma, Sepsis, Shock<br />2) กลุ่มโรคเรื้อรัง ได้แก่ DM, HT, CKD, Asthma, COPD, ผู้สูงอายุ ผู้พิการ<br />3) กลุ่มโรคติดเชื้อ ได้แก่ DHF, HIV, TB, UTI, Pneumonia<br />4) กลุ่มแม่และเด็ก ได้แก่ เจ็บครรภ์คลอด, PPH, PIH, Preterm labor, Birth Asphyxia, Neonatal Sepsis<br />5) กลุ่มผู้ป่วยทั่วไป ได้แก่ URI/ Dyspepsia, Diarrhea & AGE, ปวดกล้ามเนื้อ, Thalassemia <br />6) ทันตกรรม ได้แก่ ฟันผุ, ฟันคุด, เหงือกอักเสบ""<br />"
9,ชัยภูมิ,โรงพยาบาลหนองบัวแดง,NONGBUADAENG HOSPITAL,10973,สำนักงานปลัดกระทรวงสาธารณสุข (สป.สธ.),โรงพยาบาลชุมชน(รพช.),60,60,TRUE,NULL,NULL,NULL,NULL,NULL,NULL,NULL,NULL,NULL,NULL
9,ชัยภูมิ,โรงพยาบาลจัตุรัส,CHATTURAT HOSPITAL,10974,สำนักงานปลัดกระทรวงสาธารณสุข (สป.สธ.),โรงพยาบาลชุมชน(รพช.),120,84,TRUE,รอการจัดเยี่ยมสำรวจ,38,1. มีแพทย์เฉพาะทางสาขาหลัก อายุรกรรม ศัลยกรรม สูตินรีเวชกรรม กุมารเวชกรรม และศัลยศาสตร์ช่องปากและแม็กซิลโลเฟเชียล<br />2. ดูแลผู้ป่วยโรคเรื้อรังแบบครบวงจรโดยชุมชนมีส่วนร่วม<br />3. แหล่งผลิตและจำหน่ายสมุนไพร<br />,74567,"45,413",42121,4671,96.85,5.75,"อายุรกรรม : COVID-19,DM , AMI , Stroke , Asthma , COPD , ไตวาย, Sepsis <br />- กุมารเวชกรรม : Pneumonia , DHF , Neonatal jx<br />- ศัลยกรรม : Appendicitis , อุบัติเหตุ ( HI , Fracture , แผลต่างๆ) CA breast, UGI Bleeding<br />- สูติกรรม : Pre-eclampsia , PPH , CPD , PROM<br />- โรคติดเชื้อ : วัณโรค , เอดส์ , มือเท้าปาก , ไข้หวัดใหญ่<br />- จิดเวช : ฆ่าตัวตาย , ติดสุรา , จิตเภท<br />- ตา : Cataract<br />- อื่นๆ : Palliative care , Pain clinic"
9,ชัยภูมิ,โรงพยาบาลบำเหน็จณรงค์,BAMNETNARONG HOSPITAL,10975,สำนักงานปลัดกระทรวงสาธารณสุข (สป.สธ.),โรงพยาบาลชุมชน(รพช.),60,60,TRUE,NULL,NULL,NULL,NULL,NULL,NULL,NULL,NULL,NULL,NULL
9,ชัยภูมิ,โรงพยาบาลหนองบัวระเหว,NONGBUARAWAE HOSPITAL,10976,สำนักงานปลัดกระทรวงสาธารณสุข (สป.สธ.),โรงพยาบาลชุมชน(รพช.),30,40,TRUE,NULL,NULL,NULL,NULL,NULL,NULL,NULL,NULL,NULL,NULL
9,ชัยภูมิ,โรงพยาบาลเทพสถิต,THEPSATHIT  HOSPITAL,10977,สำนักงานปลัดกระทรวงสาธารณสุข (สป.สธ.),โรงพยาบาลชุมชน(รพช.),30,46,TRUE,NULL,NULL,NULL,NULL,NULL,NULL,NULL,NULL,NULL,NULL
9,ชัยภูมิ,โรงพยาบาลภูเขียวเฉลิมพระเกียรติ,PHUKHIEO  CHALERMPRAKIAT HOSPITAL,10978,สำนักงานปลัดกระทรวงสาธารณสุข (สป.สธ.),โรงพยาบาลทั่วไป(รพท.),90,179,TRUE,NULL,NULL,NULL,NULL,NULL,NULL,NULL,NULL,NULL,NULL
9,ชัยภูมิ,โรงพยาบาลบ้านแท่น,BANTHAEN HOSPITAL,10979,สำนักงานปลัดกระทรวงสาธารณสุข (สป.สธ.),โรงพยาบาลชุมชน(รพช.),30,34,TRUE,NULL,NULL,NULL,NULL,NULL,NULL,NULL,NULL,NULL,NULL
9,ชัยภูมิ,โรงพยาบาลแก้งคร้อ,KAENGKHRO HOSPITAL,10980,สำนักงานปลัดกระทรวงสาธารณสุข (สป.สธ.),โรงพยาบาลชุมชน(รพช.),90,121,TRUE,NULL,42,-การดูแลผู้ป่วยครอบคลุมสาขาหลักตาม service plan<br />-การดูแลผู้ป่วยโรคเรื้อรังแบบองค์รวม<br />-การมีภาคีเครือข่ายที่เข้มแข็ง,93840,ปี 2565 (ตุลาคม 64 - เมษายน 65),280498,7688,153.69,6.6,"-กลุ่มผู้ป่วยโรคเรื้อรัง<br />-กลุ่มผู้ป่วยโรคทางเดินหายใจ<br />-กลุ่มผู้ป่วยโรคเสี่ยงสูง เช่น Stroke, STEMI"
9,ชัยภูมิ,โรงพยาบาลคอนสาร,KONSARN HOSPITAL,10981,สำนักงานปลัดกระทรวงสาธารณสุข (สป.สธ.),โรงพยาบาลชุมชน(รพช.),30,60,TRUE,NULL,NULL,NULL,NULL,NULL,NULL,NULL,NULL,NULL,NULL
9,ชัยภูมิ,โรงพยาบาลภักดีชุมพล,PHUKDEECHUMPOL HOSPITAL,10982,สำนักงานปลัดกระทรวงสาธารณสุข (สป.สธ.),โรงพยาบาลชุมชน(รพช.),30,30,TRUE,NULL,NULL,NULL,NULL,NULL,NULL,NULL,NULL,NULL,NULL
9,ชัยภูมิ,โรงพยาบาลเนินสง่า,NOENSANGA HOSPITAL,10983,สำนักงานปลัดกระทรวงสาธารณสุข (สป.สธ.),โรงพยาบาลชุมชน(รพช.),30,30,TRUE,NULL,30,ระบบการดูแลอย่างต่อเนื่องโดยทีมสหวิชาชีพ,2590,2562,65248,13950,38.68,3.05,DM Stroke STEMI Sepsis
10,อำนาจเจริญ,โรงพยาบาลชานุมาน,CHANUMAN HOSPITAL,10985,สำนักงานปลัดกระทรวงสาธารณสุข (สป.สธ.),โรงพยาบาลชุมชน(รพช.),30,38,TRUE,เขียนรายงาน,80,1.ให้บริการด้านการส่งเสริมสุขภาพ ป้องกัน รักษา ฟื้นฟูสภาพแก่ประชาชนเชื่อมโยงจากโรงพยาบาลส่งเสริมสุขภาพตำบล ชุมชน            <br />2.สร้างสรรค์นวัตกรรมและงานวิจัยเพื่อพัฒนาระบบริการสุขภาพ                                                                                             3.บูรณาการความร่วมมือภาคีเครือข่ายสุขภาพเพื่อการมีสุขภาพที่ดีและยั่งยืน                                                                             4.มีสมรรถนะด้านการแพทย์ปัจจุบันกับแพทย์แผนไทยและแพทย์ทางเลือก โดยการมีส่วนร่วมของภาคีเครือข่ายสุขภาพและชุมชน                            <br />,41847,"ปี 2564 (ตุลาคม 2563 - มิถุนายน 2564)  49,733 ราย",33122,2031,69.36,2.79,"High Volum : DM,HT,Diarrhea, CKD  <br />High Cost : ,Asthma, MDR                                                                                                                             <br />High Risk :  Stroke , STEMI , Sepsis ,Trauma ,HI,  severe PIH , PPH  ,Birth Asphyxia                                                      Hazard :   TB, DHF , ZIKA, HIV, NF, Covid -19                                                                                                        <br />Policy : CHCA , Teenage Pregnancy                                                                                                                        <br />โรคที่มีข้อจำกัดในการบริการ ส่งต่อ : Stroke,STEMI, HI,ความผิดปกติของการตั้งครรภ์และการคลอด,โรคจิตเวชรุนแรง,การ Investigate ด้วย CT                                                                                                                         "
10,อำนาจเจริญ,โรงพยาบาลปทุมราชวงศา,PATUMRACHWONGSA HOSPITAL,10986,สำนักงานปลัดกระทรวงสาธารณสุข (สป.สธ.),โรงพยาบาลชุมชน(รพช.),30,48,TRUE,NULL,NULL,NULL,NULL,NULL,NULL,NULL,NULL,NULL,NULL
10,อำนาจเจริญ,โรงพยาบาลพนา,PHANA HOSPITAL,10987,สำนักงานปลัดกระทรวงสาธารณสุข (สป.สธ.),โรงพยาบาลชุมชน(รพช.),30,30,TRUE,จัดทำใบประกาศนียบัตร,46,ให้การดูแลรักษาพยาบาลในระดับทุติยภูมิ และให้บริการงานส่'เสริมสุขภาพ ควบคุมป้องกันโรค ฟื้ฟูสภาพ และผสมผสานการจัดบริการด้านการแพทย์แผนไทยแบบคู่ขนาน<br />,30255,ปี  2564 (ตุลาคม 2563 - มีนาคม 2564),18464,962,63.63,3.61,"กลุ่มผู้ป่วยฉุกเฉิน  ได้แก่  SROKE,  STEMI , Sepsis ,  Trauma, HI , PPH  <br /><br />กลุ่มโรคเรื้อรัง ได้แก่  DM,  HT , COPD , Asthma, CKD <br /><br />โรคติดเชื้อ  ได้แก่  TB,  DHF, HIV, Corona  virus <br /><br />โรคจากการทำงาน  ได้แก่  โรคระบบกล้ามเนื้อ  <br /><br />ภาวะคุกคามต่อสุขภาพอื่นๆ ได้แก่  ยาเสพติด  สุขภาพจิต  การตั้งครรภ์ไม่พร้อม<br />"
10,อำนาจเจริญ,โรงพยาบาลเสนางคนิคม,SENANGKANIKOM HOSPITAL,10988,สำนักงานปลัดกระทรวงสาธารณสุข (สป.สธ.),โรงพยาบาลชุมชน(รพช.),30,30,TRUE,รอการจัดเยี่ยมสำรวจ,NULL,NULL,NULL,NULL,NULL,NULL,NULL,NULL,NULL
10,อำนาจเจริญ,โรงพยาบาลหัวตะพาน,HUATAPHAN HOSPITAL,10989,สำนักงานปลัดกระทรวงสาธารณสุข (สป.สธ.),โรงพยาบาลชุมชน(รพช.),30,60,TRUE,NULL,NULL,NULL,NULL,NULL,NULL,NULL,NULL,NULL,NULL
10,อำนาจเจริญ,โรงพยาบาลลืออำนาจ,LUE AMNAT HOSPITAL,10990,สำนักงานปลัดกระทรวงสาธารณสุข (สป.สธ.),โรงพยาบาลชุมชน(รพช.),30,30,TRUE,อยู่ระหว่างต่ออายุ,20,เป็นโรงพยาบาลชั้นนำในการนำเทคโนโลยีมาพัฒนาระบบบริการด้านสุขภาพ,36360,ปี 2564 (1ตุลาคม 2563-30 กันยายน2564),21194,1823,63.8,3.53,"1.กลุ่มโรคที่มีความเสี่ยงสูง Stroke  , STEMI , Sepsis , TBI<br />2.กลุ่มโรคติดเชื้อ Pneumonia , Bronchitis , HIV , TB   , Covid-19<br />3.กลุ่มโรคไม่ติดต่อเรื้อรัง NIDDM , Hypertension , COPD , Asthma , CKD<br />"
8,หนองบัวลำภู,โรงพยาบาลนากลาง,NAKLANG HOSPITAL,10991,สำนักงานปลัดกระทรวงสาธารณสุข (สป.สธ.),โรงพยาบาลชุมชน(รพช.),60,87,TRUE,รอการจัดเยี่ยมสำรวจ,30,1.การทำงานกับชุมชนและเครือข่าย 2.ระบบแพทย์ฉุกเฉิน 3.การดูแลโรคเรื้อรัง,92339,2563-2564,136797,5150,86.51,3.9,16 โรค สำคัญ
8,หนองบัวลำภู,โรงพยาบาลโนนสัง,NONSANG  HOSPITAL,10992,สำนักงานปลัดกระทรวงสาธารณสุข (สป.สธ.),โรงพยาบาลชุมชน(รพช.),30,30,TRUE,NULL,NULL,NULL,NULL,NULL,NULL,NULL,NULL,NULL,NULL
8,หนองบัวลำภู,โรงพยาบาลศรีบุญเรือง,SRI BOON RUANG HOSPITAL,10993,สำนักงานปลัดกระทรวงสาธารณสุข (สป.สธ.),โรงพยาบาลชุมชน(รพช.),90,90,TRUE,NULL,NULL,NULL,NULL,NULL,NULL,NULL,NULL,NULL,NULL
8,หนองบัวลำภู,โรงพยาบาลสุวรรณคูหา,SUWANKHUHA HOSPITAL,10994,สำนักงานปลัดกระทรวงสาธารณสุข (สป.สธ.),โรงพยาบาลชุมชน(รพช.),30,30,TRUE,NULL,NULL,NULL,NULL,NULL,NULL,NULL,NULL,NULL,NULL
7,ขอนแก่น,โรงพยาบาลบ้านฝาง,BAN FANG HOSPITAL,10995,สำนักงานปลัดกระทรวงสาธารณสุข (สป.สธ.),โรงพยาบาลชุมชน(รพช.),30,42,TRUE,รอการจัดเยี่ยมสำรวจ,21,สร้างเสริมสุขภาพ โดยภาคีเครือข่าย,51945,"ปี 2563(ต.ค.2562-ก.ย.2563) 89,515 ครั้ง, 27,551 คน",66984,4076,102.86,2.76,ฉุกเฉิน : AMI Stroke Sepsis<br />เรื้อรัง : DM HT
7,ขอนแก่น,โรงพยาบาลพระยืน,PRAYUEN HOSPITAL,10996,สำนักงานปลัดกระทรวงสาธารณสุข (สป.สธ.),โรงพยาบาลชุมชน(รพช.),30,30,TRUE,NULL,NULL,NULL,NULL,NULL,NULL,NULL,NULL,NULL,NULL
7,ขอนแก่น,โรงพยาบาลหนองเรือ,NONG RUEA HOSPITAL,10997,สำนักงานปลัดกระทรวงสาธารณสุข (สป.สธ.),โรงพยาบาลชุมชน(รพช.),90,90,TRUE,NULL,NULL,NULL,NULL,NULL,NULL,NULL,NULL,NULL,NULL
7,ขอนแก่น,โรงพยาบาลชุมแพ,CHUMPHAE HOSPITAL,10998,สำนักงานปลัดกระทรวงสาธารณสุข (สป.สธ.),โรงพยาบาลทั่วไป(รพท.),250,350,TRUE,จัดทำใบประกาศนียบัตร,87,ให้การดูแลรักษาผู้ป่วยที่มีความซับซ้อนแบบบูรณาการ,122780,2564 (1 ตุลาคม2563- 11 มิถุนายน 2564),221283,14206,115.86,4,"High Volume Out-patient (ผู้ป่วยนอกที่มีปริมาณมาก)	<br />1	(E10-E149)DM	22215<br />2	I10-I159 Hypertention	18464<br />3	J09-J189 pneumonia	5474<br />4	R50-R699 Fever unspecified	5360<br />5	K20-K 319 Dyspepsia	4754<br />High Volume In-patient (ผู้ป่วยในที่มีปริมาณมาก)	<br />1	A00-A099 Gastroenteritis	731<br />2	J09-J189 pneumonia	681<br />3	k353Acute appendicitis with localized peritonitis	411<br />4	R50-R699 Fever unspecified	377<br />5	A911Dengue fever [classical dengue]	338<br />High Mortality Patient (ผู้ป่วยที่มีอัตราตายสูง)<br />1	Pneumonia	23<br />2	Chronic kidney disease	11<br />3	C349Malignant neoplasm of bronchus and lung	8<br />4	I219Acute myocardial infarction 	8<br />5	 septicemia	7<br />High Risk Patient (ผู้ป่วยที่มีความเสี่ยงสูง)<br />1	Sepsis	597<br />2	traumatic brian injury	277<br />3	Ischemic stroke	503<br />4	High risk pregnancy(SPIH,GDM,Preterm)	262<br />5	Acute MI	134<br />Complex Care/Center of Excellence (การดูแลที่ซับซ้อน/ศูนย์ความเป็นเลิศ)	<br />1	Fasttrack stroke<br />2	Laparoscopic surgerry<br />3	การบำบัดผู้ติดยาเสพติด<br />4	การดูแลผู้ป่วยDM ครบวงจร<br />5	การผ่าตัด"
7,ขอนแก่น,โรงพยาบาลสีชมพู,SICHOMPHU HOSPITAL,10999,สำนักงานปลัดกระทรวงสาธารณสุข (สป.สธ.),โรงพยาบาลชุมชน(รพช.),60,65,TRUE,ยืนยันการเยี่ยม,113,ระบบบริการปฐมภูมิให้การดูแลแบบองค์รวมร่วมกับภาคีเครือข่าย การดูแลผู้ป่วยระยะกลาง [IMC : Stroke TBI SCI]  และจิตเวชเครือข่าย,789790,2564,127280,4750,79.39,3.66,"โรคไม่ติดต่อเรื้อรัง ได้แก่: โรคเบาหวาน และโรคความดันโลหิตสูง เนื่องจากมีจำนวนผู้ป่วยมากที่สุด ,โรคไม่ติดต่อ : TB<br />เสพ/ติดยาเสพติด :  เป็นปัญหาทางสังคมที่มีกาขยายตัวเพิ่มขึ้นอย่างรวดเร็ว<br />Teenage pregnancy : เป็นปัญหาสำคัญที่แก้ไขได้ยาก และมีแนวโน้มสูงขึ้น<br />ปัญหาสุขภาพที่เป็นโอกาสพัฒนา:<br />Stroke STEMI Sepsis Pneumonia ผู้ป่วยที่กลับมารักษาต่อเนื่องจากโรงพยาบาลใหญ่กว่า เช่น กล่ม IMC"
7,ขอนแก่น,โรงพยาบาลน้ำพอง,NAMPHONG HOSPITAL,11000,สำนักงานปลัดกระทรวงสาธารณสุข (สป.สธ.),โรงพยาบาลชุมชน(รพช.),120,200,TRUE,NULL,33,สร้างเครือข่ายการทำงานเพื่อคุณภาพชีวิตประชาชน,111214,ปี 2564 (เดือนตุลาคม 2563-เดือนกันยายน 2564),204864,11844,107.74,4,"NCDs, Athma, COPD"
7,ขอนแก่น,โรงพยาบาลอุบลรัตน์,UBOLRATTANA HOSPITAL,11001,สำนักงานปลัดกระทรวงสาธารณสุข (สป.สธ.),โรงพยาบาลชุมชน(รพช.),60,60,TRUE,NULL,NULL,NULL,NULL,NULL,NULL,NULL,NULL,NULL,NULL
7,ขอนแก่น,โรงพยาบาลบ้านไผ่,BANPHAI HOSPITAL,11002,สำนักงานปลัดกระทรวงสาธารณสุข (สป.สธ.),โรงพยาบาลชุมชน(รพช.),90,121,TRUE,รอการจัดเยี่ยมสำรวจ,44,1. LC  2.colonoscopy,102585,"ปี2564 จำนวน 104,595 ราย",104595,10939,135,4.03,"1.ผู้ป่วยนอก ได้แก่ เบาหวาน ความดันโลหิตสูง 2.ผู้ป่วยใน ได้แก่ CKD ,Head injury"
7,ขอนแก่น,โรงพยาบาลเปือยน้อย,PUAINOI HOSPITAL,11003,สำนักงานปลัดกระทรวงสาธารณสุข (สป.สธ.),โรงพยาบาลชุมชน(รพช.),30,30,TRUE,NULL,NULL,NULL,NULL,NULL,NULL,NULL,NULL,NULL,NULL
7,ขอนแก่น,โรงพยาบาลพล,PHON HOSPITAL,11004,สำนักงานปลัดกระทรวงสาธารณสุข (สป.สธ.),โรงพยาบาลชุมชน(รพช.),60,67,TRUE,ยืนยันการเยี่ยม,NULL,NULL,NULL,NULL,NULL,NULL,NULL,NULL,NULL
7,ขอนแก่น,โรงพยาบาลแวงใหญ่,WAENGYAI HOSPITAL,11005,สำนักงานปลัดกระทรวงสาธารณสุข (สป.สธ.),โรงพยาบาลชุมชน(รพช.),30,36,TRUE,เขียนรายงาน,NULL,NULL,NULL,NULL,NULL,NULL,NULL,NULL,NULL
7,ขอนแก่น,โรงพยาบาลแวงน้อย,WAENGNOI HOSPITAL,11006,สำนักงานปลัดกระทรวงสาธารณสุข (สป.สธ.),โรงพยาบาลชุมชน(รพช.),30,34,TRUE,ยืนยันการเยี่ยม,101,ให้บริการส่งเสริมสุขภาพ ป้องกันโรค รักษาพยาบาลและฟื้นฟูสภาพแบบองค์รวม โดยการมีส่วนร่วมของเครือข่าย,41921,2564,18092,2114,72.7,4,"- โรคเฉียบพลัน : MI, Stroke, TBI		- โรคเรื้อรัง : DM, HT, CKD, มะเร็งตับและท่อน้ำดี        <br />- โรคติดเชื้อ : Pneumonia, Sepsis, TB	 	- โรคทางจิตเวช : Schizophrenia, Depression<br />"
7,ขอนแก่น,โรงพยาบาลหนองสองห้อง,NONGSONGHONG HOSPITAL,11007,สำนักงานปลัดกระทรวงสาธารณสุข (สป.สธ.),โรงพยาบาลชุมชน(รพช.),30,65,TRUE,NULL,NULL,NULL,NULL,NULL,NULL,NULL,NULL,NULL,NULL
7,ขอนแก่น,โรงพยาบาลภูเวียง,PHUWIANG HOSPITAL,11008,สำนักงานปลัดกระทรวงสาธารณสุข (สป.สธ.),โรงพยาบาลชุมชน(รพช.),60,98,TRUE,(คณะอนุกรรมการ)พิจารณารับรอง,NULL,NULL,NULL,NULL,NULL,NULL,NULL,NULL,NULL
7,ขอนแก่น,โรงพยาบาลมัญจาคีรี,MANCHAKIRI HOSPITAL,11009,สำนักงานปลัดกระทรวงสาธารณสุข (สป.สธ.),โรงพยาบาลชุมชน(รพช.),60,74,TRUE,จัดทำใบประกาศนียบัตร,NULL,NULL,NULL,NULL,NULL,NULL,NULL,NULL,NULL
7,ขอนแก่น,โรงพยาบาลชนบท,CHONNABOT HOSPITAL,11010,สำนักงานปลัดกระทรวงสาธารณสุข (สป.สธ.),โรงพยาบาลชุมชน(รพช.),30,30,TRUE,จัดทำใบประกาศนียบัตร,NULL,NULL,NULL,NULL,NULL,NULL,NULL,NULL,NULL
7,ขอนแก่น,โรงพยาบาลเขาสวนกวาง,KHAOSUANKWANG HOSPITAL,11011,สำนักงานปลัดกระทรวงสาธารณสุข (สป.สธ.),โรงพยาบาลชุมชน(รพช.),30,45,TRUE,NULL,NULL,NULL,NULL,NULL,NULL,NULL,NULL,NULL,NULL
7,ขอนแก่น,โรงพยาบาลภูผาม่าน,PHUPHAMAN HOSPITAL,11012,สำนักงานปลัดกระทรวงสาธารณสุข (สป.สธ.),โรงพยาบาลชุมชน(รพช.),30,30,TRUE,รอเข้าคณะอนุกรรมการพิจารณา,NULL,NULL,NULL,NULL,NULL,NULL,NULL,NULL,NULL
8,อุดรธานี,โรงพยาบาลกุดจับ,KUTCHAP HOSPITAL,11013,สำนักงานปลัดกระทรวงสาธารณสุข (สป.สธ.),โรงพยาบาลชุมชน(รพช.),52,70,TRUE,NULL,NULL,NULL,NULL,NULL,NULL,NULL,NULL,NULL,NULL
8,อุดรธานี,โรงพยาบาลหนองวัวซอ,NONGWUASAW HOSPITAL ,11014,สำนักงานปลัดกระทรวงสาธารณสุข (สป.สธ.),โรงพยาบาลชุมชน(รพช.),60,60,TRUE,เขียนรายงาน,23,เป็นโรงพยาบาลชุมชนระดับทุตติยภูมิขนาด 2.1 ที่ให้บริการ ตรวจรักษาโรค ส่งเสริม ป้องกันและฟื้นฟูสภาพ ประชาชนในเขตอำเภอหนองวัวซอ และพื้นที่ใกล้เคียง และบริการผู้ป่วยฉุกเฉินและคลอดตลอด 24 ชั่วโมง,62762,ปี 2564(ตุลาคม2563-พฤษภาคม 2564),67307,10316,47.1,3,"กลุ่มโรคฉุกเฉิน : STEMI , Stroke , Sepsis ,HI, Truma Pnemonia<br />กลุ่มโรคเรื้อรัง : DM , HT , CKD , Asthma/COPD/ Thalasemia<br />กลุ่มโรคติดเชื้อ : HIV ,TB, Covid-19<br />งานอนามัยแม่และเด็ก : PPH, BA ,LBW<br />กลุ่มโรคทางระบาดวิทยา : DHF, TB<br />กลุ่มเสียชีวิตสูง : STEMI , Septic shock, Pnemonia <br />"
8,อุดรธานี,โรงพยาบาลกุมภวาปี,KUMPHAWAPI HOSPITAL,11015,สำนักงานปลัดกระทรวงสาธารณสุข (สป.สธ.),โรงพยาบาลทั่วไป(รพท.),120,180,TRUE,NULL,NULL,NULL,NULL,NULL,NULL,NULL,NULL,NULL,NULL
8,อุดรธานี,โรงพยาบาลห้วยเกิ้ง,Huaykoeng HOSPITAL,11016,สำนักงานปลัดกระทรวงสาธารณสุข (สป.สธ.),โรงพยาบาลชุมชน(รพช.),10,10,TRUE,NULL,NULL,NULL,NULL,NULL,NULL,NULL,NULL,NULL,NULL
8,อุดรธานี,โรงพยาบาลโนนสะอาด,NONSAAD HOSPITAL,11017,สำนักงานปลัดกระทรวงสาธารณสุข (สป.สธ.),โรงพยาบาลชุมชน(รพช.),30,40,TRUE,เขียนรายงาน,NULL,NULL,NULL,NULL,NULL,NULL,NULL,NULL,NULL
8,อุดรธานี,โรงพยาบาลหนองหาน,NONGHAN HOSPITAL,11018,สำนักงานปลัดกระทรวงสาธารณสุข (สป.สธ.),โรงพยาบาลชุมชน(รพช.),90,110,TRUE,จัดทำใบประกาศนียบัตร,NULL,NULL,NULL,NULL,NULL,NULL,NULL,NULL,NULL
8,อุดรธานี,โรงพยาบาลทุ่งฝน,THUNGFON HOSPITAL,11019,สำนักงานปลัดกระทรวงสาธารณสุข (สป.สธ.),โรงพยาบาลชุมชน(รพช.),30,30,TRUE,NULL,NULL,NULL,NULL,NULL,NULL,NULL,NULL,NULL,NULL
8,อุดรธานี,โรงพยาบาลไชยวาน,CHAIWAN HOSPITAL,11020,สำนักงานปลัดกระทรวงสาธารณสุข (สป.สธ.),โรงพยาบาลชุมชน(รพช.),30,30,TRUE,เขียนรายงาน,NULL,NULL,NULL,NULL,NULL,NULL,NULL,NULL,NULL
8,อุดรธานี,โรงพยาบาลศรีธาตุ,SRITHAT HOSPITAL,11021,สำนักงานปลัดกระทรวงสาธารณสุข (สป.สธ.),โรงพยาบาลชุมชน(รพช.),30,0,TRUE,จัดทำใบประกาศนียบัตร,NULL,NULL,NULL,NULL,NULL,NULL,NULL,NULL,NULL
8,อุดรธานี,โรงพยาบาลวังสามหมอ,WANGSAMMO HOSPITAL,11022,สำนักงานปลัดกระทรวงสาธารณสุข (สป.สธ.),โรงพยาบาลชุมชน(รพช.),30,40,TRUE,อยู่ระหว่างต่ออายุ,NULL,NULL,NULL,NULL,NULL,NULL,NULL,NULL,NULL
8,อุดรธานี,โรงพยาบาลบ้านผือ,BANPHUE HOSPITAL,11023,สำนักงานปลัดกระทรวงสาธารณสุข (สป.สธ.),โรงพยาบาลชุมชน(รพช.),90,90,TRUE,NULL,NULL,NULL,NULL,NULL,NULL,NULL,NULL,NULL,NULL
8,อุดรธานี,โรงพยาบาลน้ำโสม,NAMSOM HOSPITAL,11024,สำนักงานปลัดกระทรวงสาธารณสุข (สป.สธ.),โรงพยาบาลชุมชน(รพช.),60,70,TRUE,เขียนรายงาน,NULL,NULL,NULL,NULL,NULL,NULL,NULL,NULL,NULL
8,อุดรธานี,โรงพยาบาลเพ็ญ,PHEN HOSPITAL,11025,สำนักงานปลัดกระทรวงสาธารณสุข (สป.สธ.),โรงพยาบาลชุมชน(รพช.),120,114,TRUE,อยู่ระหว่างต่ออายุ,43,ให้การดูแลรักษาเฉพาะทางด้านอายุรกรรม ศัลยกรรม กุมารกรรม สูติ-นรีเวชกรรม ทัตกรรม แพทย์แผนไทย แพทย์ทางเลือก การส่งเสริม ป้องกัน  ฟื้นฟูโรคในพื้นที่อำเภอเพ็ญ คลอบคลุมโรคเรื้อรัง โรคและภัยสุขภาพที่สำคัญในพื้นที่ ป้องกันควบคุมไม่ให้เกิดโรคระบาดหรือระบาดซ้ำในพื้นที่ รับผู้ป่วยสำหรับดูแลแบบ Intermediate Care เตรียมผู้ป่วยและญาติให้พร้อมสำหรับการดูแลตนเองที่บ้านและในชุมชน ส่งต่อในโรคที่ซับซ้อนหรือมีข้อจำกัดในการดูแลรักษาสู่โรงพยาบาลที่มีศักยภาพสูงกว่า<br />,116190,ปี 2563  (ตุลาคม2562-กันยายน2563),181244,7843,64.35,3.41,"""1.โรคในกลุ่ม NCD ที่สำคัญคือ เบาหวาน ความดันโลหิตสูง ไตวาย COPD<br />2.โรคระบาด ที่สำคัญคือ ไข้เลือดออก วัณโรคปอด และโรคระบาดตามฤดูกาล เช่น มือเท้าปากเปื่อย<br />3.โรคมะเร็ง โดยเฉพาะมะเร็งตับและท่อน้ำดี<br />4.โรคติดเชื้อ ที่สำคัญคือ อุจจารร่วง ปอดปวม<br />5.อุบัติเหตุจราจร มีความรุนแรงมากขึ้นเรื่อยๆ<br />6.วัยรุ่นตั้งครรภ์ และครรภ์ไม่พึงประสงค์<br />7.ปัญหายาเสพติด แอลกอฮอล์ <br />8.การใช้สารเคมีอันตรายด้านเกษตรกรรม""<br />"
8,อุดรธานี,โรงพยาบาลสร้างคอม,SANHKHOM HOSPITAL,11026,สำนักงานปลัดกระทรวงสาธารณสุข (สป.สธ.),โรงพยาบาลชุมชน(รพช.),30,30,TRUE,NULL,NULL,NULL,NULL,NULL,NULL,NULL,NULL,NULL,NULL
8,อุดรธานี,โรงพยาบาลหนองแสง,NONGSAENG HOSPITAL,11027,สำนักงานปลัดกระทรวงสาธารณสุข (สป.สธ.),โรงพยาบาลชุมชน(รพช.),30,30,TRUE,รอการจัดเยี่ยมสำรวจ,39,"-	การคัดกรองและประเมินอาการผู้ป่วยกลุ่มโรคสำคัญ ได้แก่ Stroke STEMI Sepsis <br />-	การควบคุมการแพร่กระจายเชื้อและการดูแลผู้ป่วย COVID-19 TB <br />-	การให้ความรู้เรื่องยากลุ่มโรค DM HT CKD COVID-19 ผู้ป่วยที่รับยา Warfarin การให้ความรู้การเสริมพลังในการดูแลสุขภาพตนเองผู้ป่วยโรคสำคัญ ได้แก่ DM <br />-	การส่งตรวจทางห้องปฏิบัติการ ได้แก่ การรายงานค่าวิกฤติผู้ป่วยโรคเบาหวาน การส่งสิ่งตรวจทางห้องปฏิบัติการโรค COVID-19  ",27914,2564(1 ต.ค.2563-30 ก.ย. 2564),83895,2176,56.2,4.3,"•	กลุ่มโรคฉุกเฉิน คือ Stroke  STEMI  Sepsis  Trauma <br />•	กลุ่มโรคเรื้อรัง คือ DM  HT  CKD<br />•	กลุ่มมารดาและทารก คือ PPH  BA  Preterm Labour<br />•	กลุ่มโรคระบาด คือ  COVID-19 DHF TB"
8,อุดรธานี,โรงพยาบาลนายูง,NAYOONG HOSPITAL,11028,สำนักงานปลัดกระทรวงสาธารณสุข (สป.สธ.),โรงพยาบาลชุมชน(รพช.),30,30,TRUE,รอเข้าคณะอนุกรรมการพิจารณา,0,ทดสอบ,0,ปี 2563 ,0,0,0,0,ทดสอบ
8,อุดรธานี,โรงพยาบาลพิบูลย์รักษ์,PHIBUNRAK HOSPITAL,11029,สำนักงานปลัดกระทรวงสาธารณสุข (สป.สธ.),โรงพยาบาลชุมชน(รพช.),30,30,TRUE,อยู่ระหว่างต่ออายุ,0,1.การรักษาพยาบาลโรคทั่วไป  <br />2.การส่งเสริมสุขภาพประชาชน<br />3.การควบคุม ป้องกันโรค<br />4.การฟื้นฟูสภาพ,24697,ปี2564,64439,2754,60.34,8678,1.กลุ่มโรคเสี่ยงสูง Stroke STEMI Sepsis Head Injury<br />2..กลุ่มโรคเรื้อรัง DM HT CKD<br />3..กลุ่มโรคติดต่อ TB<br />4..กลุ่มมารดาและทารก DFIU BA PPH<br />5..โรคที่เป็นปัญหาในพื้นที่ จิตเวชจากการใช้สารเสพติด
8,เลย,โรงพยาบาลนาด้วง,NADUANG HOSPITAL,11030,สำนักงานปลัดกระทรวงสาธารณสุข (สป.สธ.),โรงพยาบาลชุมชน(รพช.),30,42,TRUE,เขียนรายงาน,NULL,NULL,NULL,NULL,NULL,NULL,NULL,NULL,NULL
8,เลย,โรงพยาบาลเชียงคาน,CHIANGKHAN HOSPITAL,11031,สำนักงานปลัดกระทรวงสาธารณสุข (สป.สธ.),โรงพยาบาลชุมชน(รพช.),60,60,TRUE,ยืนยันการเยี่ยม,50,ภาคีเครือข่ายมีส่วนร่วมในการดูแลสุขภาพประชาชนในพื้นที่ ,60929,ปี 2564 (ตุลาคม 2563 - กันยายน 2564),168304,3878,70.24,3.97,1. Stroke<br />2. Sepsis<br />3. Head injury<br />4. Brith asphyxia<br />5. Covid-19
8,เลย,โรงพยาบาลปากชม,PAKCHOM HOSPITAL,11032,สำนักงานปลัดกระทรวงสาธารณสุข (สป.สธ.),โรงพยาบาลชุมชน(รพช.),30,30,TRUE,NULL,90,0,34265,0,26163,3014,0,0,0
8,เลย,โรงพยาบาลนาแห้ว,NAHAEO HOSPITAL,11033,สำนักงานปลัดกระทรวงสาธารณสุข (สป.สธ.),โรงพยาบาลชุมชน(รพช.),30,30,TRUE,NULL,NULL,NULL,NULL,NULL,NULL,NULL,NULL,NULL,NULL
8,เลย,โรงพยาบาลภูเรือ,PHURUA HOSPITAL,11034,สำนักงานปลัดกระทรวงสาธารณสุข (สป.สธ.),โรงพยาบาลชุมชน(รพช.),30,30,TRUE,NULL,NULL,NULL,NULL,NULL,NULL,NULL,NULL,NULL,NULL
8,เลย,โรงพยาบาลท่าลี่,THALI HOSPITAL,11035,สำนักงานปลัดกระทรวงสาธารณสุข (สป.สธ.),โรงพยาบาลชุมชน(รพช.),30,30,TRUE,NULL,NULL,NULL,NULL,NULL,NULL,NULL,NULL,NULL,NULL
8,เลย,โรงพยาบาลวังสะพุง,WANGSAPHUNG HOSPITAL,11036,สำนักงานปลัดกระทรวงสาธารณสุข (สป.สธ.),โรงพยาบาลชุมชน(รพช.),90,113,TRUE,NULL,23,1. สาขาอายุรกรรม<br />2.สาขาศัลยกรรม<br />3.สาขากุมารเวชกรรม<br />4.สาขาสูตินรีเวชกรรม<br />5.สาขาวิสัญญี<br />6.สาขาทันตกรรมทั่วไป/เฉพาะทางทันตกรรม 4 สาขา,15649,ปี 2563,80701,9843,87.21,2.91,1.โรคไข้เลือดออก<br />2.โรคเบาหวานและความดันโลหิตสูง<br />3.โรคหลอดเลือดสมอง หลอดเลือดหัวใจ<br />4.วัณโรค<br />5.อุบัติเหตุจราจร
8,เลย,โรงพยาบาลภูกระดึง,PHUKRADUENG HOSPITAL,11037,สำนักงานปลัดกระทรวงสาธารณสุข (สป.สธ.),โรงพยาบาลชุมชน(รพช.),60,51,TRUE,NULL,NULL,NULL,NULL,NULL,NULL,NULL,NULL,NULL,NULL
8,เลย,โรงพยาบาลภูหลวง,PHULUANG HOSPITAL,11038,สำนักงานปลัดกระทรวงสาธารณสุข (สป.สธ.),โรงพยาบาลชุมชน(รพช.),30,30,TRUE,NULL,NULL,NULL,NULL,NULL,NULL,NULL,NULL,NULL,NULL
8,เลย,โรงพยาบาลผาขาว,PHAKHAO HOSPITAL,11039,สำนักงานปลัดกระทรวงสาธารณสุข (สป.สธ.),โรงพยาบาลชุมชน(รพช.),30,30,TRUE,เขียนรายงาน,NULL,NULL,NULL,NULL,NULL,NULL,NULL,NULL,NULL
8,บึงกาฬ,โรงพยาบาลบึงกาฬ,BUENGKAN HOSPITAL,11040,สำนักงานปลัดกระทรวงสาธารณสุข (สป.สธ.),โรงพยาบาลทั่วไป(รพท.),500,295,TRUE,NULL,NULL,NULL,NULL,NULL,NULL,NULL,NULL,NULL,NULL
8,บึงกาฬ,โรงพยาบาลพรเจริญ,PORNCHAROEN HOSPITAL,11041,สำนักงานปลัดกระทรวงสาธารณสุข (สป.สธ.),โรงพยาบาลชุมชน(รพช.),30,47,TRUE,NULL,0,ทดสอบ,0,ปี 2563 ,0,0,0,0,ทดสอบ
8,หนองคาย,โรงพยาบาลโพนพิสัย,PHONPHISAI HOSPITAL,11042,สำนักงานปลัดกระทรวงสาธารณสุข (สป.สธ.),โรงพยาบาลชุมชน(รพช.),120,109,TRUE,NULL,NULL,NULL,NULL,NULL,NULL,NULL,NULL,NULL,NULL
8,บึงกาฬ,โรงพยาบาลโซ่พิสัย,SOPHISAI HOSPITAL,11043,สำนักงานปลัดกระทรวงสาธารณสุข (สป.สธ.),โรงพยาบาลชุมชน(รพช.),30,55,TRUE,เขียนรายงาน,NULL,NULL,NULL,NULL,NULL,NULL,NULL,NULL,NULL
8,หนองคาย,โรงพยาบาลศรีเชียงใหม่,SRICHIANGMAI  HOSPITAL,11044,สำนักงานปลัดกระทรวงสาธารณสุข (สป.สธ.),โรงพยาบาลชุมชน(รพช.),30,35,TRUE,NULL,NULL,NULL,NULL,NULL,NULL,NULL,NULL,NULL,NULL
8,หนองคาย,โรงพยาบาลสังคม,SANGKHOM HOSPITAL,11045,สำนักงานปลัดกระทรวงสาธารณสุข (สป.สธ.),โรงพยาบาลชุมชน(รพช.),30,40,TRUE,NULL,NULL,NULL,NULL,NULL,NULL,NULL,NULL,NULL,NULL
8,บึงกาฬ,โรงพยาบาลเซกา,SEKA HOSPITAL,11046,สำนักงานปลัดกระทรวงสาธารณสุข (สป.สธ.),โรงพยาบาลชุมชน(รพช.),120,123,TRUE,NULL,NULL,NULL,NULL,NULL,NULL,NULL,NULL,NULL,NULL
8,บึงกาฬ,โรงพยาบาลปากคาด,PAKKAT HOSPITAL,11047,สำนักงานปลัดกระทรวงสาธารณสุข (สป.สธ.),โรงพยาบาลชุมชน(รพช.),30,37,TRUE,NULL,44,1.ดูแลรักษาโรคทั่วไป ตามศักยภาพของ รพ.ระดับ F2<br />2.ส่งเสริมสุขภาพประชากรตามกลุ่มวัย<br />3.ด้านการส่งต่อกลุ่มผู้ป่วย fast track,34796,ปี 2564(เดือนตุลาคม2563-กรกฎาคม 2564),68458,2498,103,3.4,"1.	CO VID 19<br />2.	STEMI<br />3.	Head  injury<br />4.	 SEPSIS<br />5.	STROKE<br />6.	Birth asphyxia"
8,บึงกาฬ,โรงพยาบาลบึงโขงหลง,BUENGKHONGLONG HOSPITAL,11048,สำนักงานปลัดกระทรวงสาธารณสุข (สป.สธ.),โรงพยาบาลชุมชน(รพช.),30,58,TRUE,ยืนยันการเยี่ยม,NULL,NULL,NULL,NULL,NULL,NULL,NULL,NULL,NULL
8,บึงกาฬ,โรงพยาบาลศรีวิไล,SRIWILAI HOSPITAL,11049,สำนักงานปลัดกระทรวงสาธารณสุข (สป.สธ.),โรงพยาบาลชุมชน(รพช.),30,38,TRUE,จัดทำใบประกาศนียบัตร,0,ทดสอบ,0,ปี 2563 ,0,0,0,0,ทดสอบ
8,บึงกาฬ,โรงพยาบาลบุ่งคล้า,BUNGKLA HOSPITAL,11050,สำนักงานปลัดกระทรวงสาธารณสุข (สป.สธ.),โรงพยาบาลชุมชน(รพช.),10,32,TRUE,รอการจัดเยี่ยมสำรวจ,40,บริการครอบคลุม 4 มิติ และการสร้างเครือข่ายความร่วมมือกับชุมชน,12887,ปี2564,44705,1462,40.35,0,"(1) กลุ่มผู้ป่วยโรคเรื้อรัง ได้แก่ โรคเบาหวาน, โรคความดันโลหิตสูง, โรคไตเรื้อรัง<br />(2) กลุ่มผู้ป่วยโรคฉุกเฉิน ได้แก่ STEMI, Sepsis, Severe Traumatic Injury<br />(3) กลุ่มโรคระบาดและโรคอุบัติใหม่ ได้แก่ COVID-19<br />(4) กลุ่มโรคที่พบความเสี่ยง ได้แก่ Stroke "
7,มหาสารคาม,โรงพยาบาลแกดำ,KAEDAM HOSPITAL,11051,สำนักงานปลัดกระทรวงสาธารณสุข (สป.สธ.),โรงพยาบาลชุมชน(รพช.),30,36,TRUE,รอการจัดเยี่ยมสำรวจ,25,1)เชี่ยวชาญการบริการปฐมภูมิ ให้การดูแลแบบองค์รวมร่วมกับภาคีเครือข่ายสุขภาพ 2)มีวัฒนธรรมความปลอดภัยทั้งองค์กร ,29683,1 ตุลาคม 2563-30 กันยายน 2564,71313,1701,64.53,4.57,1)กลุ่มโรคเรื้อรังที่สำคัญ (เบาหวาน/ความดันโลหิตสูง/ไตวายเรื้อรัง) 2) กลุ่มโรคระบบทางเดินอาหาร 3) กลุ่มโรคทางเดินหายใจ เช่น TB COPD Asthma  4) กลุ่มโรคที่มีความเสี่ยงสูง ต้องส่งต่อรวดเร็วและมีอัตราการตายสูง (โรคห้วใจขาดเลือด  โรคหลอดเลือดในสมอง โรคติดเชื้อในกระแสเลือด โรคมะเร็งระยะท้าย อุบัติเหตุ) 5) กลุ่มผู้ป่วย COVID -19
7,มหาสารคาม,โรงพยาบาลโกสุมพิสัย,KOSUMPISAI HOSPITAL,11052,สำนักงานปลัดกระทรวงสาธารณสุข (สป.สธ.),โรงพยาบาลชุมชน(รพช.),120,128,TRUE,จัดทำใบประกาศนียบัตร,NULL,NULL,NULL,NULL,NULL,NULL,NULL,NULL,NULL
7,มหาสารคาม,โรงพยาบาลกันทรวิชัย,KANTARAWICHAI HOSPITAL,11053,สำนักงานปลัดกระทรวงสาธารณสุข (สป.สธ.),โรงพยาบาลชุมชน(รพช.),30,68,TRUE,NULL,NULL,NULL,NULL,NULL,NULL,NULL,NULL,NULL,NULL
7,มหาสารคาม,โรงพยาบาลเชียงยืน,CHIANG YUEN HOSPITAL,11054,สำนักงานปลัดกระทรวงสาธารณสุข (สป.สธ.),โรงพยาบาลชุมชน(รพช.),60,60,TRUE,รอการจัดเยี่ยมสำรวจ,50,การมีส่วนร่วมของภาคีเครือข่ายและชุมชนในการพัฒนาระบบบริการ ,60585,ปี 2564 (ตุลาคม 2563-มิถุนายน 2564),103489,3828,66.8,2.87,"STEMI, Stroke, HI, Sepsis, DM, HT, CKD, TB"
7,มหาสารคาม,โรงพยาบาลบรบือ,BORABUE HOSPITAL,11055,สำนักงานปลัดกระทรวงสาธารณสุข (สป.สธ.),โรงพยาบาลชุมชน(รพช.),60,114,TRUE,เขียนรายงาน,NULL,NULL,NULL,NULL,NULL,NULL,NULL,NULL,NULL
7,มหาสารคาม,โรงพยาบาลนาเชือก,NACHAUK HOSPITAL,11056,สำนักงานปลัดกระทรวงสาธารณสุข (สป.สธ.),โรงพยาบาลชุมชน(รพช.),30,36,TRUE,NULL,NULL,NULL,NULL,NULL,NULL,NULL,NULL,NULL,NULL
7,มหาสารคาม,โรงพยาบาลพยัคฆภูมิพิสัย,PHAYAKKHAPHUMPHISAI HOSPITAL,11057,สำนักงานปลัดกระทรวงสาธารณสุข (สป.สธ.),โรงพยาบาลชุมชน(รพช.),90,108,TRUE,อยู่ระหว่างต่ออายุ,84, <br />การจัดบริการเฉพาะทางที่ตอบสนองต่อโรงพยาบาลระดับแม่ข่าย <br />1. กลุ่มผู้ป่วยศัลยกรรมกระดูก ได้แก่ ORIF with Locking P&S Multiple fracture Total hip arthroplasty Total knee Arthroplasty <br />เป็นต้น <br />2. กลุ่มผู้ป่วยศัลยกรรมทั่วไป ได้แก่ การผ่าตัด MRM  LAR LC APR Thyroidectomy Nephrolithotomy Hemicolectomy Explore CBD Prostatectomy เป็นต้น<br />3. กลุ่มผู้ป่วยสูติ-นรีเวช ได้แก่ Emergency C/S TAH Vaginal hysterectomy Ectopic pregnancy Ovarain cystectomy TLH Laparotomy ovarain cystectomy with methylene blue injection<br />,87695,179886,170096,9790,116.1,3.86,"มี 5 สาขาหลัก คือ<br />1.  อายุรกรรม ได้แก่ Sepsis, STEMI, Stroke, TB, Pneumonia โดยมีตัวชี้วัด อัตราการเกิดภาวะแทรกซ้อนในผู้ป่วยsepsis ขณะรักษาเป้าหมาย< ร้อยละ 50 ผลลัพธ์ปี 2563ร้อยละ25แนวโน้มลดลง <br />2. ศัลยกรรม ได้แก่ Appendicitis, Abdominal pain, Soft tissue infection, Head injury ตัวชี้วัดหลักคือ อัตราผ่าตัดไส้ติ่งภายใน 8 ชั่วโมง >ร้อยละ 80 ปี2563ได้ร้อยละ 84.65 และมุ่งเน้นการผ่าตัดODS MIS มากขึ้น<br />3. สูติ–นรีเวชกรรม ได้แก่ PPH, Birth asphyxia  ตัวชี้วัดได้แก่ อัตราผู้ป่วยPPHหลังคลอด<ร้อยละ5พบผลลัพธ์ในปี2559-2563 เท่ากับ2.58,2.81,2.76,1.42 และ2.13 <br />4. โรคทางศัลยกรรมกระดูกและข้อ ได้แก่ Non displace fracture และสามารถผ่าตัดเปลี่ยนข้อเข่าและข้อสะโพกเทียมได้ในปี2563จำนวน 3 ราย <br />5. โรคทางกุมารเวชกรรม ได้แก่  Pneumonia, DHF, Febrile convulsion, Neonatal sepsis ตัวชี้วัดหลักคือ อัตราการเกิดRespiratory Failureในเด็กร้อยละ 0 ยังไม่ได้ตามเป้าหมายในปี 2560-2564 ร้อยละ 1.73,2.40,5.70,5.55และ8.84ตามลำดับ"
7,มหาสารคาม,โรงพยาบาลวาปีปทุม,WAPIPATHUM HOSPITAL,11058,สำนักงานปลัดกระทรวงสาธารณสุข (สป.สธ.),โรงพยาบาลชุมชน(รพช.),60,124,TRUE,NULL,NULL,NULL,NULL,NULL,NULL,NULL,NULL,NULL,NULL
7,มหาสารคาม,โรงพยาบาลนาดูน,NADUN HOSPITAL,11059,สำนักงานปลัดกระทรวงสาธารณสุข (สป.สธ.),โรงพยาบาลชุมชน(รพช.),30,30,TRUE,NULL,65,มีทันตแพทย์สาขาทันตกรรมประดิษฐ์<br />มีแพทย์ฝังเข็ม,37611,2564,46196,1801,77.72,2.9,"- กลุ่มโรคเสี่ยงสูง :  ได้แก่ Stroke, MI,Sepsis, TBI <br />- กลุ่มโรคเรื้อรัง :  DM, HT,CKD                                                                                                                                - กลุ่มโรคทางเดินหายใจ : Pneumonia<br />- กลุ่มโรคทางระบาดวิทยาและโรคติดต่อ : Dengue fever,  TB Diarrhea<br />- กลุ่มแม่และเด็ก: Birth asphyxia,  PPH <br />- กลุ่ม: Palliative Care                                                                                                                                           - กลุ่มโรคอุบัติการณ์ใหม่ : Corona Virus Disease (Covid-19)"
7,มหาสารคาม,โรงพยาบาลยางสีสุราช,YANGSRISURACH HOSPITAL,11060,สำนักงานปลัดกระทรวงสาธารณสุข (สป.สธ.),โรงพยาบาลชุมชน(รพช.),30,30,TRUE,NULL,NULL,NULL,NULL,NULL,NULL,NULL,NULL,NULL,NULL
7,ร้อยเอ็ด,โรงพยาบาลเกษตรวิสัย,KASETWISAI HOSPITAL,11061,สำนักงานปลัดกระทรวงสาธารณสุข (สป.สธ.),โรงพยาบาลชุมชน(รพช.),60,96,TRUE,NULL,48,1.การดูแลผู้ป่วยสาขาศัลยกรรมทั่วไป อายุรกรรม  กุมารเวชกรรม ออโธปิดิกส์  เวชศาสตร์ครอบครัว และ ทันตกรรมสาขา        <br />    เอ็นโดด้อน ทันตกรรมประดิษฐ์ ปริทันต์วิทยา <br />2.การจัดระบบบริการโรคเรื้อรังแบบครบวงจร<br />3.การจัดระบบบริการระดับทุติยภูมิ,103049,ปี2564 (1 ตุลาคม2563 - 30กันยายน2564),224436,7566,97.5,2.8,1.กลุ่มโรคเฉียบพลัน ได้แก่ AMI  Stroke HI Brunt trauma UGIB สุรา-ยาเสพติด Sepsis <br />2.กลุ่มโรคเรื้อรัง  ได้แก่ DM HT CKD COPD Asthma  Thallassemia  CA<br />3.กลุ่มโรคติดต่อที่เป็นปัญหา ได้แก่ TB HIV DHF Diarrhea COVID-19<br />4.กลุ่มอนามัยแม่และเด็ก ตั้งครรภ์ก่อนวัยอันควร PPH Birth asphyxia High risk pregnancy Delaydevelopment<br />5.ผู้ป่วยแบบประคับประคอง ได้แก่ กลุ่มมะเร็งระยะสุดท้าย CKD stage5 โรคเรื้อรังระยะสุดท้าย
7,ร้อยเอ็ด,โรงพยาบาลปทุมรัตต์,PATHUMRAT HOSPITAL,11062,สำนักงานปลัดกระทรวงสาธารณสุข (สป.สธ.),โรงพยาบาลชุมชน(รพช.),30,37,TRUE,รอเข้าคณะอนุกรรมการพิจารณา,65,ด้านการจัดการโรคเรื้อรัง,58550,80613,80613,3200,67.29,2,"""โรคที่เป็นปัญหาสำคัญขององค์กร แบ่งเป็น 4 กลุ่ม คือ <br />1. กลุ่มโรคภาวะฉุกเฉินและเสี่ยงสูง ได้แก่Sepsis Stroke , STEMI  Head injury<br />2. กลุ่มโรคเรื้อรัง ได้แก่ โรคเบาหวาน ความดันโลหิตสูง ถุงลมโป่งพอง วัณโรค การดูแลผู้ป่วยระยะสุดท้าย ไตวายเรื้อรัง สุขภาพจิตและจิตเวช <br />3. กลุ่มโรคระบาดวิทยา ได้แก่ วัณโรค ไข้เลือดออก โควิด-19<br />""<br />"
7,ร้อยเอ็ด,โรงพยาบาลจตุรพักตรพิมาน,CHATURAPHAK PHIMAN HOSPITAL,11063,สำนักงานปลัดกระทรวงสาธารณสุข (สป.สธ.),โรงพยาบาลชุมชน(รพช.),30,60,TRUE,NULL,NULL,NULL,NULL,NULL,NULL,NULL,NULL,NULL,NULL
7,ร้อยเอ็ด,โรงพยาบาลธวัชบุรี,THAWATBURI HOSPITAL,11064,สำนักงานปลัดกระทรวงสาธารณสุข (สป.สธ.),โรงพยาบาลชุมชน(รพช.),30,30,TRUE,NULL,NULL,NULL,NULL,NULL,NULL,NULL,NULL,NULL,NULL
7,ร้อยเอ็ด,โรงพยาบาลพนมไพร,PHANOMPHRAI HOSPITAL,11065,สำนักงานปลัดกระทรวงสาธารณสุข (สป.สธ.),โรงพยาบาลชุมชน(รพช.),30,41,TRUE,รอการจัดเยี่ยมสำรวจ,0,test,50000,2564,50000,2000,50,3,test
7,ร้อยเอ็ด,โรงพยาบาลโพนทอง,PHONTHONG HOSPITAL,11066,สำนักงานปลัดกระทรวงสาธารณสุข (สป.สธ.),โรงพยาบาลชุมชน(รพช.),150,148,TRUE,NULL,NULL,NULL,NULL,NULL,NULL,NULL,NULL,NULL,NULL
7,ร้อยเอ็ด,โรงพยาบาลโพธิ์ชัย,PHOCHAI HOSPITAL,11067,สำนักงานปลัดกระทรวงสาธารณสุข (สป.สธ.),โรงพยาบาลชุมชน(รพช.),30,30,TRUE,จัดทำใบประกาศนียบัตร,NULL,NULL,NULL,NULL,NULL,NULL,NULL,NULL,NULL
7,ร้อยเอ็ด,โรงพยาบาลหนองพอก,NONGPHOK HOSPITAL,11068,สำนักงานปลัดกระทรวงสาธารณสุข (สป.สธ.),โรงพยาบาลชุมชน(รพช.),30,56,TRUE,จัดทำใบประกาศนียบัตร,NULL,NULL,NULL,NULL,NULL,NULL,NULL,NULL,NULL
7,ร้อยเอ็ด,โรงพยาบาลเสลภูมิ,SELAPHUM HOSPITAL,11069,สำนักงานปลัดกระทรวงสาธารณสุข (สป.สธ.),โรงพยาบาลชุมชน(รพช.),60,76,TRUE,จัดทำใบประกาศนียบัตร,NULL,NULL,NULL,NULL,NULL,NULL,NULL,NULL,NULL
7,ร้อยเอ็ด,โรงพยาบาลสุวรรณภูมิ,SUWANNAPHUM HOSPITAL,11070,สำนักงานปลัดกระทรวงสาธารณสุข (สป.สธ.),โรงพยาบาลชุมชน(รพช.),60,156,TRUE,NULL,NULL,NULL,NULL,NULL,NULL,NULL,NULL,NULL,NULL
7,ร้อยเอ็ด,โรงพยาบาลเมืองสรวง,MUEANG SUANG HOSPITAL,11071,สำนักงานปลัดกระทรวงสาธารณสุข (สป.สธ.),โรงพยาบาลชุมชน(รพช.),30,30,TRUE,NULL,NULL,NULL,NULL,NULL,NULL,NULL,NULL,NULL,NULL
7,ร้อยเอ็ด,โรงพยาบาลโพนทราย,PHONSAI HOSPITAL,11072,สำนักงานปลัดกระทรวงสาธารณสุข (สป.สธ.),โรงพยาบาลชุมชน(รพช.),30,30,TRUE,NULL,83,บริการด้านปฐมภูมิเชิงรุกในชุมชน,28007,2563 (ตุลาคม 2562-30 กันยายน 2563),39164,1720,40.84,3,1.โรคเรื้อรัง เบาหวานและความดันโลหิตสูง<br />2.โรคอุจจาระร่วง
7,ร้อยเอ็ด,โรงพยาบาลอาจสามารถ,ATSAMAT HOSPITAL,11073,สำนักงานปลัดกระทรวงสาธารณสุข (สป.สธ.),โรงพยาบาลชุมชน(รพช.),30,38,TRUE,รอการจัดเยี่ยมสำรวจ,34,1. ระบบริการผู้ป่วยเบาหวาน ความดันโลหิตสูง<br />2. ระบบบริการดูแลผู้ป่วยกลุ่มติดบ้าน ติดเตียง ผู้พิการ ผู้ด้อยโอกาส ผู้สูงอายุที่มีภาวะพึ่งพิง (long term care),80222,ปี 2564 (ตุลาคม 2563-เมษายน 2564),22218,1344,55.62,2.7,"1.โรคไม่ติดต่อเรื้อรัง  ได้แก่ DM, HT, Asthma, COPD, สุขภาพจิต, CKD, กลุ่มโรคหลอดเลือดสมอง/หัวใจ และมะเร็ง<br />2.กลุ่มโรคที่มีอัตราการตายสูง  ได้แก่  Stroke, STEMI, Sepsis, Post Partum Hemorrhage, Birth Asphyxia ,Trauma <br />3.โรคติดต่อ ได้แก่ Diarrhea, DHF, TB"
7,ร้อยเอ็ด,โรงพยาบาลเมยวดี,MOEIWADI HOSPITAL,11074,สำนักงานปลัดกระทรวงสาธารณสุข (สป.สธ.),โรงพยาบาลชุมชน(รพช.),30,30,TRUE,NULL,1,การทำงานร่วมกับชุมชน ,23560,2564,50000,1500,38.56,2.1,เบาหวาน ความดันโลหิตสูง
7,ร้อยเอ็ด,โรงพยาบาลศรีสมเด็จ,SRISOMDET HOSPITAL,11075,สำนักงานปลัดกระทรวงสาธารณสุข (สป.สธ.),โรงพยาบาลชุมชน(รพช.),30,38,TRUE,จัดทำใบประกาศนียบัตร,21,ให้บริการรักษาโรคทั่วไป,36201,50280,486710,16090,86.47,2.66,"1. AMI<br />2.STROKE<br />3.SEPSIS<br />4.Head injury<br />5.CKD3-5<br />6.DM,HT<br />7.Pneumonia<br />8.COPD<br />9.Asthma<br />10.TB"
7,ร้อยเอ็ด,โรงพยาบาลจังหาร,CHANGHAN HOSPITAL,11076,สำนักงานปลัดกระทรวงสาธารณสุข (สป.สธ.),โรงพยาบาลชุมชน(รพช.),30,30,TRUE,NULL,NULL,NULL,NULL,NULL,NULL,NULL,NULL,NULL,NULL
7,กาฬสินธุ์,โรงพยาบาลนามน,NAMON HOSPITAL,11077,สำนักงานปลัดกระทรวงสาธารณสุข (สป.สธ.),โรงพยาบาลชุมชน(รพช.),30,34,TRUE,NULL,NULL,NULL,NULL,NULL,NULL,NULL,NULL,NULL,NULL
7,กาฬสินธุ์,โรงพยาบาลกมลาไสย,KAMALASAI HOSPITAL,11078,สำนักงานปลัดกระทรวงสาธารณสุข (สป.สธ.),โรงพยาบาลชุมชน(รพช.),120,150,TRUE,NULL,13,"""1. การดูแลผู้ป่วยโรคเบาหวานครบวงจร<br />2. การดูแลผู้ป่วยไตวายเรื้อรัง (CKD)<br />3. การดูแลผู้ป่วยเลปโตสไปโรซีส<br />4.ประยุกต์ใช้การแพทย์ทางเลือกในการดูแลผู้ป่วย <br /><br />",661823,"				169024 						 		",36340,6083,41.16,3.2,"""1. กลุ่มผู้ป่วยฉุกเฉิน ได้แก่ Stroke , STEMI , Sepsis , Trauma ,HI,  severe PIH , Ectopic shock, PPH ,UGIB<br />2. กลุ่มโรคเรื้อรัง ได้แก่ DM, HT, CKD , COPD , Asthma<br />3. โรคติดเชื้อ ได้แก่ TB, DHF , HIV, NF<br />4. ภาวะเสี่ยงต่อสุขภาพ ตั้งครรภ์ในวัยรุ่น  ทารกขาดออกซิเจนแรกเกิด  ทารกน้ำหนักตัวน้อย สารไอโอดีนในเลือดต่ำในทารกแรกเกิด <br />5. ปัญหาอื่นที่คุกคามต่อภาวะสุขภาพ ได้แก่  ยาเสพติด  สุขภาพจิต อุบัติเหตุจราจร  <br />6. โรคจากการทำงาน / ประกอบอาชีพ  ได้แก่ โรคระบบกล้ามเนื้อ การได้ยิน การมองเห็น""<br />"
7,กาฬสินธุ์,โรงพยาบาลร่องคำ,RONGKHAM HOSPITAL,11079,สำนักงานปลัดกระทรวงสาธารณสุข (สป.สธ.),โรงพยาบาลชุมชน(รพช.),30,30,TRUE,จัดทำใบประกาศนียบัตร,NULL,NULL,NULL,NULL,NULL,NULL,NULL,NULL,NULL
7,กาฬสินธุ์,โรงพยาบาลเขาวง,KHAOWONG HOSPITAL,11080,สำนักงานปลัดกระทรวงสาธารณสุข (สป.สธ.),โรงพยาบาลชุมชน(รพช.),60,85,TRUE,NULL,NULL,NULL,NULL,NULL,NULL,NULL,NULL,NULL,NULL
7,กาฬสินธุ์,โรงพยาบาลยางตลาด,YANGTALAD HOSPITAL,11081,สำนักงานปลัดกระทรวงสาธารณสุข (สป.สธ.),โรงพยาบาลชุมชน(รพช.),120,144,TRUE,NULL,15,โรคทั่วไป อายุรกรรม สูตินรีเวชกรรม กุมารเวชกรรม ศัลยกรรมกระดูกและข้อ เวชศาสตร์ครอบครัว ศัลยกรรมทั่วไป จิตเวช,110141,ตุลาคม 62-กันยายน 63,177382,10124,105.36,4.31,1.sepsis<br />2.Stroke<br />3.MI<br />4.TB<br />5.Pneumonia<br />6.post partum Hemorrhage<br />7.Preterm contraction<br />8.HI<br />9.Appendecitis<br />10.Septic artitis<br />11.Coronavirus 2019
7,กาฬสินธุ์,โรงพยาบาลห้วยเม็ก,HUAIMEK HOSPITAL,11082,สำนักงานปลัดกระทรวงสาธารณสุข (สป.สธ.),โรงพยาบาลชุมชน(รพช.),30,56,TRUE,NULL,50,"คลินิกจิตเวช (เด็ก/ผู้ใหญ่) , ยาเสพติด , การดูแลแบบประคับประครอง",432760,"จำนวนผู้รับบริการ ปี 2563 (ข้อมูลทั้งปี) ผู้ป่วยนอกปีละ79,956 ครั้ง ผู้ป่วยใน ปีละ 2,771 ราย",799560,27710,71.78,2.84,"1.กลุ่มผู้ป่วยโรคเรื้อรัง ได้แก่ โรคเบาหวาน, โรคความดันโลหิตสูง, โรคไตเรื้อรัง, โรคปอดอุดกั้นเรื้อรัง,TB<br />2.กลุ่มผู้ป่วยโรคฉุกเฉิน/โรคเสี่ยงสูง ได้แก่ Stroke, STEMI, Sepsis, Severe Multiple Injury, PPH<br />3.กลุ่มโรคระบาด ได้แก่ โรคไข้เลือดออก โรคอุบัติใหม่<br />4. ปัญหาสุขภาพที่สำคัญอื่นๆ ได้แก่ ปัญหาสุขภาพจิต ปัญหายาเสพติด"
7,กาฬสินธุ์,โรงพยาบาลสหัสขันธ์,SAHATSAKHAN HOSPITAL,11083,สำนักงานปลัดกระทรวงสาธารณสุข (สป.สธ.),โรงพยาบาลชุมชน(รพช.),30,30,TRUE,เขียนรายงาน,NULL,NULL,NULL,NULL,NULL,NULL,NULL,NULL,NULL
7,กาฬสินธุ์,โรงพยาบาลคำม่วง,KHAMMUANG HOSPITAL,11084,สำนักงานปลัดกระทรวงสาธารณสุข (สป.สธ.),โรงพยาบาลชุมชน(รพช.),30,54,TRUE,จัดทำใบประกาศนียบัตร,NULL,NULL,NULL,NULL,NULL,NULL,NULL,NULL,NULL
7,กาฬสินธุ์,โรงพยาบาลท่าคันโท,THAKHANTHO HOSPITAL,11085,สำนักงานปลัดกระทรวงสาธารณสุข (สป.สธ.),โรงพยาบาลชุมชน(รพช.),30,37,TRUE,อยู่ระหว่างต่ออายุ,109,มีความสามารถในการฟื้นฟูสมรรถภาพ ผู้สูงอายุ ผู้ป่วยเรื้อรัง คนพิการ อย่างมีมาตรฐาน,37532,ตุลาคม 2563-กันยายน 2564,19124,4493,99.11,13385,"1 กลุ่มโรคฉุกเฉิน ได้แก่ Acute Myocardial Infarction ,Stroke,Head injury,Sepsis และ septic shock,Acute Appendicitis<br />2.กลุ่มโรคเรื้อรัง ได้แก่ DM,HT,Asthma,COPD,CKD<br />3.กลุ่มโรคติดเชื้อ และโรคอุบัติใหม่ ได้แก่ DHF,Diarrhea,TB,HIV ,COVID-19<br />4 กลุ่มผู้ป่วยเฉพาะ ได้แก่ กลุ่มแม่และเด็ก (postpartum hemorrhage,Birth asphyxia,Low birth weight) กลุ่มผู้ป่วยระยะสุดท้าย (palliative),กลุ่มผู้ป่วยสุขภาพจิต กลุ่มผู้ป่วยสุขภาพจิต OSCC ,กลุ่มผู้ติดยาเสพติด  กลุ่มผู้พิการและผู้ด้อยโอกาส  กลุ่มทันตกรรม"
7,กาฬสินธุ์,โรงพยาบาลหนองกุงศรี,NONGKUNGSRI HOSPITAL,11086,สำนักงานปลัดกระทรวงสาธารณสุข (สป.สธ.),โรงพยาบาลชุมชน(รพช.),30,73,TRUE,ยืนยันการเยี่ยม,NULL,NULL,NULL,NULL,NULL,NULL,NULL,NULL,NULL
7,กาฬสินธุ์,โรงพยาบาลสมเด็จ,SOMDET HOSPITAL,11087,สำนักงานปลัดกระทรวงสาธารณสุข (สป.สธ.),โรงพยาบาลชุมชน(รพช.),90,114,TRUE,รอการจัดเยี่ยมสำรวจ,40,1. สาขาอายุรกรรม<br />2. สาขา สูติ-นรีเวชกรรม<br />3. สาขากุมารเวชกรรม<br />4.ศัลยกรรมทั่วไป <br />5.สาขาศัลยกรรมกระดูกและข้อ,61528,2564 (ตุลาคม 2563 - กันยายน 2564),177140,7509,86.36,3.77,1. กลุ่มโรคเมตาบอลิค (DM / HT / AMI /Stroke/ CVA / CKD) <br />2. กลุ่มโรคอนามัยแม่และเด็ก (PIH / pre term / BA / PPH / LBW / teenage pregnancy / Congenital  pneumonia / Neonatal jaundice) <br />3. กลุ่มโรคอุบัติเหตุ (HI / fracture)<br />4. กลุ่มโรคทั่วไป (HIV / Asthma / COPD / Sepsis / Pneumonia/CHF /Malignant neoplasm/ Depressive / โรคในช่องปาก) <br />5. กลุ่มโรคติดเชื้ออุบัติใหม่ อุบัติซ้ำ (COVID-19 / Diarrhea/ TB/Leptospirosis / DHF  / ไข้หวัดใหญ่  / และการคุ้มครองผู้บริโภคด้านสุขภาพ)
7,กาฬสินธุ์,โรงพยาบาลห้วยผึ้ง,HUAIPHUENG HOSPITAL,11088,สำนักงานปลัดกระทรวงสาธารณสุข (สป.สธ.),โรงพยาบาลชุมชน(รพช.),30,34,TRUE,NULL,NULL,NULL,NULL,NULL,NULL,NULL,NULL,NULL,NULL
8,สกลนคร,โรงพยาบาลกุสุมาลย์,KUSUMAN HOSPITAL,11089,สำนักงานปลัดกระทรวงสาธารณสุข (สป.สธ.),โรงพยาบาลชุมชน(รพช.),60,60,TRUE,NULL,NULL,NULL,NULL,NULL,NULL,NULL,NULL,NULL,NULL
8,สกลนคร,โรงพยาบาลกุดบาก,KUTBAK HOSPITAL,11090,สำนักงานปลัดกระทรวงสาธารณสุข (สป.สธ.),โรงพยาบาลชุมชน(รพช.),38,30,TRUE,จัดทำใบประกาศนียบัตร,NULL,NULL,NULL,NULL,NULL,NULL,NULL,NULL,NULL
8,สกลนคร,โรงพยาบาลพระอาจารย์ฝั้น อาจาโร,PRA ARJAN FAN ARJARO HOSPITAL,11091,สำนักงานปลัดกระทรวงสาธารณสุข (สป.สธ.),โรงพยาบาลชุมชน(รพช.),90,105,TRUE,จัดทำใบประกาศนียบัตร,NULL,NULL,NULL,NULL,NULL,NULL,NULL,NULL,NULL
8,สกลนคร,โรงพยาบาลพังโคน,PHANGKHON HOSPITAL,11092,สำนักงานปลัดกระทรวงสาธารณสุข (สป.สธ.),โรงพยาบาลชุมชน(รพช.),114,120,TRUE,NULL,NULL,NULL,NULL,NULL,NULL,NULL,NULL,NULL,NULL
8,สกลนคร,โรงพยาบาลวาริชภูมิ,WARITCHAPHUM HOSPITAL,11093,สำนักงานปลัดกระทรวงสาธารณสุข (สป.สธ.),โรงพยาบาลชุมชน(รพช.),37,30,TRUE,NULL,NULL,NULL,NULL,NULL,NULL,NULL,NULL,NULL,NULL
8,สกลนคร,โรงพยาบาลนิคมน้ำอูน,NIKHOMNAMUN HOSPITAL,11094,สำนักงานปลัดกระทรวงสาธารณสุข (สป.สธ.),โรงพยาบาลชุมชน(รพช.),10,0,TRUE,NULL,NULL,NULL,NULL,NULL,NULL,NULL,NULL,NULL,NULL
8,สกลนคร,โรงพยาบาลวานรนิวาส,WANORNNIWAS HOSPITAL,11095,สำนักงานปลัดกระทรวงสาธารณสุข (สป.สธ.),โรงพยาบาลทั่วไป(รพท.),214,232,TRUE,NULL,83,"ด้านศัลยกรรมทั่วไป,ด้านศัลยกรรมกระดูก,สูติกรรม",126263,154564,146707,7857,60.41,3.66,"CCA,Arthopasty,ESRD,Sepsis,Stroke,STEMI,BA,PPH,Pre-term"
8,สกลนคร,โรงพยาบาลคำตากล้า,KHAMTAKLA HOSPITAL,11096,สำนักงานปลัดกระทรวงสาธารณสุข (สป.สธ.),โรงพยาบาลชุมชน(รพช.),30,38,TRUE,จัดทำใบประกาศนียบัตร,NULL,NULL,NULL,NULL,NULL,NULL,NULL,NULL,NULL
8,สกลนคร,โรงพยาบาลบ้านม่วง,BANMUANG HOSPITAL,11097,สำนักงานปลัดกระทรวงสาธารณสุข (สป.สธ.),โรงพยาบาลชุมชน(รพช.),70,78,TRUE,NULL,126,การแพทย์ฉุกเฉิน,70967,ปี2564  (1 ตุลาคม2563 -30 กันยายน 2564,143093,5493,78.13,15.04,"การเฝ้าระวังควบคุมป้องกันโรคติดต่อที่สำคัญคือ COVID-19, การดูแลผู้ป่วยกลุ่มเสี่ยงสูง Acute MI,  Stroke ,  Head injury(อุบัติเหตุจราจร)  ,กลุ่มแม่และเด็กได้แก่ Post  Partum Hemorrhage และ Birth Asphyxia  ,โรคติดเชื้อได้แก่ Sepsis"
8,สกลนคร,โรงพยาบาลอากาศอำนวย,AKAT AMNUAY HOSPITAL,11098,สำนักงานปลัดกระทรวงสาธารณสุข (สป.สธ.),โรงพยาบาลชุมชน(รพช.),90,90,TRUE,อยู่ระหว่างต่ออายุ,NULL,NULL,NULL,NULL,NULL,NULL,NULL,NULL,NULL
8,สกลนคร,โรงพยาบาลส่องดาว,SONGDAO HOSPITAL,11099,สำนักงานปลัดกระทรวงสาธารณสุข (สป.สธ.),โรงพยาบาลชุมชน(รพช.),30,42,TRUE,NULL,NULL,NULL,NULL,NULL,NULL,NULL,NULL,NULL,NULL
8,สกลนคร,โรงพยาบาลเต่างอย,TAONGOI HOSPITAL,11100,สำนักงานปลัดกระทรวงสาธารณสุข (สป.สธ.),โรงพยาบาลชุมชน(รพช.),30,36,TRUE,NULL,25,1. การทำงานร่วมกับชุมชนและเครือข่าย   <br />2. ระบบการแพทย์ฉุกเฉินมีประสิทธิภาพ<br />3. การดูแลต่อเนื่อง,24329,2563,55261,1964,66.88,4,"1.trauma  ได้แก่  อุบัติเหตุจราจร (Traffic Accident)  <br />2.non trauma  ส่วนใหญ่เป็นโรคเรื้อรังและไม่ติดต่อ ได้แก่  Sepsis ,COPD , Acute MI , Stroke  <br />3.CD  ได้แก่   DHF, Pneumonia<br />4.NCD  ได้แก่   DM ,  HT , OV, Acute MI , CA"
8,สกลนคร,โรงพยาบาลโคกศรีสุพรรณ,KHOKSRISUPHAN HOSPITAL,11101,สำนักงานปลัดกระทรวงสาธารณสุข (สป.สธ.),โรงพยาบาลชุมชน(รพช.),30,54,TRUE,NULL,NULL,NULL,NULL,NULL,NULL,NULL,NULL,NULL,NULL
8,สกลนคร,โรงพยาบาลเจริญศิลป์,CHAROENSIN HOSPITAL,11102,สำนักงานปลัดกระทรวงสาธารณสุข (สป.สธ.),โรงพยาบาลชุมชน(รพช.),30,40,TRUE,(คณะอนุกรรมการ)พิจารณารับรอง,102,การจัดการสุขภาพ และการทำงานกับชุมชน ,45255,ปี งบ 2563 (ต.ค. 2562-ก.ย. 2563),72363,2251,63.19,3.07,"High Volume Out-patient<br />   1. DM<br />   2. Hypertention<br />   3. Ac.nasopharyngitis<br />   4. Dyspepsia<br />   5. Asthma<br />High Volume In-patient<br />   1. Diarrhoes and gastroenteritis<br />   2. CKD Stage 5<br />   3. Fever cause<br />   4. DM Type II<br />   5. Pneumonia<br />High Risk Patient<br />   1. Sepsis<br />   2. Stroke<br />   3. Severe Head Injury<br />   4. AMI<br />   5. PPH<br />High Mortality Patient<br />   1. RTI (severe head injury,hemothrax,pneumothorax)<br />   2. CKD Stage 5<br />   3. Septicaemia  <br />   4. AMI<br />   5. CA (palliative care)<br />Complex Care/Center of Excellence<br />   1. Sepsis<br />   2. Stroke<br />   3. Severe Head Injury<br />   4. AMI<br />   5. PPH<br />"
8,สกลนคร,โรงพยาบาลโพนนาแก้ว,PHONNAKAEW HOSPITAL,11103,สำนักงานปลัดกระทรวงสาธารณสุข (สป.สธ.),โรงพยาบาลชุมชน(รพช.),32,30,TRUE,NULL,NULL,NULL,NULL,NULL,NULL,NULL,NULL,NULL,NULL
8,นครพนม,โรงพยาบาลปลาปาก,PLAPAK HOSPITAL,11104,สำนักงานปลัดกระทรวงสาธารณสุข (สป.สธ.),โรงพยาบาลชุมชน(รพช.),30,40,TRUE,จัดทำใบประกาศนียบัตร,NULL,NULL,NULL,NULL,NULL,NULL,NULL,NULL,NULL
8,นครพนม,โรงพยาบาลท่าอุเทน,THA-U-THEN HOSPITAL,11105,สำนักงานปลัดกระทรวงสาธารณสุข (สป.สธ.),โรงพยาบาลชุมชน(รพช.),30,45,TRUE,NULL,NULL,NULL,NULL,NULL,NULL,NULL,NULL,NULL,NULL
8,นครพนม,โรงพยาบาลบ้านแพง,BANPHAENG HOSPITAL,11106,สำนักงานปลัดกระทรวงสาธารณสุข (สป.สธ.),โรงพยาบาลชุมชน(รพช.),60,43,TRUE,จัดทำใบประกาศนียบัตร,97,1.Warfarin clinic 2.ทันตกรรมทั่วไป ทันตกรรมสำหรับเด็ก,35042,2564,74116,3520,54.29,2.6,1.กลุ่มโรคเรื้อรัง 2.กลุ่มโรคติดเชื้อ 3.กลุ่มโรคทั่วไป 4.กลุ่มแม่และเด็ก 5.กลุ่มอุบัติเหตุ  6.กลุ่มโรคจิตวิทยา  7.กลุ่มทันตกรรม  
8,นครพนม,โรงพยาบาลนาทม,NATHOM  HOSPITAL,11107,สำนักงานปลัดกระทรวงสาธารณสุข (สป.สธ.),โรงพยาบาลชุมชน(รพช.),30,30,TRUE,NULL,NULL,NULL,NULL,NULL,NULL,NULL,NULL,NULL,NULL
8,นครพนม,โรงพยาบาลเรณูนคร,RENUNAKHON HOSPITAL,11108,สำนักงานปลัดกระทรวงสาธารณสุข (สป.สธ.),โรงพยาบาลชุมชน(รพช.),30,40,TRUE,NULL,NULL,NULL,NULL,NULL,NULL,NULL,NULL,NULL,NULL
8,นครพนม,โรงพยาบาลนาแก,NAKAE HOSPITAL,11109,สำนักงานปลัดกระทรวงสาธารณสุข (สป.สธ.),โรงพยาบาลชุมชน(รพช.),60,60,TRUE,NULL,NULL,NULL,NULL,NULL,NULL,NULL,NULL,NULL,NULL
8,นครพนม,โรงพยาบาลศรีสงคราม,SISONGKRAM HOSPITAL,11110,สำนักงานปลัดกระทรวงสาธารณสุข (สป.สธ.),โรงพยาบาลชุมชน(รพช.),60,90,TRUE,NULL,68,1.เป็นศูนย์กลางบริการทางการแพทย์ด้านอนามัยแม่และเด็ก โซนเหนือของจังหวัดนครพนม <br />(โรงพยาบาลแม่ข่าย Node Zone เหนือของจังหวัด) <br />2.ให้บริการบำบัดทดแทนไต<br />3.ต้นแบบการบริหารจัดการคุณภาพระบบบริการปฐมภูมิแบบองค์รวม<br />,69834,2564,133971,4474,105.05,3.63,1.กลุ่มโรคทางอายุรกรรม  ได้แก่ 1.Stroke  2.HT  3. DM  4. CKD  5. Sepsis  6.COPD/Asthma <br />                                                   7. STEMI  8. TB <br />2.กลุ่มโรคทางศัลยกรรมทั่วไป  ได้แก่ 1.Multiple Truma 2. Head Injury  3.Appendicititis<br />3.กลุ่มโรคทางสูติ-นรีเวชกรรม  ได้แก่ 1.BA  2.LBW  3.PPH  4.PIH<br />4.กลุ่มโรคทางกุมารเวชกรรม   ได้แก่ 1.Cong. Phneumonia  2.Sepsis of Newborn/ในเด็ก  3.DHF<br />5.กลุ่มโรคทางจิตเวช                ได้แก่ 1.Schizophenia  2.Depressive Disorder<br />6.กลุ่มโรคทางทันตกรรม         ได้แก่ 1.ฟันผุ<br />
8,นครพนม,โรงพยาบาลนาหว้า,NAWA HOSPITAL,11111,สำนักงานปลัดกระทรวงสาธารณสุข (สป.สธ.),โรงพยาบาลชุมชน(รพช.),30,0,TRUE,NULL,NULL,NULL,NULL,NULL,NULL,NULL,NULL,NULL,NULL
8,นครพนม,โรงพยาบาลโพนสวรรค์,PHONSAWAN HOSPITAL,11112,สำนักงานปลัดกระทรวงสาธารณสุข (สป.สธ.),โรงพยาบาลชุมชน(รพช.),30,30,TRUE,NULL,NULL,NULL,NULL,NULL,NULL,NULL,NULL,NULL,NULL
10,มุกดาหาร,โรงพยาบาลนิคมคำสร้อย,NIKOMKHAMSOI HOSPITAL,11113,สำนักงานปลัดกระทรวงสาธารณสุข (สป.สธ.),โรงพยาบาลชุมชน(รพช.),30,30,TRUE,NULL,NULL,NULL,NULL,NULL,NULL,NULL,NULL,NULL,NULL
10,มุกดาหาร,โรงพยาบาลดอนตาล,DONTAN HOSPITAL,11114,สำนักงานปลัดกระทรวงสาธารณสุข (สป.สธ.),โรงพยาบาลชุมชน(รพช.),30,30,TRUE,รอการจัดเยี่ยมสำรวจ,33,การดูแลผู้ป่วยอย่างเป็นองค์รวม (Holistic care) การจัดบริการสุขภาพแบบองค์รวมทุกหน่วยบริการของโรงพยาบาล,46023,ปี 2554 (เดือนตุลาคม 2563 - เดือนกันยายน 2564),81225,2356,90.64,4.21,1) DM  2) HT  3) แม่และเด็ก  4) ไตวายเรื้อรัง  5) ไข้เลือดออก
10,มุกดาหาร,โรงพยาบาลดงหลวง,DONGLUANG HOSPITAL,11115,สำนักงานปลัดกระทรวงสาธารณสุข (สป.สธ.),โรงพยาบาลชุมชน(รพช.),30,30,TRUE,NULL,NULL,NULL,NULL,NULL,NULL,NULL,NULL,NULL,NULL
10,มุกดาหาร,โรงพยาบาลคำชะอี,KHAMCHA-I HOSPITAL,11116,สำนักงานปลัดกระทรวงสาธารณสุข (สป.สธ.),โรงพยาบาลชุมชน(รพช.),30,0,TRUE,NULL,NULL,NULL,NULL,NULL,NULL,NULL,NULL,NULL,NULL
10,มุกดาหาร,โรงพยาบาลหว้านใหญ่,WANYAI HOSPITAL,11117,สำนักงานปลัดกระทรวงสาธารณสุข (สป.สธ.),โรงพยาบาลชุมชน(รพช.),30,30,TRUE,NULL,33,"1.การดูแลต่อเนื่องตั้งแต่ปฐมภูมิจนถึงทุติยภูมิในรูปแบบเครือข่ายหน่วยบริการปฐมภูมิ(Primary Care Unit)<br />2.การดูแลผู้ป่วยโรคเรื้อรังแบบใกล้บ้านใกล้ใจ""One stop Service""ที่รพสต.โดยทีมสหวิชาชีพด้วยระบบเครือข่ายMobile Unit",19840,ปี 2564 (ตุลาตม 2563 - กันยายน 2564),55289,1797,50.37,3.09,"โรคที่เป็นปัญหาสำคัญขององค์กร แบ่งเป็น 4 กลุ่ม คือ <br />1. กลุ่มโรคภาวะฉุกเฉินและเสี่ยง ได้แก่ Stroke, AMI, Sepsis, Head injury   <br />2. กลุ่มโรคเรื้อรัง ได้แก่ COPD DM HT CKD<br />3. กลุ่มโรคติดเชื้อ ได้แก่ DHF TB HIV ผู้ป่วยเชื้อดื้อยา Pneumonia <br />4. กลุ่มโรคเฉพาะอื่นๆ ได้แก่กลุ่มผู้ป่วยจิตเวช-ติดสารเสพติด, LTC, IMC, Palliative Care <br />5. โรคจากการทำงาน /ประกอบอาชีพ  ได้แก่ โรคระบบกล้ามเนื้อ, โรคผิวหนังแพ้สารเคมี"
10,มุกดาหาร,โรงพยาบาลหนองสูง,NONGSUNG  HOSPITAL,11118,สำนักงานปลัดกระทรวงสาธารณสุข (สป.สธ.),โรงพยาบาลชุมชน(รพช.),30,32,TRUE,จัดทำใบประกาศนียบัตร,0,ทดสอบ,0,ปี 2563 ,0,0,0,0,ทดสอบ
1,เชียงใหม่,โรงพยาบาลจอมทอง,CHOMTHONG HOSPITAL,11119,สำนักงานปลัดกระทรวงสาธารณสุข (สป.สธ.),โรงพยาบาลทั่วไป(รพท.),198,219,TRUE,อยู่ระหว่างต่ออายุ,NULL,NULL,NULL,NULL,NULL,NULL,NULL,NULL,NULL
1,เชียงใหม่,โรงพยาบาลเทพรัตนเวชชานุกูล เฉลิมพระเกียรติ ๖๐ พรรษา,DEBARATANA VEJJANUKULA HOSPITAL,11120,สำนักงานปลัดกระทรวงสาธารณสุข (สป.สธ.),โรงพยาบาลชุมชน(รพช.),60,60,TRUE,จัดทำใบประกาศนียบัตร,NULL,NULL,NULL,NULL,NULL,NULL,NULL,NULL,NULL
1,เชียงใหม่,โรงพยาบาลเชียงดาว,CHIANGDAO HOSPITAL,11121,สำนักงานปลัดกระทรวงสาธารณสุข (สป.สธ.),โรงพยาบาลชุมชน(รพช.),60,98,TRUE,NULL,NULL,NULL,NULL,NULL,NULL,NULL,NULL,NULL,NULL
1,เชียงใหม่,โรงพยาบาลดอยสะเก็ด,DOISAKET HOSPITAL,11122,สำนักงานปลัดกระทรวงสาธารณสุข (สป.สธ.),โรงพยาบาลชุมชน(รพช.),60,60,TRUE,NULL,NULL,NULL,NULL,NULL,NULL,NULL,NULL,NULL,NULL
1,เชียงใหม่,โรงพยาบาลแม่แตง,MAETAENG HOSPITAL,11123,สำนักงานปลัดกระทรวงสาธารณสุข (สป.สธ.),โรงพยาบาลชุมชน(รพช.),60,70,TRUE,NULL,NULL,NULL,NULL,NULL,NULL,NULL,NULL,NULL,NULL
1,เชียงใหม่,โรงพยาบาลสะเมิง,SAMOENG HOSPITAL,11124,สำนักงานปลัดกระทรวงสาธารณสุข (สป.สธ.),โรงพยาบาลชุมชน(รพช.),30,32,TRUE,NULL,45,สามารถทำงานร่วมกับชุมชนและภาคีเครือข่ายได้ดี ,23626,ปี2564(เดือนตุลาคม 2563-เดือนเมษายน2564),34207,1244,60.08,3.24,"กลุ่มโรคเฉียบพลัน ได้แก่ MI, Stroke, Head injury<br />กลุ่มโรคไม่ติดต่อเรื้อรัง ได้แก่ โรคเบาหวาน, ความดันโลหิตสูง, COPD,CKD<br />กลุ่มโรคติดต่อที่เป็นปัญหา ได้แก่ Pneumonia, Sepsis, TB ,Dengue<br />กลุ่มโรคแม่และเด็ก ได้แก่ PPH, Birth Asphyxia<br />กลุ่มโรคจิตเวช ได้แก่ การฆ่าตัวตาย,Alcohol dependence"
1,เชียงใหม่,โรงพยาบาลฝาง,FANG HOSPITAL,11125,สำนักงานปลัดกระทรวงสาธารณสุข (สป.สธ.),โรงพยาบาลทั่วไป(รพท.),210,232,TRUE,(คณะอนุกรรมการ)พิจารณารับรอง,NULL,NULL,NULL,NULL,NULL,NULL,NULL,NULL,NULL
1,เชียงใหม่,โรงพยาบาลแม่อาย,MAEAI HOSPITAL,11126,สำนักงานปลัดกระทรวงสาธารณสุข (สป.สธ.),โรงพยาบาลชุมชน(รพช.),60,70,TRUE,NULL,NULL,NULL,NULL,NULL,NULL,NULL,NULL,NULL,NULL
1,เชียงใหม่,โรงพยาบาลพร้าว,PHRAO HOSPITAL,11127,สำนักงานปลัดกระทรวงสาธารณสุข (สป.สธ.),โรงพยาบาลชุมชน(รพช.),60,66,TRUE,NULL,95,ไม่มี,48264,51470,0,0,0,0,1. Stroke<br />2. MI<br />3. Head injury<br />4.DM<br />5.HT<br />6.COPD
1,เชียงใหม่,โรงพยาบาลสันป่าตอง,SANPATONG HOSPITAL,11128,สำนักงานปลัดกระทรวงสาธารณสุข (สป.สธ.),โรงพยาบาลชุมชน(รพช.),130,150,TRUE,NULL,22,ให้บริการรักษาในกลุ่มผู้ป่วยโรคทั่วไปและกลุ่มผู้ป่วยเฉพาะทาง 6 สาขาหลักที่มีความซับซ้อนระดับเบื้องต้นจนถึงระดับปานกลางได้แก่ อายุรกรรม ศัลยกรรม สูตินรีเวชกรรม กุมารเวชกรรม ออร์โธปิดิกส์ หูคอจมูก รองรับการส่งต่อจากโรงพยาบาลชุมชนอื่นในจังหวัดเชียงใหม่และโรงพยาบาลในจังหวัดใกล้เคียง ได้แก่ โรงพยาบาลชุมชนจังหวัดลำพูน แม่ฮ่องสอน เพื่อลดการส่งต่อไปโรงพยาบาลทั่วไป และให้บริการปฐมภูมิร่วมกับเครือข่ายโรงพยาบาลส่งเสริมสุขภาพตำบล ครอบคลุมทั้งอำเภอสันป่าตองทั้งในด้านส่งเสริมสุขภาพ รักษา ฟื้นฟูสมรรถภาพและควบคุมโรค ,58171,292616,292616,11376,87.4,3,สาขาอายุรกรรม   สาขาศัลยกรรม สาขาสูตินรีเวชกรรม สาขากุมารเวชกรรม สาขาศัลยกรรมออร์โธปิดิกส์  สาขาหู คอ จมูก สาขาจักษุ
1,เชียงใหม่,โรงพยาบาลสันกำแพง,SANKAMPHAENG HOSPITAL,11129,สำนักงานปลัดกระทรวงสาธารณสุข (สป.สธ.),โรงพยาบาลชุมชน(รพช.),30,57,TRUE,เขียนรายงาน,NULL,NULL,NULL,NULL,NULL,NULL,NULL,NULL,NULL
1,เชียงใหม่,โรงพยาบาลสันทราย,SANSAI  HOSPITAL,11130,สำนักงานปลัดกระทรวงสาธารณสุข (สป.สธ.),โรงพยาบาลชุมชน(รพช.),200,222,TRUE,NULL,20,1. ส่งเสริม ป้องกัน รักษา ฟื้นฟู ทุกกลุ่มโรค ทุกกลุ่มอายุ โดยมีหน่วยปฐมภูมิ (PCU) ให้บริการในชุมชน จัดระบบบริการ แบบ Home base service<br />2. สมรรถนะ การทำงานในระบบเครือข่าย ทำให้เครือข่ายมีความเข้มแข็ง<br />3. การดูแลรักษาโรคในสาขาเฉพาะทาง ได้แก่ ศัลยกรรม ศัลยกรรมกระดูก อายุรกรรม กุมารเวชกรรม สูติกรรม เวชศาสตร์ฟื้นฟู โสต ศอ นาสิก ,29386,2564,236926,13999,112,4.7,"1. กลุ่มผู้ป่วยฉุกเฉิน ได้แก่ Stroke , STEMI, Sepsis, Trauma,Head Injury,HIP fracture,  severe PIH ,  PPH ,UGIB ,BA ,<br />2. กลุ่มโรคเรื้อรัง ได้แก่ HT, DM, CKD , COPD ,<br />3. โรคติดเชื้อ ได้แก่ TB, DHF , HIV, Infected wound <br />4. ภาวะเสี่ยงต่อสุขภาพ ทารกน้ำหนักตัวน้อย โรคอุบัติใหม่ อุบัติซ้ำ Covid-19<br />5. ปัญหาอื่นที่คุกคามต่อภาวะสุขภาพ ได้แก่    สุขภาพจิต อุบัติเหตุจราจร  <br />6. โรคจากการทำงาน / ประกอบอาชีพ  ได้แก่ โรคระบบกล้ามเนื้อ "
1,เชียงใหม่,โรงพยาบาลหางดง,HANGDONG HOSPITAL,11131,สำนักงานปลัดกระทรวงสาธารณสุข (สป.สธ.),โรงพยาบาลชุมชน(รพช.),60,87,TRUE,NULL,15,1) สร้างเครือข่ายความร่วมมือที่มีเป้าหมายร่วมกัน <br />2) ทักษะความสามารถในการดูแลผู้ป่วยซับซ้อน,90966,ปี 2563  (ตุลาคม 2562- กันยายน 2563) ,160623,8156,92.74,3.9,"1) โรคเรื้อรัง เช่น โรคเบาหวาน, โรคความดันโลหิตสูง, COPD, Asthma<br />2) โรคที่เกิดจากการทำงาน (อาชีวอนามัย)<br />3) โรคที่มีความเสี่ยงสูง เช่น Stroke, Acute MI, Head Injury<br />4) จิตเวช และสุขภาพจิต<br />5) โรคทางระบาดวิทยา เช่น ไข้เลือดออก"
1,เชียงใหม่,โรงพยาบาลฮอด,HOD HOSPITAL,11132,สำนักงานปลัดกระทรวงสาธารณสุข (สป.สธ.),โรงพยาบาลชุมชน(รพช.),60,77,TRUE,NULL,NULL,NULL,NULL,NULL,NULL,NULL,NULL,NULL,NULL
1,เชียงใหม่,โรงพยาบาลดอยเต่า,DOITAO HOSPITAL,11133,สำนักงานปลัดกระทรวงสาธารณสุข (สป.สธ.),โรงพยาบาลชุมชน(รพช.),30,30,TRUE,ยืนยันการเยี่ยม,NULL,NULL,NULL,NULL,NULL,NULL,NULL,NULL,NULL
1,เชียงใหม่,โรงพยาบาลอมก๋อย,OMKOI HOSPITAL,11134,สำนักงานปลัดกระทรวงสาธารณสุข (สป.สธ.),โรงพยาบาลชุมชน(รพช.),30,60,TRUE,จัดทำใบประกาศนียบัตร,NULL,NULL,NULL,NULL,NULL,NULL,NULL,NULL,NULL
1,เชียงใหม่,โรงพยาบาลสารภี,SARAPHI HOSPITAL,11135,สำนักงานปลัดกระทรวงสาธารณสุข (สป.สธ.),โรงพยาบาลชุมชน(รพช.),60,47,TRUE,จัดทำใบประกาศนียบัตร,15,การดูแลผู้ป่วย Intermediate  care,87808,ปี 2564,44996,4065,87.76,5,Stroke<br />ACS<br />Sepsis<br />DM<br />HT<br />TB<br />COPD<br />Head injury<br />DHF<br />Appendicitis
1,เชียงใหม่,โรงพยาบาลเวียงแหง,WIANG HAENG HOSPITAL,11136,สำนักงานปลัดกระทรวงสาธารณสุข (สป.สธ.),โรงพยาบาลชุมชน(รพช.),30,36,TRUE,รอเข้าคณะอนุกรรมการพิจารณา,158,1.มีความสามารถด้านการส่งเสริม ป้องกัน รักษาและฟื้นฟูสุขภาพแก่ประชาชนร่วมกับภาคีเครือข่าย <br />2.มีความสามารถในการประเมินและการดูแลในกลุ่มผู้ป่วยฉุกเฉิน<br />,53313,ปี2563 ,14209,2350,63.96,19.19,1.โรคความดันโลหิตสูง 2. โรคมะเร็ง 3. MI 4.COPD 5.Bed ridder 6.Old CVA 7. TB 8.AIDs 9.Sepsis
1,เชียงใหม่,โรงพยาบาลไชยปราการ,CHAIPRAKARN HOSPITAL,11137,สำนักงานปลัดกระทรวงสาธารณสุข (สป.สธ.),โรงพยาบาลชุมชน(รพช.),46,30,TRUE,รอการจัดเยี่ยมสำรวจ,129,การดูแลบำบัดผู้ใช้สารเสพติด,50364,"98,857",95324,3533,90.84,2.8,"ผู้ป่วยโรคเรื้อรัง  DM,HT,COPD<br />ผู้ป่วยโรคติดต่อ HIV, TB,COVID-19 <br />กลุ่มผู้ป่วยฉุกเฉิน  TBI,STEMI,Stroke,Sepsis<br />ผู้ป่วยใช้สารเสพติด"
1,เชียงใหม่,โรงพยาบาลแม่วาง,MAEWANG HOSPITAL,11138,สำนักงานปลัดกระทรวงสาธารณสุข (สป.สธ.),โรงพยาบาลชุมชน(รพช.),30,30,TRUE,NULL,NULL,NULL,NULL,NULL,NULL,NULL,NULL,NULL,NULL
1,เชียงใหม่,โรงพยาบาลแม่ออน,MAE ON HOSPITAL,11139,สำนักงานปลัดกระทรวงสาธารณสุข (สป.สธ.),โรงพยาบาลชุมชน(รพช.),30,30,TRUE,NULL,NULL,NULL,NULL,NULL,NULL,NULL,NULL,NULL,NULL
1,ลำพูน,โรงพยาบาลแม่ทา,MAETHA HOSPITAL,11140,สำนักงานปลัดกระทรวงสาธารณสุข (สป.สธ.),โรงพยาบาลชุมชน(รพช.),30,30,TRUE,ยืนยันการเยี่ยม,NULL,NULL,NULL,NULL,NULL,NULL,NULL,NULL,NULL
1,ลำพูน,โรงพยาบาลบ้านโฮ่ง,BANHONG HOSPITAL,11141,สำนักงานปลัดกระทรวงสาธารณสุข (สป.สธ.),โรงพยาบาลชุมชน(รพช.),30,30,TRUE,NULL,NULL,NULL,NULL,NULL,NULL,NULL,NULL,NULL,NULL
1,ลำพูน,โรงพยาบาลลี้,LI HOSPITAL,11142,สำนักงานปลัดกระทรวงสาธารณสุข (สป.สธ.),โรงพยาบาลชุมชน(รพช.),60,60,TRUE,NULL,108,1. การให้บริการด้านสุขภาพที่ได้มาตรฐานในระดับโรงพยาบาลชุมชน 60 เตียง ขนาด F1<br />2.การสรา้งเสริมสุขภาพตามกลุ่มวัยในพื้นที่รับผิดชอบ<br />3.การสรา้งเครือข่ายร่วมกับชุมชน เพื่อเฝ้าระวังและตอบโต้ภัยสุขภาพทั้งภาวะปกติและฉุกเฉิน,60476,ปี 2564 (ตั้งแต่เดือน ตุลาคม 2563-เดือนกันยายน 2564) ,29992,2903,86.82,9698,6
1,ลำพูน,โรงพยาบาลทุ่งหัวช้าง,THUNG HUA CHANG HOSPITAL,11143,สำนักงานปลัดกระทรวงสาธารณสุข (สป.สธ.),โรงพยาบาลชุมชน(รพช.),30,30,TRUE,ยืนยันการเยี่ยม,100,การดูแลผู้ป่วยโรคทั่วไปแบบองค์รวม ตามศักยภาพโรงพยาบาลระดับ F2,20785,ปีงบ 2563,33947,1988,45,2.85,"1.กลุ่ม Emergency คือ MI   <br />2.กลุ่มโรคเรื้อรัง คือ DM, HT, COPD   <br />3.กลุ่มโรคติดต่อ คือ DHF, TB  <br />4.กลุ่ม High Risk คือ Sepsis, Stroke, Head Injury และ Suicide  <br />5.กลุ่มที่นอนนาน คือกลุ่ม Storke ระยะ Intermediate Care<br />6.กลุ่มที่ Readmission คือ COPD  <br />7.กลุ่ม High Volume คือ DM, HT<br />8.ปัญหาสุขภาพที่เป็นโอกาสพัฒนา: Sepsis, Stroke,  กลุ่ม NCD(DM,HT), PPH<br />9.โรคที่มีข้อจำกัดในการให้บริการ / ต้องส่งต่อ: MI, Sepsis, Stroke, Head Injury, CA"
1,ลำพูน,โรงพยาบาลป่าซาง,PASANG HOSPITAL,11144,สำนักงานปลัดกระทรวงสาธารณสุข (สป.สธ.),โรงพยาบาลชุมชน(รพช.),90,75,TRUE,NULL,26,ศักยภาพในการให้บริการด้านการแพทย์เฉพาะด้าน<br />,54612,146729,141880,4849,57.91,0,"1. โรคไม่ติดต่อที่สำคัญ ได้แก่ HT, DM , COPD , AMI และ STROKE<br />2. โรคติดต่อที่สำคัญ ได้แก่ DHF , HIV และ TB <br />3. ปัญหาการฆ่าตัวตายที่มีสาเหตุมาจาก<br /> โรคซึมเศร้า การใช้สุราและสารเสพติด<br />"
1,ลำพูน,โรงพยาบาลบ้านธิ,BANTHI HOSPITAL,11145,สำนักงานปลัดกระทรวงสาธารณสุข (สป.สธ.),โรงพยาบาลชุมชน(รพช.),30,30,TRUE,NULL,35,ดูแลผู้ป่วยแบบองค์รวม    การทำงานกับชุมชนและเครือข่าย,17164,ปี 2564 (ตุลาคม 2563 - มิถุนายน 2564),0,0,0,0,"1. โรคเสี่ยงสูง:  MI  Stroke  PPH<br />2. โรคติดเชื้อ:  TB  Sepsis   Covid<br />3. โรคและภาวะแทรกซ้อนจากอุบัติเหตุ:  Head  injury<br />4. โรคเรื้อรัง:  DM  HT  COPD  Asthma CKD  CA<br />5. โรคที่มีข้อจำกัดในการให้บริการ / ต้องส่งต่อ: จิตเวช,  CKD,  Cataract, ได้รับการ Investigate ด้วยการทำ CT scan, Gastro Scope, Endoscope<br />6.โรคติดเชื้อที่ต้องรายงาน: Chickenpox  Diarrhea  Chikungunya fever  D.H.F"
1,ลำปาง,โรงพยาบาลแม่เมาะ,MAEMOH HOSPITAL,11146,สำนักงานปลัดกระทรวงสาธารณสุข (สป.สธ.),โรงพยาบาลชุมชน(รพช.),30,30,TRUE,NULL,NULL,NULL,NULL,NULL,NULL,NULL,NULL,NULL,NULL
1,ลำปาง,โรงพยาบาลเกาะคา,KOKHA HOSPITAL,11147,สำนักงานปลัดกระทรวงสาธารณสุข (สป.สธ.),โรงพยาบาลชุมชน(รพช.),120,157,TRUE,รอการจัดเยี่ยมสำรวจ,NULL,NULL,NULL,NULL,NULL,NULL,NULL,NULL,NULL
1,ลำปาง,โรงพยาบาลเสริมงาม,SERMNGAM HOSPITAL,11148,สำนักงานปลัดกระทรวงสาธารณสุข (สป.สธ.),โรงพยาบาลชุมชน(รพช.),30,34,TRUE,จัดทำใบประกาศนียบัตร,35,มีสมรรถนะในด้านบริการโรงพยาบาลชุมชน,23758,ปี 2563 ( ตค 2562 - กย 2563 ),90705,2474,73.27,3,"1. กลุ่มโรคเรื้อรัง ได้แก่ DM ,HT, COPD, CKD 2. ผู้ป่วยฉุกเฉินได้แก่ AMI, Acute Stroke , Sepsis 3. โรคทั่วไปได้แก่ Musculoskeletal disease, การฆ่าตัวตาย, มะเร็ง 4. โรคทางระบาดวิทยา ได้แก่ TB, DHF, Diarrhea "
1,ลำปาง,โรงพยาบาลงาว,NGAO HOSPITAL,11149,สำนักงานปลัดกระทรวงสาธารณสุข (สป.สธ.),โรงพยาบาลชุมชน(รพช.),30,40,TRUE,NULL,84,การดูแลผู้ป่วยโรคเรื้อรัง,34956,2564( 1 ต.ค 2563- 30 ก.ย 2564 ),88612,3729,70.09,2.75,DM  HT  STEMI Stroke Sepsis COPD TB 
1,ลำปาง,โรงพยาบาลแจ้ห่ม,CHAEHOM HOSPITAL,11150,สำนักงานปลัดกระทรวงสาธารณสุข (สป.สธ.),โรงพยาบาลชุมชน(รพช.),60,30,TRUE,NULL,NULL,NULL,NULL,NULL,NULL,NULL,NULL,NULL,NULL
1,ลำปาง,โรงพยาบาลวังเหนือ,WANGNUEA  HOSPITAL,11151,สำนักงานปลัดกระทรวงสาธารณสุข (สป.สธ.),โรงพยาบาลชุมชน(รพช.),30,30,TRUE,NULL,108,การทำงานร่วมกับภาคีเครือข่าย,43439,ปี2564(ต.ค.63 -ก.ย.64),28006,2622,72.56,21,"1. กลุ่มผู้ป่วยฉุกเฉิน ได้แก่ Stroke , STEMI , Sepsis , Trauma , PPH<br />2. กลุ่มโรคเรื้อรัง ได้แก่ DM, HT, CKD , COPD <br />3. โรคติดเชื้อ ได้แก่ Covid-19 , TB, DHF ,Chikungunya , HIV  <br />4. ภาวะเสี่ยงต่อสุขภาพ ตั้งครรภ์ในวัยรุ่น  ทารกขาดออกซิเจนแรกเกิด  ทารกน้ำหนักตัวน้อย สารไอโอดีนในเลือดต่ำในทารกแรกเกิด <br />5. ปัญหาอื่นที่คุกคามต่อภาวะสุขภาพ ได้แก่  ยาเสพติด  สุขภาพจิต อุบัติเหตุจราจร  <br />6. โรคจากการทำงาน / ประกอบอาชีพ  ได้แก่ โรคกระดูกและกล้ามเนื้อจากเหตุอาชีพ  "
1,ลำปาง,โรงพยาบาลเถิน,THOEN HOSPITAL,11152,สำนักงานปลัดกระทรวงสาธารณสุข (สป.สธ.),โรงพยาบาลชุมชน(รพช.),60,85,TRUE,จัดทำใบประกาศนียบัตร,NULL,NULL,NULL,NULL,NULL,NULL,NULL,NULL,NULL
1,ลำปาง,โรงพยาบาลแม่พริก,MAEPRIK HOSPITAL,11153,สำนักงานปลัดกระทรวงสาธารณสุข (สป.สธ.),โรงพยาบาลชุมชน(รพช.),30,8,TRUE,รอการจัดเยี่ยมสำรวจ,NULL,NULL,NULL,NULL,NULL,NULL,NULL,NULL,NULL
1,ลำปาง,โรงพยาบาลแม่ทะ,MAETHA HOSPITAL,11154,สำนักงานปลัดกระทรวงสาธารณสุข (สป.สธ.),โรงพยาบาลชุมชน(รพช.),30,30,TRUE,NULL,NULL,NULL,NULL,NULL,NULL,NULL,NULL,NULL,NULL
1,ลำปาง,โรงพยาบาลสบปราบ,SOP PRAP HOSPITAL,11155,สำนักงานปลัดกระทรวงสาธารณสุข (สป.สธ.),โรงพยาบาลชุมชน(รพช.),30,30,TRUE,NULL,NULL,NULL,NULL,NULL,NULL,NULL,NULL,NULL,NULL
1,ลำปาง,โรงพยาบาลห้างฉัตร,HANGCHAT HOSPITAL,11156,สำนักงานปลัดกระทรวงสาธารณสุข (สป.สธ.),โรงพยาบาลชุมชน(รพช.),30,30,TRUE,NULL,NULL,NULL,NULL,NULL,NULL,NULL,NULL,NULL,NULL
1,ลำปาง,โรงพยาบาลเมืองปาน,MUANGPAN HOSPITAL,11157,สำนักงานปลัดกระทรวงสาธารณสุข (สป.สธ.),โรงพยาบาลชุมชน(รพช.),30,33,TRUE,จัดทำใบประกาศนียบัตร,NULL,NULL,NULL,NULL,NULL,NULL,NULL,NULL,NULL
2,อุตรดิตถ์,โรงพยาบาลตรอน,TRON  HOSPITAL,11158,สำนักงานปลัดกระทรวงสาธารณสุข (สป.สธ.),โรงพยาบาลชุมชน(รพช.),30,35,TRUE,NULL,26,บริการระบบการแพทย์ฉุกเฉิน และ ส่งเสริมให้ชุมชนมุ่งสู่ชุมชนสุขภาวะ,34468,ปี 2563 (เดือนตุลาคม 2562 - เดือนกันยายน 2563),46151,899,45.64,3014,"กลุ่มโรคเรื้อรัง<br />   - DM เน้นการควบคุมน้ำตาลในกลุ่มป่วย, HT เน้นการควบคุมระดับความดันโลหิตได้ดีในกลุ่มป่วย, COPD มุ่งลดอัตรา Admission rate และมุ่งแน้น Quality of life<br />กลุ่มโรคฉุกเฉิน<br />   - MI เน้นเรื่อง early detect stoke โดยผู้ป่วยและ care giver และเน้นคุณภาพการดูแลต่อเนื่องโดยระบบ IMC ทั้งที่โรงพยาบาลและที่บ้าน,Road Traffic Injury เน้นเรื่องเชื่อมโยงข้อมูล RTI ผ่านกลไก พชอ.<br />กลุ่ม CD<br />   - Diarrear ลดป่วย, HF ลดอัตรป่วยและการเกิด 2nd gen (28 วัน), TB เน้นการค้นหาผู้ป่วยวัณโรครายใหม่ในกลุ่มเสี่ยง,ไข้หูดับ ลดอัตราการป่วย และอัตราป่วยตาย<br />,ไข้หวัดนก เน้นการซ้อมแผนแบบบูรณาการระดับอำเภอ, โรคอุบัติใหม่ อุบัติซ้ำ เน้นการซ้อมแผนและการเตรียมความพร้อมรับแบบบูรณาการระดับอำเภอ<br />โรคมะเร็ง<br />   - เน้นการเข้าถึงการคัดกรองในกลุ่มเสี่ยงโรคมะเร็งปากมดลูก มะเร็งเต้านม มะเร็งลำไส้<br />สุขภาพจิต <br />   - มุ่งเน้นระบบการดูแลต่อเนื่องเพื่อลดการขาดนัดผู้ป่วยกลุ่มจิตเภทและซึมเศร้า พัฒนาการเด็ก<br />ทันตกรรม<br />   - เพิ่มอัตราการปราศจากโรคฟันน้ำนมผุในเด็กอายุ 3ปีและ12ปี<br />ชุมชน<br />   เน้นการขับเคลื่อน พชต."
2,อุตรดิตถ์,โรงพยาบาลท่าปลา,THAPLA HOSPITAL,11159,สำนักงานปลัดกระทรวงสาธารณสุข (สป.สธ.),โรงพยาบาลชุมชน(รพช.),30,33,TRUE,จัดทำใบประกาศนียบัตร,NULL,NULL,NULL,NULL,NULL,NULL,NULL,NULL,NULL
2,อุตรดิตถ์,โรงพยาบาลน้ำปาด,NAMPAD HOSPITAL,11160,สำนักงานปลัดกระทรวงสาธารณสุข (สป.สธ.),โรงพยาบาลชุมชน(รพช.),30,30,TRUE,จัดทำใบประกาศนียบัตร,NULL,NULL,NULL,NULL,NULL,NULL,NULL,NULL,NULL
2,อุตรดิตถ์,โรงพยาบาลฟากท่า,FAKTHA HOSPITAL,11161,สำนักงานปลัดกระทรวงสาธารณสุข (สป.สธ.),โรงพยาบาลชุมชน(รพช.),30,30,TRUE,NULL,NULL,NULL,NULL,NULL,NULL,NULL,NULL,NULL,NULL
2,อุตรดิตถ์,โรงพยาบาลบ้านโคก,BANKHOK HOSPITAL,11162,สำนักงานปลัดกระทรวงสาธารณสุข (สป.สธ.),โรงพยาบาลชุมชน(รพช.),30,30,TRUE,จัดทำใบประกาศนียบัตร,NULL,NULL,NULL,NULL,NULL,NULL,NULL,NULL,NULL
2,อุตรดิตถ์,โรงพยาบาลพิชัย,PICHAI HOSPITAL,11163,สำนักงานปลัดกระทรวงสาธารณสุข (สป.สธ.),โรงพยาบาลชุมชน(รพช.),60,60,TRUE,NULL,NULL,NULL,NULL,NULL,NULL,NULL,NULL,NULL,NULL
2,อุตรดิตถ์,โรงพยาบาลลับแล,LAPLAE HOSPITAL,11164,สำนักงานปลัดกระทรวงสาธารณสุข (สป.สธ.),โรงพยาบาลชุมชน(รพช.),30,45,TRUE,NULL,NULL,NULL,NULL,NULL,NULL,NULL,NULL,NULL,NULL
2,อุตรดิตถ์,โรงพยาบาลทองแสนขัน,THONGSAENKHAN HOSPITAL,11165,สำนักงานปลัดกระทรวงสาธารณสุข (สป.สธ.),โรงพยาบาลชุมชน(รพช.),30,36,TRUE,จัดทำใบประกาศนียบัตร,38,"การดูแลผู้ป่วย DM, HT โดยการมีส่วนร่วมของภาคีเครือข่าย",31761,"ปี 2563 ผู้ป่วยนอก 77,229 ราย, ผู้ป่วยใน 1,685 ราย วันนอนรวม 5,719 วัน",77229,1685,52.04,3.39,"1. กลุ่มเรื้อรัง ได้แก่ HT, DM, COPD, สุขภาพจิตฆ่าตัวตาย<br />2. กลุ่มเฉียบพลัน ได้แก่ AMI, Stroke<br />3. กลุ่มติดต่อ/ติดเชื้อ ได้แก่ TB<br />4. กลุ่มแม่และเด็ก ได้แก่  Birth Asphyxia, PPH<br />5. กลุ่มส่งต่อ ได้แก่ Sepsis<br />6. กลุ่มบริบทตามพื้นที่ ได้แก่ Silicosis"
1,แพร่,โรงพยาบาลร้องกวาง,RONGKWANG HOSPITAL,11166,สำนักงานปลัดกระทรวงสาธารณสุข (สป.สธ.),โรงพยาบาลชุมชน(รพช.),60,54,TRUE,NULL,NULL,NULL,NULL,NULL,NULL,NULL,NULL,NULL,NULL
1,แพร่,โรงพยาบาลลอง,LONG HOSPITAL,11167,สำนักงานปลัดกระทรวงสาธารณสุข (สป.สธ.),โรงพยาบาลชุมชน(รพช.),60,44,TRUE,NULL,NULL,NULL,NULL,NULL,NULL,NULL,NULL,NULL,NULL
1,แพร่,โรงพยาบาลสูงเม่น,SUNGMEN HOSPITAL,11169,สำนักงานปลัดกระทรวงสาธารณสุข (สป.สธ.),โรงพยาบาลชุมชน(รพช.),30,42,TRUE,NULL,9,1. การส่งเสริมสุขภาพประชาชนทุกกลุ่มวัยแบบองค์รวมตามแนวเวชศาสตร์ครอบครัว<br />2. การทำงานร่วมกับภาคีเครือข่ายและภาคประชาชน<br />,72540,127279,87294,6663,0,0,1.โรคหัวใจขาดเลือดเฉียบพลัน(STEMI)2. โรคหลอดเลือดสมองเฉียบพลัน (Acute stroke) 3.ภาวะติดเชื้อในกระแสเลือด (SIRS หรือ sepsis) 4.COVID19 5.โรคไตเรื้อรัง (CKD) 6.โรคปอดติดเชื้อ (pneumonia)7.โรคหัวใจOn Warfarin8.วัณโรคปอด (pulmonary tuberculosis) 9.ภาวะการตกเลือดหลังคลอดPPH 10.ภาวะพร่องออกซิเจนในทารกแรกคลอด (BA) 11.โรคไข้เลือดออก (DF หรือ DHF) 12.ภาวะซึมเศร้า (depression)13. โรคเบาหวาน (DM)14. โรคความดันโลหิตสูง (HT)15. โรคปอดอุดกั้นเรื้อรัง (COPD) 16.โรคที่สำคัญทางทันตกรรม17. โรคเอชไอวี (HIV) 18.การดูแลผู้ป่วยระยะสุดท้ายPaliative care 19.ภาวะช่องท้องติดเชื้อในผู้ที่บำบัดทดแทนไตทางหน้าท้อง (peritonitis in CAPD)
1,แพร่,โรงพยาบาลสอง,SONG HOSPITAL,11170,สำนักงานปลัดกระทรวงสาธารณสุข (สป.สธ.),โรงพยาบาลชุมชน(รพช.),30,36,TRUE,NULL,NULL,NULL,NULL,NULL,NULL,NULL,NULL,NULL,NULL
1,แพร่,โรงพยาบาลวังชิ้น,WANGCHIN HOSPITAL,11171,สำนักงานปลัดกระทรวงสาธารณสุข (สป.สธ.),โรงพยาบาลชุมชน(รพช.),30,30,TRUE,NULL,NULL,NULL,NULL,NULL,NULL,NULL,NULL,NULL,NULL
1,แพร่,โรงพยาบาลหนองม่วงไข่,NONG MUANG KHAI HOSPITAL,11172,สำนักงานปลัดกระทรวงสาธารณสุข (สป.สธ.),โรงพยาบาลชุมชน(รพช.),30,30,TRUE,NULL,NULL,NULL,NULL,NULL,NULL,NULL,NULL,NULL,NULL
1,น่าน,โรงพยาบาลแม่จริม,MAECHARIM HOSPITAL,11173,สำนักงานปลัดกระทรวงสาธารณสุข (สป.สธ.),โรงพยาบาลชุมชน(รพช.),30,34,TRUE,NULL,NULL,NULL,NULL,NULL,NULL,NULL,NULL,NULL,NULL
1,น่าน,โรงพยาบาลบ้านหลวง,BANLUANG HOSPITAL,11174,สำนักงานปลัดกระทรวงสาธารณสุข (สป.สธ.),โรงพยาบาลชุมชน(รพช.),30,30,TRUE,อยู่ระหว่างต่ออายุ,45,การประสานความร่วมมือกับชุมชนและภาคีเครือข่าย,11529,ปี 2564 (เดือนตุลาคม 63-กันยายน 64) ,7876,1526,34.92,3.04,1. MI<br />2. Sepsis<br />3. Stroke<br />4. HT<br />5. DM<br />6. Palliative care<br />7. CCA<br />8. COPD<br />9.TB<br />10. Denge<br />11. CKD
1,น่าน,โรงพยาบาลนาน้อย,NANOI HOSPITAL,11175,สำนักงานปลัดกระทรวงสาธารณสุข (สป.สธ.),โรงพยาบาลชุมชน(รพช.),30,44,TRUE,NULL,NULL,NULL,NULL,NULL,NULL,NULL,NULL,NULL,NULL
1,น่าน,โรงพยาบาลท่าวังผา,THAWANGPHA HOSPITAL,11176,สำนักงานปลัดกระทรวงสาธารณสุข (สป.สธ.),โรงพยาบาลชุมชน(รพช.),30,40,TRUE,NULL,NULL,NULL,NULL,NULL,NULL,NULL,NULL,NULL,NULL
1,น่าน,โรงพยาบาลเวียงสา,WIANGSA HOSPITAL,11177,สำนักงานปลัดกระทรวงสาธารณสุข (สป.สธ.),โรงพยาบาลชุมชน(รพช.),60,83,TRUE,NULL,NULL,NULL,NULL,NULL,NULL,NULL,NULL,NULL,NULL
1,น่าน,โรงพยาบาลทุ่งช้าง,THUNGCHANG HOSPITAL,11178,สำนักงานปลัดกระทรวงสาธารณสุข (สป.สธ.),โรงพยาบาลชุมชน(รพช.),30,37,TRUE,จัดทำใบประกาศนียบัตร,NULL,NULL,NULL,NULL,NULL,NULL,NULL,NULL,NULL
1,น่าน,โรงพยาบาลเชียงกลาง,CHIANGKLANG  HOSPITAL,11179,สำนักงานปลัดกระทรวงสาธารณสุข (สป.สธ.),โรงพยาบาลชุมชน(รพช.),30,30,TRUE,NULL,NULL,NULL,NULL,NULL,NULL,NULL,NULL,NULL,NULL
1,น่าน,โรงพยาบาลนาหมื่น,NAMUEN HOSPITAL,11180,สำนักงานปลัดกระทรวงสาธารณสุข (สป.สธ.),โรงพยาบาลชุมชน(รพช.),30,30,TRUE,NULL,80,โรคไม่ติดต่อเรื้อรัง ความดันโลหิตสูง เบาหวาน,14373,47795,46557,1238,24.41,2.18,"Stroke ,Myocardial Infarction (MI), Chronic Kidney disease (CKD) stage5, Sepsis/fever, Chronic obstructive pulmonary disease with Acute exacerbation, TB/HIV, Suicide, Covid-19, Head injury, Postpatum haemorrhage (PPH)"
1,น่าน,โรงพยาบาลสันติสุข,SUNTISUK HOSPITAL,11181,สำนักงานปลัดกระทรวงสาธารณสุข (สป.สธ.),โรงพยาบาลชุมชน(รพช.),30,30,TRUE,จัดทำใบประกาศนียบัตร,NULL,NULL,NULL,NULL,NULL,NULL,NULL,NULL,NULL
1,น่าน,โรงพยาบาลบ่อเกลือ,BOKLUEA HOSPITAL,11182,สำนักงานปลัดกระทรวงสาธารณสุข (สป.สธ.),โรงพยาบาลชุมชน(รพช.),10,20,TRUE,จัดทำใบประกาศนียบัตร,102,.,12670,"17,664",16979,685,45.49,30,แม่เเละเด็ก
1,น่าน,โรงพยาบาลสองแคว,SONGKWAE HOSPITAL,11183,สำนักงานปลัดกระทรวงสาธารณสุข (สป.สธ.),โรงพยาบาลชุมชน(รพช.),30,30,TRUE,NULL,75,การดำเนินงานโดยมีส่วนร่วมกับเครือข่าย,12222,ปี2563(ตุลาคม 2562-กันยายน2563),25587,971,19.99,2.37,1.Sepsis<br />2.Stroke<br />3.AMI<br />4.DM<br />5.COPD<br />6.Dengue<br />7.TB<br />8.Appendicitis<br />9.Head injury<br />10.BA/CPD<br />11.PPH<br />12.Palliative<br />13.Suicide<br />14.Alcohol dependence
1,พะเยา,โรงพยาบาลจุน,CHUN HOSPITAL,11184,สำนักงานปลัดกระทรวงสาธารณสุข (สป.สธ.),โรงพยาบาลชุมชน(รพช.),30,51,TRUE,จัดทำใบประกาศนียบัตร,48,"""บริการองค์รวมและต่อเนื่อง พัฒนาระบบงานส่งเสริม สุขภาพประชากรทุกกลุ่ม (ดี เสี่ยง ป่วย ) โดยการมีส่วนร่วมของชุมชน""",48537,ปี 2564 (1 ตุลาคม 2563- 30 กันยายน 2564),137725,3141,102.9,3.49,"""กลุ่มโรคเรื้อรัง: DM , HT , COPD , CKD , Asthma , Suicide ,  Cancer<br />กลุ่มโรคเฉียบพลัน: : Stroke , STEMI  , Sepsis , Pneumonia , Trauma ,PPH , Birth Asphyxia <br />กลุ่มโรคติดเชื้อและโรคระบาด :COVID-19,TB , HIV , DHF, AGE"""
1,พะเยา,โรงพยาบาลเชียงม่วน,CHIANGMUAN HOSPITAL,11185,สำนักงานปลัดกระทรวงสาธารณสุข (สป.สธ.),โรงพยาบาลชุมชน(รพช.),30,30,TRUE,เขียนรายงาน,NULL,NULL,NULL,NULL,NULL,NULL,NULL,NULL,NULL
1,พะเยา,โรงพยาบาลดอกคำใต้,DOKKHAMTAI HOSPITAL,11186,สำนักงานปลัดกระทรวงสาธารณสุข (สป.สธ.),โรงพยาบาลชุมชน(รพช.),60,76,TRUE,NULL,NULL,NULL,NULL,NULL,NULL,NULL,NULL,NULL,NULL
1,พะเยา,โรงพยาบาลปง,PONG HOSPITAL,11187,สำนักงานปลัดกระทรวงสาธารณสุข (สป.สธ.),โรงพยาบาลชุมชน(รพช.),30,61,TRUE,NULL,NULL,NULL,NULL,NULL,NULL,NULL,NULL,NULL,NULL
1,พะเยา,โรงพยาบาลแม่ใจ,MAECHAI HOSPITAL,11188,สำนักงานปลัดกระทรวงสาธารณสุข (สป.สธ.),โรงพยาบาลชุมชน(รพช.),30,34,TRUE,NULL,0,ทดสอบ,0,ปี 2563 ,0,0,0,0,ทดสอบ
1,เชียงราย,โรงพยาบาลเทิง,THOENG  HOSPITAL,11189,สำนักงานปลัดกระทรวงสาธารณสุข (สป.สธ.),โรงพยาบาลชุมชน(รพช.),60,66,TRUE,NULL,NULL,NULL,NULL,NULL,NULL,NULL,NULL,NULL,NULL
1,เชียงราย,โรงพยาบาลพาน,PHAN HOSPITAL,11190,สำนักงานปลัดกระทรวงสาธารณสุข (สป.สธ.),โรงพยาบาลชุมชน(รพช.),120,130,TRUE,รอการจัดเยี่ยมสำรวจ,40,"การออกบริการ Homeward , สูติกรรม , อายุรกรรม , ศัลยกรรม , กุมารเวชกรรม , ไตเทียม",119252,ปี 2564,288141,8944,92.21,4.7,"เบาหวาน , ความดันโลหิตสูง , กล้ามเนื้อหัวใจขาดเลือด , โรคหลอดเลือดสมอง , โรคปอดอุดกั้นเรื้อรัง , ติดเชื้อในกระแสเลือด , Trauma "
1,เชียงราย,โรงพยาบาลป่าแดด,PADAD HOSPITAL,11191,สำนักงานปลัดกระทรวงสาธารณสุข (สป.สธ.),โรงพยาบาลชุมชน(รพช.),30,30,TRUE,NULL,52,1) ทีมบริหารมีนโยบายชัดเจน มีความต่อเนื่องในการบริหาร 2) มีการบริหารแบบมีส่วนร่วม 3) เจ้าหน้าที่ทุกคนมีค่านิยมหลัก และมีวัฒนธรรมคุณภาพร่วมกัน 4) ทีมงานมุ่งมั่น เสียสละ ทุ่มเท มีความสามัคคี รักองค์กร 5) มีการบริหารเชิงกลยุทธ์ และวิเคราะห์องค์กรสม่ำเสมอ 6) ระบบสารสนเทศมีประสิทธิภาพ,25739,ปี 2564(ตุลาคม2563-กันยายน 2564),90268,1640,43.9,3,"1) กลุ่มโรคฉุกเฉิน ได้แก่ Stroke , STEMI , Sepsis , Head injury, UGIH 2) กลุ่มโรคติดเชื้อ ได้แก่ COVID -19, DHF, HIV, TB 3) กลุ่มผู้ป่วยโรคเรื้อรัง  DM, HT, COPD, CKD, CA ( palliative care )"
1,เชียงราย,โรงพยาบาลแม่จัน,MAECHAN HOSPITAL,11192,สำนักงานปลัดกระทรวงสาธารณสุข (สป.สธ.),โรงพยาบาลชุมชน(รพช.),120,158,TRUE,จัดทำใบประกาศนียบัตร,28,สร้างการมีส่วนร่วมในการพัฒนาระบบคุณภาพบริการร่วมกับเครือข่ายในการดูแลประชาชนแบบองค์รวม,95317,ปี 2564 (ตุลาคม 2563-มีนาคม  2564),227529,12116,97.6,0,"โรคเรื้อรัง: DM,HT,COPD,ESRD,Asthma,CVA<br />โรคติดเชื้อ: TB, HIV<br />โรคเฉียบพลัน: : AMI , Sepsis , UGIH ,Stroke, Truamatic Brain Injury<br />สูติ-นรีเวช: PPH , PIH , Myoma Uteri<br />โรคทางจิตเวช: Suicide, Schizophrenia,Depression, Alcoholism, กลุ่มติดสารเสพติด , Suicidal Committed<br />โรคทางระบาดวิทยา: DHF, AGE , โรคติดเชื้ออุบัติใหม่<br />โรคมะเร็ง:  CA lung, CA hepato-biliary tract<br />ด้านกุมารเวชกรรม : Pneumonia, AGE, Contact TB, Sepsis, Febrile convulsion, Neonatal jaundice, Birth asphyxia,  Neonatal sepsis, LBW, Preterm labor<br />ด้านศัลยกรรมกระดูกและข้อ : Septic joint, OA knee, Osteoporosis, Musculoskeletal pain, Fracture around hip joint , Fracture longbone<br />ด้านศัลยกรรมทั่วไป: Hernia , Appendecitis , Cholecystitis"
1,เชียงราย,โรงพยาบาลเชียงแสน,CHIANGSAEN HOSPITAL,11193,สำนักงานปลัดกระทรวงสาธารณสุข (สป.สธ.),โรงพยาบาลชุมชน(รพช.),60,52,TRUE,NULL,NULL,NULL,NULL,NULL,NULL,NULL,NULL,NULL,NULL
1,เชียงราย,โรงพยาบาลแม่สาย,MAESAI HOSPITAL,11194,สำนักงานปลัดกระทรวงสาธารณสุข (สป.สธ.),โรงพยาบาลชุมชน(รพช.),120,118,TRUE,จัดทำใบประกาศนียบัตร,64,พัฒนาระบบสาธารณสุขชายแดนร่วมกับภาคีเครือข่าย,103209,ปี2563(ตุลาคม63-เมษายน64),48924,4020,80.16,3.84,"        อายุรกรรม: stroke, STEMI/NSTEMI, sepsis<br />	ศัลยกรรม: UGIH, Multiple trauma, head injury<br />	ศัลยกรรมกระดูก: open fracture, fracture pelvis<br />	สูติ-นรีเวช: PPH, severe PIH, severe birth asphyxia<br />	กุมารเวชกรรม: neonatal sepsis, DHF<br />"
1,เชียงราย,โรงพยาบาลแม่สรวย,MAESUAI HOSPITAL,11195,สำนักงานปลัดกระทรวงสาธารณสุข (สป.สธ.),โรงพยาบาลชุมชน(รพช.),60,60,TRUE,จัดทำใบประกาศนียบัตร,50,การทำงานร่วมกับชุมชน,84269,2564,189727,4201,66.48,3.63,"Stroke, Traumatic Brain Injury, Sepsis, COPD, DM, Birth Asphyxia, Suicide ,TB ,PPH, Preterm Labor , AWS, HT, CKD ,HIV, DENGUE, AMI, Depression ,Pneumonia, Scrub Typhus, Appendicitis, COVID-19<br />"
1,เชียงราย,โรงพยาบาลเวียงป่าเป้า,WIANGPAPAO HOSPITAL,11196,สำนักงานปลัดกระทรวงสาธารณสุข (สป.สธ.),โรงพยาบาลชุมชน(รพช.),90,64,TRUE,NULL,NULL,NULL,NULL,NULL,NULL,NULL,NULL,NULL,NULL
1,เชียงราย,โรงพยาบาลพญาเม็งราย,PHAYAMEANGRAI HOSPITAL,11197,สำนักงานปลัดกระทรวงสาธารณสุข (สป.สธ.),โรงพยาบาลชุมชน(รพช.),60,60,TRUE,NULL,NULL,NULL,NULL,NULL,NULL,NULL,NULL,NULL,NULL
1,เชียงราย,โรงพยาบาลเวียงแก่น,WIANGKAEN HOSPITAL,11198,สำนักงานปลัดกระทรวงสาธารณสุข (สป.สธ.),โรงพยาบาลชุมชน(รพช.),30,38,TRUE,NULL,NULL,NULL,NULL,NULL,NULL,NULL,NULL,NULL,NULL
1,เชียงราย,โรงพยาบาลขุนตาล,KHUNTAN HOSPITAL,11199,สำนักงานปลัดกระทรวงสาธารณสุข (สป.สธ.),โรงพยาบาลชุมชน(รพช.),30,34,TRUE,ยืนยันการเยี่ยม,70,การดูแลผู้ป่วยระดับทุติยภูมิ ด้านการส่งเสริม ป้องกัน รักษา และฟื้นฟูสุขภาพของผู้มารับบริการ,29549,"71,959 (1 ตค.2563-30 มิย.2564)",39871,1507,68.42,3.7,"Stroke,Sepsis,ACS,COPD,HIV"
1,เชียงราย,โรงพยาบาลแม่ฟ้าหลวง,MAE FHA LUANG HOSPITAL,11200,สำนักงานปลัดกระทรวงสาธารณสุข (สป.สธ.),โรงพยาบาลชุมชน(รพช.),30,30,TRUE,ยืนยันการเยี่ยม,70,"ให้บริการการดูแลรักษาผู้ป่วยโรคทั่วไป ตามศักยภาพของโรงพยาบาลในระดับทุติยภูมิ โดยให้การดูแลรักษาตั้งแต่แรกรับทั้งผู้ป่วยฉุกเฉิน,ผู้ป่วยนอกและผู้ป่วยใน ตลอดจนมีการวางแผนดูแลต่อเนื่องกลุ่มโรคที่สําคัญ",79050,ตุลาคม 2563 - พฤษภาคม 2564,108855,3072,143.51,35,ให้บริการผู้ป่วยกลุ่มโรคทั่วไปและโรคไม่ติดต่อเรื้อรัง บริการฝากครรภ์และทำคลอดตลอดจนการบำบัดสารเสพติด
1,เชียงราย,โรงพยาบาลแม่ลาว,MAELAO HOSPITAL,11201,สำนักงานปลัดกระทรวงสาธารณสุข (สป.สธ.),โรงพยาบาลชุมชน(รพช.),30,30,TRUE,NULL,NULL,NULL,NULL,NULL,NULL,NULL,NULL,NULL,NULL
1,เชียงราย,โรงพยาบาลเวียงเชียงรุ้ง,WIANG CHIANG RUNG HOSPITAL,11202,สำนักงานปลัดกระทรวงสาธารณสุข (สป.สธ.),โรงพยาบาลชุมชน(รพช.),30,30,TRUE,NULL,NULL,NULL,NULL,NULL,NULL,NULL,NULL,NULL,NULL
1,แม่ฮ่องสอน,โรงพยาบาลขุนยวม,KHUNYUAM HOSPITAL,11203,สำนักงานปลัดกระทรวงสาธารณสุข (สป.สธ.),โรงพยาบาลชุมชน(รพช.),30,30,TRUE,NULL,67,เป็นโรงพยาบาลขนาด F2<br />ให้บริการครอบคลุมด้านการส่งเสริมสุขภาพ ป้องกันโรค รักษาพยาบาล ฟื้นฟู  มีการประสานความร่วมมือกับเครือข่าย ภาคส่วนต่าง ๆ และชุมชน  เพื่อยกระดับมาตรฐานและคุณภาพในการให้บริการได้อย่างลงตัว <br />,23529,ปี 2564 (1 ต.ค.2563 - 30ก.ย.2564),68836,2975,84.11,9120,1.Covid -19<br />2.Birth Asphyxia<br />3.Severe Head injury<br />4.Stroke<br />5.Suicide<br />6. STEMI<br />7. Sepsis<br />8.COPD<br />9.PPH<br />10.Appendecitis
1,แม่ฮ่องสอน,โรงพยาบาลปาย,PAI HOSPITAL,11204,สำนักงานปลัดกระทรวงสาธารณสุข (สป.สธ.),โรงพยาบาลชุมชน(รพช.),60,58,TRUE,ยืนยันการเยี่ยม,111,"""1. มีระบบการดูแลผู้ป่วยเฉพาะทาง อายุรกรรม ศัลยกรรม เวชศาสตร์ครอบครัวละชุมชน <br />    แพทย์ทางเลือก แพทย์แผนไทย/กัญชาทางการแพทย์<br />2. มีการทำงานเป็นทีมร่วมกันระหว่างโรงพยาบาลและเครือข่ายบริการสุขภาพอำเภอปาย  <br />3. เป็นโรงพยาบาลในแหล่งท่องเที่ยว สังคมเป็นกึ่งเมือง  ""<br />",38783,2563-2564   98860,6703,25312,64,3.65,"โรคเรื้อรัง: DM,HT,COPD,ESRD,Asthma,CVA<br />โรคติดเชื้อ: TB, HIV<br />โรคเฉียบพลัน: : AMI , Sepsis , UGIH ,Stroke, Truamatic Brain Injury<br />สูติ-นรีเวช: PPH , PIH , Myoma Uteri<br />โรคทางจิตเวช: Suicide, Schizophrenia,Depression, Alcoholism, กลุ่มติดสารเสพติด , Suicidal Committed<br />โรคทางระบาดวิทยา: DHF, AGE , โรคติดเชื้ออุบัติใหม่<br />โรคมะเร็ง:  CA lung, CA hepato-biliary tract<br />ด้านกุมารเวชกรรม : Pneumonia, AGE, Contact TB, Sepsis, Febrile convulsion, Neonatal jaundice, Birth asphyxia,  Neonatal sepsis, LBW, Preterm labor<br />ด้านศัลยกรรมกระดูกและข้อ : Septic joint, OA knee, Osteoporosis, Musculoskeletal pain, Fracture around hip joint , Fracture longbone<br />ด้านศัลยกรรมทั่วไป: Hernia , Appendicitis , Cholecystitis<br />"
1,แม่ฮ่องสอน,โรงพยาบาลแม่สะเรียง,MAESARIEANG HOSPITAL,11205,สำนักงานปลัดกระทรวงสาธารณสุข (สป.สธ.),โรงพยาบาลชุมชน(รพช.),90,118,TRUE,NULL,162,1. มีระบบบริการในเครือข่ายโซนใต้<br />2. มีระบบบริการทางการแพทย์พื้นฐาน และการช่วยเหลือภาวะฉุกเฉินในพื้นที่ห่างไกล (Remote area) <br />และมีภาคีเครือข่ายสุขภาพและความร่วมมือกับภาคประชาชน หน่วยงานภาครัฐ และเอกชน<br />3. มีระบบการบริการรักษาทาง telemed<br />4. มีการใช้ระบบเทคโนโลยีมาจัดการระบบสุขภาพ (โดยผ่านแอพลิเคชั่น Line)<br /><br />,55320,"46,659",40262,6397,89.47,3.47,"1. โรคสำคัญตาม Clinical risks ได้แก่ Sepsis, COPD, DM HT,Thalassemia, Pneumonia, PPH, Appendicitis      <br />2. กลุ่มโรคฉุกเฉินสำคัญ ได้แก่ AMI, stroke, Head injury                             <br />3. กลุ่มโรคติดต่อสำคัญที่ต้องควบคุม ได้แก่ ไข้เลือดออก, มาลาเรีย, วัณโรคปอด<br />4. Covid-19<br />"
1,แม่ฮ่องสอน,โรงพยาบาลแม่ลาน้อย,MAELANOI HOSPITAL,11206,สำนักงานปลัดกระทรวงสาธารณสุข (สป.สธ.),โรงพยาบาลชุมชน(รพช.),30,30,TRUE,จัดทำใบประกาศนียบัตร,134,1. มีศักยภาพในการให้บริการด้านการแพทย์ในระดับทุติยภูมิและการส่งต่อที่มีประสิทธิภาพ<br /> 2. เครือข่ายบริการด้านสุขภาพระดับปฐมภูมิที่มีคุณภาพและได้มาตรฐานที่เข้มแข็ง <br />3.มีภาคีเครือข่ายบริการด้านสุขภาพที่เข้มแข็ง ทั้งภายในอำเภอ และจังหวัด,35949,ปี 2564 (ตุลาคม 2563-พฤษภาคม 2564),45401,1678,71.55,5,"MI , severe Head injury, COPD ,sepsis"
1,แม่ฮ่องสอน,โรงพยาบาลสบเมย,SOBMOEI HOSPITAL,11207,สำนักงานปลัดกระทรวงสาธารณสุข (สป.สธ.),โรงพยาบาลชุมชน(รพช.),30,30,TRUE,รอการจัดเยี่ยมสำรวจ,187,การสร้างเครือข่ายและการมีส่วนร่วมด้านสุขภาพ,40648,ปี 2564 (ตุลาคม 2563-กันยายน 2564),61880,2023,52.33,3.03,"Cov-19 , Septicemia with Pneumonia , COPD , PPH<br />"
1,แม่ฮ่องสอน,โรงพยาบาลปางมะผ้า,PANGMAPHA HOSPITAL,11208,สำนักงานปลัดกระทรวงสาธารณสุข (สป.สธ.),โรงพยาบาลชุมชน(รพช.),30,30,TRUE,NULL,67,สนับสนุนและส่งเสริม ป้องกัน รักษา ฟื้นฟูสุขภาพ  ตามบริบทของโรงพยาบาลชุมชน,21729,ปี 2564 (ตั้งแต่ 1 ตุลาคม 2563 - 31 พฤษภาคม 2564),33428,1554,63.35,3,"1. กลุ่มแม่และเด็ก ได้แก่ BA, PPH, PIH โรคที่ป้องกันได้ด้วยวัคซีน 2. กลุ่มผู้ป่วยที่มีอาการเฉียบพลัน ได้แก่ MI, Stoke, multiple trauma 3. กลุ่มผู้ป่วยติดเชื้อ ได้แก่ ปอดบวม TB  อุจจาระร่วง Typhus และ DF 4. กลุ่มผู้ป่วยที่ต้องการดูแลเฉพาะ ได้แก่ จิตเวช, ติดสุรา, ผู้พิการ 5. กลุ่มผู้ป่วยเรื้อรัง ได้แก่ DM, HT, COPD, Asthma และ 6. กลุ่มผู้ป่วยทันตกรรม"
3,นครสวรรค์,โรงพยาบาลโกรกพระ,KROKPRA HOSPITAL,11209,สำนักงานปลัดกระทรวงสาธารณสุข (สป.สธ.),โรงพยาบาลชุมชน(รพช.),30,0,TRUE,NULL,NULL,NULL,NULL,NULL,NULL,NULL,NULL,NULL,NULL
3,นครสวรรค์,โรงพยาบาลชุมแสง,CHUMSAENG HOSPITAL,11210,สำนักงานปลัดกระทรวงสาธารณสุข (สป.สธ.),โรงพยาบาลชุมชน(รพช.),30,90,TRUE,NULL,NULL,NULL,NULL,NULL,NULL,NULL,NULL,NULL,NULL
3,นครสวรรค์,โรงพยาบาลหนองบัว,NONGBUA HOSPITAL,11211,สำนักงานปลัดกระทรวงสาธารณสุข (สป.สธ.),โรงพยาบาลชุมชน(รพช.),60,60,TRUE,จัดทำใบประกาศนียบัตร,NULL,NULL,NULL,NULL,NULL,NULL,NULL,NULL,NULL
3,นครสวรรค์,โรงพยาบาลบรรพตพิสัย,BANPHOTPHISAI HOSPITAL,11212,สำนักงานปลัดกระทรวงสาธารณสุข (สป.สธ.),โรงพยาบาลชุมชน(รพช.),90,90,TRUE,NULL,NULL,NULL,NULL,NULL,NULL,NULL,NULL,NULL,NULL
3,นครสวรรค์,โรงพยาบาลเก้าเลี้ยว,KAOLEAW  HOSPITAL,11213,สำนักงานปลัดกระทรวงสาธารณสุข (สป.สธ.),โรงพยาบาลชุมชน(รพช.),30,33,TRUE,เขียนรายงาน,NULL,NULL,NULL,NULL,NULL,NULL,NULL,NULL,NULL
3,นครสวรรค์,โรงพยาบาลตาคลี,TAKHLI HOSPITAL,11214,สำนักงานปลัดกระทรวงสาธารณสุข (สป.สธ.),โรงพยาบาลชุมชน(รพช.),90,120,TRUE,NULL,NULL,NULL,NULL,NULL,NULL,NULL,NULL,NULL,NULL
3,นครสวรรค์,โรงพยาบาลท่าตะโก,THATAKO  HOSPITAL,11215,สำนักงานปลัดกระทรวงสาธารณสุข (สป.สธ.),โรงพยาบาลชุมชน(รพช.),90,60,TRUE,NULL,NULL,NULL,NULL,NULL,NULL,NULL,NULL,NULL,NULL
3,นครสวรรค์,โรงพยาบาลไพศาลี,PHAISALEE HOSPITAL,11216,สำนักงานปลัดกระทรวงสาธารณสุข (สป.สธ.),โรงพยาบาลชุมชน(รพช.),30,60,TRUE,NULL,70,ไม่มี,71540,123028,123028,45830,68.91,3.36,1.Pneumonia<br />2.Septiccemia<br />3.Stroke<br />4.AMI<br />5.DM<br />6.HT
3,นครสวรรค์,โรงพยาบาลพยุหะคีรี,PHAYUHAKIRI HOSPITAL,11217,สำนักงานปลัดกระทรวงสาธารณสุข (สป.สธ.),โรงพยาบาลชุมชน(รพช.),30,45,TRUE,NULL,NULL,NULL,NULL,NULL,NULL,NULL,NULL,NULL,NULL
3,นครสวรรค์,โรงพยาบาลลาดยาว,LADYAO HOSPITAL,11218,สำนักงานปลัดกระทรวงสาธารณสุข (สป.สธ.),โรงพยาบาลชุมชน(รพช.),90,90,TRUE,NULL,NULL,NULL,NULL,NULL,NULL,NULL,NULL,NULL,NULL
3,นครสวรรค์,โรงพยาบาลตากฟ้า,TAKFA HOSPITAL,11219,สำนักงานปลัดกระทรวงสาธารณสุข (สป.สธ.),โรงพยาบาลชุมชน(รพช.),30,39,TRUE,NULL,80,คลินิคชะลอไตเสื่อม,25175,ปี2564,37686,2298,39.3,4.45,"เบาหวาน ,  ความดันโลหิตสูง , โรคทางเดินหายใจ ,  Dizziness ,  muscle strain "
3,นครสวรรค์,โรงพยาบาลแม่วงก์,MAEWONG HOSPITAL,11220,สำนักงานปลัดกระทรวงสาธารณสุข (สป.สธ.),โรงพยาบาลชุมชน(รพช.),30,30,TRUE,จัดทำใบประกาศนียบัตร,0,การให้บริการรากฟันเทียม,51894,ต.ค.62-ก.ย.63,47962,2143,66.16,3.06,"กลุ่มผู้ป่วยที่มีอาการเฉียบพลัน ได้แก่ Stroke, ACS , Unstable Trauma  <br />กลุ่มผู้ป่วยโรคเรื้อรัง ได้แก่ DM , HT,  COPD, Asthma, CKD <br />กลุ่มผู้ป่วยติดเชื้อ ได้แก่ Sepsis , HIV,TB <br />กลุ่มแม่และเด็ก ได้แก่ หญิงตั้งครรภ์ที่มีภาวะเสี่ยง, คลอดฉุกเฉิน <br />กลุ่มผู้ป่วยที่ต้องการดูแลเฉพาะ ได้แก่ DHF"
3,อุทัยธานี,โรงพยาบาลทัพทัน,THAPTHAN HOSPITAL,11221,สำนักงานปลัดกระทรวงสาธารณสุข (สป.สธ.),โรงพยาบาลชุมชน(รพช.),90,90,TRUE,จัดทำใบประกาศนียบัตร,19,บริการแบบผสมผสาน ป้องกัน ส่งเสริม รักษา ฟื้นฟู <br />,46921,ปี 2564  ตุลาคม 2563 - มีนาคม 2564,85749,2144,44.85,3.046921,Head injury  ACS Stroke  DM  HT Astnma  COPD  CKD   DHF  Dirrahea   TB  HIV <br />
3,อุทัยธานี,โรงพยาบาลสว่างอารมณ์,SAWANGAROM HOSPITAL,11222,สำนักงานปลัดกระทรวงสาธารณสุข (สป.สธ.),โรงพยาบาลชุมชน(รพช.),30,37,TRUE,NULL,NULL,NULL,NULL,NULL,NULL,NULL,NULL,NULL,NULL
3,อุทัยธานี,โรงพยาบาลหนองฉาง,NONGCHANG HOSPITAL,11223,สำนักงานปลัดกระทรวงสาธารณสุข (สป.สธ.),โรงพยาบาลชุมชน(รพช.),90,90,TRUE,NULL,22,แพทย์ทางเลือก,56661,145669,34594,5878,72,4.61,"โรคระบาด COVID-19 โรควิกฤต STEMI, Stroke, Sepsis, Trauma โรคเรื้อรัง DM, HT, CKD"
3,อุทัยธานี,โรงพยาบาลหนองขาหย่าง,NONGKHAYANG HOSPITAL,11224,สำนักงานปลัดกระทรวงสาธารณสุข (สป.สธ.),โรงพยาบาลชุมชน(รพช.),10,10,TRUE,NULL,NULL,NULL,NULL,NULL,NULL,NULL,NULL,NULL,NULL
3,อุทัยธานี,โรงพยาบาลบ้านไร่,BANRAI HOSPITAL,11225,สำนักงานปลัดกระทรวงสาธารณสุข (สป.สธ.),โรงพยาบาลชุมชน(รพช.),60,60,TRUE,รอเข้าคณะอนุกรรมการพิจารณา,80,"การดูแลผู้ป่วยผสมผสานแบบองค์รวม<br />(ส่งเสริม,รักษา,ป้องกัน,ฟื้นฟู)",59367,ปี 2563,84993,4833,72,3.13,"stroke, MI,Trauma,Sepsis,COVID-19"
3,อุทัยธานี,โรงพยาบาลลานสัก,LANSAK HOSPITAL,11226,สำนักงานปลัดกระทรวงสาธารณสุข (สป.สธ.),โรงพยาบาลชุมชน(รพช.),60,72,TRUE,รอเข้าคณะอนุกรรมการพิจารณา,60,การดูแลผู้ป่วยแบบผสมผสาน,54474,ปี 2564 (ตุลาคม 2563 - มีนาคม 2564) ,66367,2403,65.89,3.01,"- กลุ่มโรคฉุกเฉิน ได้แก่ Stroke, MI, Sepsis, Trauma, HI<br />- กลุ่มโรคเรื้อรัง ได้แก่ DM, HT, COPD, Asthma<br />- กลุ่มโรคแม่และเด็ก ได้แก่ PIH, PPH, BA<br />- กลุ่มโรคติดเชื้อ ได้แก่ TB, DHF, Pneumonia, Acute diarrhea<br />- โรคจากการทำงาน ได้แก่ โรคระบบกล้ามเนื้อ<br />- ปัญหาอื่นที่คุกคามต่อภาวะสุขภาพ ได้แก่ อุบัติเหตุจราจร ยาเสพติด สุขภาพจิต    "
3,อุทัยธานี,โรงพยาบาลห้วยคต,HUAIKHOT HOSPITAL,11227,สำนักงานปลัดกระทรวงสาธารณสุข (สป.สธ.),โรงพยาบาลชุมชน(รพช.),30,38,TRUE,รอการจัดเยี่ยมสำรวจ,50,ภาคีเครือข่ายเข้มแข็ง,20326,ปี 2664 (1 ตุลาคม 2563-30 กันยายน 2564) ,59891,1977,72.09,3,"1.	Stroke<br />2.	DM<br />3.	STEMI<br />4.	Sepsis<br />5.	Pneumonia"
3,กำแพงเพชร,โรงพยาบาลทุ่งโพธิ์ทะเล,THUNGPHOTHALAE HOSPITAL,11228,สำนักงานปลัดกระทรวงสาธารณสุข (สป.สธ.),โรงพยาบาลชุมชน(รพช.),10,14,TRUE,NULL,NULL,NULL,NULL,NULL,NULL,NULL,NULL,NULL,NULL
3,กำแพงเพชร,โรงพยาบาลไทรงาม,SAINGAM HOSPITAL,11229,สำนักงานปลัดกระทรวงสาธารณสุข (สป.สธ.),โรงพยาบาลชุมชน(รพช.),30,47,TRUE,เขียนรายงาน,NULL,NULL,NULL,NULL,NULL,NULL,NULL,NULL,NULL
3,กำแพงเพชร,โรงพยาบาลคลองลาน,KLONGLAN HOSPITAL,11230,สำนักงานปลัดกระทรวงสาธารณสุข (สป.สธ.),โรงพยาบาลชุมชน(รพช.),60,73,TRUE,อยู่ระหว่างต่ออายุ,50,ให้บริการระดับโรงพยาบาลชุมชนขนาดกลาง( F2)และมีความสามารถในการจัดระบบเครือข่ายบริการสุขภาพโรงพยาบาล,62377,"62,377",154229,6500,104.35,3.52,"Stroke ,Sepsis,ACS,COPD,Birth asphyxia"
3,กำแพงเพชร,โรงพยาบาลขาณุวรลักษบุรี,KHANUWORALUKSABURI HOSPITAL,11231,สำนักงานปลัดกระทรวงสาธารณสุข (สป.สธ.),โรงพยาบาลชุมชน(รพช.),90,90,TRUE,NULL,80,1. Humanize Health    <br />2.Health Promotion    <br />3.Work with Community ,772090,คุลาคม 2562-กันยายน 2564,347340,9227,79.61,290580,1. กลุ่มโรคเรื้อรัง ได้แก่  DM  HT  CKD   CA <br />2. กลุ่ม Acute    ได้แก่  ACS    STROKE   <br />3. กลุ่ม TRAUMA  ได้แก่  อุบัติเหตุจราจร  อุบัติเหตุทั่วไป <br />4. กลุ่มโรคติดเชื้อ - โรคระบาดได้แก่  Sepsis  Pneumonia  TB    HIV  DHF  <br />5. กลุ่มมารดาและทารก : PPH Preterm labour  GDM PIH  BA  LBW  Neonatal  jaundice  <br />6. อื่นๆ ได้แก่ ปัญหาสุขภาพจิต  กลุ่ม Long Term care  palliative  ผู้พิการ 
3,กำแพงเพชร,โรงพยาบาลคลองขลุง,KHLONGKHLUNG  HOSPITAL,11232,สำนักงานปลัดกระทรวงสาธารณสุข (สป.สธ.),โรงพยาบาลชุมชน(รพช.),60,98,TRUE,จัดทำใบประกาศนียบัตร,NULL,NULL,NULL,NULL,NULL,NULL,NULL,NULL,NULL
3,กำแพงเพชร,โรงพยาบาลพรานกระต่าย,PHRAN KRATAI HOSPITAL,11233,สำนักงานปลัดกระทรวงสาธารณสุข (สป.สธ.),โรงพยาบาลชุมชน(รพช.),60,65,TRUE,NULL,NULL,NULL,NULL,NULL,NULL,NULL,NULL,NULL,NULL
3,กำแพงเพชร,โรงพยาบาลลานกระบือ,LANKRABUE  HOSPITAL,11234,สำนักงานปลัดกระทรวงสาธารณสุข (สป.สธ.),โรงพยาบาลชุมชน(รพช.),30,30,TRUE,NULL,NULL,NULL,NULL,NULL,NULL,NULL,NULL,NULL,NULL
3,กำแพงเพชร,โรงพยาบาลทรายทองวัฒนา,SAITHONGWATTANA HOSPITAL,11235,สำนักงานปลัดกระทรวงสาธารณสุข (สป.สธ.),โรงพยาบาลชุมชน(รพช.),30,34,TRUE,NULL,NULL,NULL,NULL,NULL,NULL,NULL,NULL,NULL,NULL
3,กำแพงเพชร,โรงพยาบาลปางศิลาทอง,PANGSILATHONG HOSPITAL,11236,สำนักงานปลัดกระทรวงสาธารณสุข (สป.สธ.),โรงพยาบาลชุมชน(รพช.),30,36,TRUE,NULL,NULL,NULL,NULL,NULL,NULL,NULL,NULL,NULL,NULL
2,ตาก,โรงพยาบาลบ้านตาก,BANTAK HOSPITAL,11238,สำนักงานปลัดกระทรวงสาธารณสุข (สป.สธ.),โรงพยาบาลชุมชน(รพช.),60,60,TRUE,NULL,NULL,NULL,NULL,NULL,NULL,NULL,NULL,NULL,NULL
2,ตาก,โรงพยาบาลสามเงา,SAMNGAO HOSPITAL,11239,สำนักงานปลัดกระทรวงสาธารณสุข (สป.สธ.),โรงพยาบาลชุมชน(รพช.),30,36,TRUE,NULL,56,การดูแลผู้ป่วย Intermediate Care (IMC) ร่วมกับสหวิชาชีพ,7082,ปี 2564(1 ตุลคม 2563 - - 30 กันยายน 2564),10727,1653,91.1,5,STEMI/ Stroke/ Severe Truma/ Sepsis/ Sucidal patient/ DHF/ COPD/ DM/CKD
2,ตาก,โรงพยาบาลแม่ระมาด,MAERAMAT HOSPITAL,11240,สำนักงานปลัดกระทรวงสาธารณสุข (สป.สธ.),โรงพยาบาลชุมชน(รพช.),90,120,TRUE,รอการจัดเยี่ยมสำรวจ,116,"        (1) การรักษาและควบคุมโรคติดต่อชายแดน<br />	(2) การดูแลหญิงตั้งครรภ์และทารกที่มีภาวะแทรกซ้อน<br />	(3) การบำบัดสารเสพติดโดยเฉพาะฝิ่น<br />	(4 ) การดูแลประคับประคองผู้ป่วยระยะสุดท้าย<br />	(5 ) การดูแลผู้ป่วยโรคไม่ติดต่อเรื้อรัง<br />",58751,2563,144930,9684,110.49,507,STEMI<br />Stroke<br />Severe Brain Injury<br />Sepsis<br />Preterm labour<br />PPH<br />Suicide<br />Pneumonia<br />COPD<br />TB<br />
2,ตาก,โรงพยาบาลท่าสองยาง,THASONGYANG HOSPITAL,11241,สำนักงานปลัดกระทรวงสาธารณสุข (สป.สธ.),โรงพยาบาลชุมชน(รพช.),60,60,TRUE,NULL,NULL,NULL,NULL,NULL,NULL,NULL,NULL,NULL,NULL
2,ตาก,โรงพยาบาลพบพระ,PHOBPHRA HOSPITAL,11242,สำนักงานปลัดกระทรวงสาธารณสุข (สป.สธ.),โรงพยาบาลชุมชน(รพช.),30,60,TRUE,NULL,NULL,NULL,NULL,NULL,NULL,NULL,NULL,NULL,NULL
2,ตาก,โรงพยาบาลอุ้มผาง,UMPHANG HOSPITAL,11243,สำนักงานปลัดกระทรวงสาธารณสุข (สป.สธ.),โรงพยาบาลชุมชน(รพช.),30,0,TRUE,NULL,NULL,NULL,NULL,NULL,NULL,NULL,NULL,NULL,NULL
2,สุโขทัย,โรงพยาบาลบ้านด่านลานหอย,BANDANLANHOI HOSPITAL,11244,สำนักงานปลัดกระทรวงสาธารณสุข (สป.สธ.),โรงพยาบาลชุมชน(รพช.),30,38,TRUE,จัดทำใบประกาศนียบัตร,NULL,NULL,NULL,NULL,NULL,NULL,NULL,NULL,NULL
2,สุโขทัย,โรงพยาบาลคีรีมาศ,KHIRIMAT HOSPITAL,11245,สำนักงานปลัดกระทรวงสาธารณสุข (สป.สธ.),โรงพยาบาลชุมชน(รพช.),50,50,TRUE,NULL,NULL,NULL,NULL,NULL,NULL,NULL,NULL,NULL,NULL
2,สุโขทัย,โรงพยาบาลกงไกรลาศ,KONGKRAILAS HOSPITAL,11246,สำนักงานปลัดกระทรวงสาธารณสุข (สป.สธ.),โรงพยาบาลชุมชน(รพช.),30,30,TRUE,NULL,NULL,NULL,NULL,NULL,NULL,NULL,NULL,NULL,NULL
2,สุโขทัย,โรงพยาบาลศรีสัชนาลัย,SISATCHANALAI HOSPITAL,11247,สำนักงานปลัดกระทรวงสาธารณสุข (สป.สธ.),โรงพยาบาลชุมชน(รพช.),60,73,TRUE,NULL,NULL,NULL,NULL,NULL,NULL,NULL,NULL,NULL,NULL
2,สุโขทัย,โรงพยาบาลสวรรคโลก,SAWANKHALOKE HOSPITAL,11248,สำนักงานปลัดกระทรวงสาธารณสุข (สป.สธ.),โรงพยาบาลชุมชน(รพช.),120,97,TRUE,NULL,NULL,NULL,NULL,NULL,NULL,NULL,NULL,NULL,NULL
2,สุโขทัย,โรงพยาบาลศรีนคร,SRINAKHON HOSPITAL,11249,สำนักงานปลัดกระทรวงสาธารณสุข (สป.สธ.),โรงพยาบาลชุมชน(รพช.),30,30,TRUE,รอการจัดเยี่ยมสำรวจ,60,ระบบการควบคุมและป้องกันโควิด-19,25413,ปี 2564 (ตุลาคม 2563-กันยายน 2564),84104,1458,47.11,3.58,"โรคติดต่อ (TB) และโรคติดต่ออุบัติใหม่ (Covid-19), โรคไม่ติดต่อ (DM, HT)  และกลุ่มผู้ป่วยที่มีภาวะรุนแรงเฉียบพลัน (AMI, Stroke) "
2,สุโขทัย,โรงพยาบาลทุ่งเสลี่ยม,THUNGSALIAM HOSPITAL,11250,สำนักงานปลัดกระทรวงสาธารณสุข (สป.สธ.),โรงพยาบาลชุมชน(รพช.),30,43,TRUE,NULL,NULL,NULL,NULL,NULL,NULL,NULL,NULL,NULL,NULL
2,พิษณุโลก,โรงพยาบาลชาติตระการ,CHATTRAKAN HOSPITAL,11251,สำนักงานปลัดกระทรวงสาธารณสุข (สป.สธ.),โรงพยาบาลชุมชน(รพช.),30,30,TRUE,NULL,NULL,NULL,NULL,NULL,NULL,NULL,NULL,NULL,NULL
2,พิษณุโลก,โรงพยาบาลบางระกำ,BANGRAKAM HOSPITAL,11252,สำนักงานปลัดกระทรวงสาธารณสุข (สป.สธ.),โรงพยาบาลชุมชน(รพช.),30,62,TRUE,NULL,NULL,NULL,NULL,NULL,NULL,NULL,NULL,NULL,NULL
2,พิษณุโลก,โรงพยาบาลบางกระทุ่ม,BANGKRATHUM HOSPITAL,11253,สำนักงานปลัดกระทรวงสาธารณสุข (สป.สธ.),โรงพยาบาลชุมชน(รพช.),30,40,TRUE,NULL,NULL,NULL,NULL,NULL,NULL,NULL,NULL,NULL,NULL
2,พิษณุโลก,โรงพยาบาลพรหมพิราม,PHROMPHIRAM HOSPITAL,11254,สำนักงานปลัดกระทรวงสาธารณสุข (สป.สธ.),โรงพยาบาลชุมชน(รพช.),30,33,TRUE,NULL,NULL,NULL,NULL,NULL,NULL,NULL,NULL,NULL,NULL
2,พิษณุโลก,โรงพยาบาลวัดโบสถ์,WATBOT HOSPITAL,11255,สำนักงานปลัดกระทรวงสาธารณสุข (สป.สธ.),โรงพยาบาลชุมชน(รพช.),30,30,TRUE,NULL,0,ให้บริการผู้ป่วยใน  แบบInter mediate care   ที่ส่งต่อมาจาก รพ.พุทธชินราช ( รพศ. ),36569,2564 (ตุลาคม 2563-กรกฎาคม 2564),24078,1982,90.09,3.05,1) กลุ่มวัย Aging  Society  <br />2)โรคไม่ติดต่อ DM   HT  STROKE  STEMI SEPSIS COPD CKD  <br />3) โรคติดต่อ TB Pneumonia <br />4) โรคแม่และเด็ก PPH BA 
2,พิษณุโลก,โรงพยาบาลวังทอง,WANG THONG HOSPITAL,11256,สำนักงานปลัดกระทรวงสาธารณสุข (สป.สธ.),โรงพยาบาลชุมชน(รพช.),120,68,TRUE,NULL,NULL,NULL,NULL,NULL,NULL,NULL,NULL,NULL,NULL
2,พิษณุโลก,โรงพยาบาลเนินมะปราง,NOENMAPRANG HOSPITAL,11257,สำนักงานปลัดกระทรวงสาธารณสุข (สป.สธ.),โรงพยาบาลชุมชน(รพช.),30,33,TRUE,NULL,NULL,NULL,NULL,NULL,NULL,NULL,NULL,NULL,NULL
3,พิจิตร,โรงพยาบาลวังทรายพูน,WANGSAIPHUN HOSPITAL,11258,สำนักงานปลัดกระทรวงสาธารณสุข (สป.สธ.),โรงพยาบาลชุมชน(รพช.),30,43,TRUE,จัดทำใบประกาศนียบัตร,30,1.ระบบบริการปฐมภูมิให้การดูแลผู้ป่วย แบบบูรณาการร่วมกับภาคีเครือข่าย<br />2.การจัดบริการงานอนามัยแม่และเด็ก (ANC) คุณภาพ<br />3.การจัดบริการการแพทย์ฉุกเฉิน<br />4.เป็นโรงพยาบาลชุมชนที่สามารถตรวจวินิจฉัยและรักษาระบบทางเดินอาหารส่วนต้นด้วยเครื่องมือพิเศษได้,24371,ปี 2563,66755,2920,87.75,8379,  1.กลุ่มโรคไม่ติดต่อเรื้อรัง ได้แก่ DM HT  CA<br />  2กลุ่มโรคฉุกเฉิน /เสี่ยงสูงได้แก่ Head Injury  Stroke และ STEMI<br />  3 กลุ่มโรคติดต่อ/โรคระบาดได้แก่  ไข้เลือดออก TB   pneumonia<br />
3,พิจิตร,โรงพยาบาลโพธิ์ประทับช้าง,PHOPRATHAPCHANG HOSPITAL,11259,สำนักงานปลัดกระทรวงสาธารณสุข (สป.สธ.),โรงพยาบาลชุมชน(รพช.),30,30,TRUE,NULL,23,"1. การดูแลผู้ป่วย DM/HT  วัตถุประสงค์ ลดอัตราการเกิดรายใหม่ ,ลดอัตราการเกิดภาวะแทรกซ้อน<br />2.ระบบบริหารจัดการ ด้านการเงินการคลัง  วัตถุประสงค์ เพื่อให้ สถานการณ์การเงินคลังเพียงพอในการจัดบริการ<br /><br />",43609,ปี2564,83163,2502,96.58,2.58,"1. กลุ่มผู้ป่วยฉุกเฉิน ได้แก่ Stroke , STEMI , Sepsis , Trauma ,HI,  severe PIH ,  UGIB <br />2. กลุ่มโรคเรื้อรัง ได้แก่ DM, HT, CKD , COPD <br />3. โรคติดเชื้อ ได้แก่ TB, DHF , HIV,Diarrhea<br />4. ภาวะเสี่ยงต่อสุขภาพ ตั้งครรภ์ในวัยรุ่น  ทารกขาดออกซิเจนแรกเกิด  <br />5. ปัญหาอื่นที่คุกคามต่อภาวะสุขภาพ ได้แก่  ยาเสพติด  สุขภาพจิต อุบัติเหตุจราจร  "
3,พิจิตร,โรงพยาบาลบางมูลนาก,BANGMULNAK HOSPITAL,11260,สำนักงานปลัดกระทรวงสาธารณสุข (สป.สธ.),โรงพยาบาลชุมชน(รพช.),90,90,TRUE,จัดทำใบประกาศนียบัตร,NULL,NULL,NULL,NULL,NULL,NULL,NULL,NULL,NULL
3,พิจิตร,โรงพยาบาลโพทะเล,PHOTALEA HOSPITAL,11261,สำนักงานปลัดกระทรวงสาธารณสุข (สป.สธ.),โรงพยาบาลชุมชน(รพช.),60,49,TRUE,(คณะอนุกรรมการ)พิจารณารับรอง,27,1. การบริการด้านสุขภาพ : <br />การเข้าถึงบริการ (Access) สะดวก รวดเร็วสามารถเข้าถึงบริการที่จำเป็นได้ตามข้อบ่งชี้ และในเวลาที่สมควร<br />ความครอบคลุม (Coverage): ครอบคลุมผู้ป่วยทุกกลุ่มวัย <br />คุณภาพ (Quality) : การมอบบริการที่ได้มาตรฐาน การวินิจฉัยที่ถูกต้อง มีความปลอดภัย<br />ความเท่าเทียม (Equity): ผู้รับบริการได้รับบริการเหมือนกันทุกระดับ<br />ความเหมาะสม (Appropriateness) : ความถูกต้องตามข้อบ่งชี้ตามความจำเป็นของผู้ป่วยและหลักวิชาการ<br />ความสามารถ (Competency) : การดูแลโดยบุคลากรที่มีศักยภาพ ระดับความรู้ ทักษะและเทคโนโลยีเพื่อให้เกิดผลลัพธ์ตามที่ต้องการ<br />2. การประสานงานเครือข่าย : <br />ความต่อเนื่อง (Continuity): ผู้ป่วยได้รับบริการอย่างต่อเนื่อง มีการประสานงานที่ดี  การส่งต่อระหว่างสถานพยาบาลที่มีประสิทธิภาพ<br />3. งานด้านการศึกษา : เป็นแหล่งสนับสนุนการฝึกปฏิบัติงานนักศึกษา/วิชาชีพที่ทำงานด้านสุขภาพ,59125,ปี 2564 เดือน ตุลาคม - พฤษภาคม,66119,2457,70.97,2.6,"กลุ่มโรคเรื้อรัง : DM ,HT<br />กลุ่มโรคฉุกเฉิน : STEMI Stroke Trauma Sepsis <br />กลุ่มโรคติดต่อ :DHF<br />กลุ่มแม่และเด็ก: PPH Teenage Pregnancy <br />คลินิกเวชศาสตร์ครอบครัว<br />Warfarin clinic<br />CKD Clinic<br />Palliative Care<br />ทันตกรรมเฉพาะทาง "
3,พิจิตร,โรงพยาบาลสามง่าม,SAMNGAM HOSPITAL,11262,สำนักงานปลัดกระทรวงสาธารณสุข (สป.สธ.),โรงพยาบาลชุมชน(รพช.),60,39,TRUE,NULL,0,ทดสอบ,0,ปี 2563 ,0,0,0,0,ทดสอบ
3,พิจิตร,โรงพยาบาลทับคล้อ,THAPKHLO HOSPITAL,11263,สำนักงานปลัดกระทรวงสาธารณสุข (สป.สธ.),โรงพยาบาลชุมชน(รพช.),30,30,TRUE,NULL,NULL,NULL,NULL,NULL,NULL,NULL,NULL,NULL,NULL
2,เพชรบูรณ์,โรงพยาบาลชนแดน,CHONDAEN HOSPITAL,11264,สำนักงานปลัดกระทรวงสาธารณสุข (สป.สธ.),โรงพยาบาลชุมชน(รพช.),60,60,TRUE,NULL,NULL,NULL,NULL,NULL,NULL,NULL,NULL,NULL,NULL
2,เพชรบูรณ์,โรงพยาบาลหล่มสัก,LOMSAK HOSPITAL,11265,สำนักงานปลัดกระทรวงสาธารณสุข (สป.สธ.),โรงพยาบาลชุมชน(รพช.),90,166,TRUE,NULL,0,ความเชี่ยวชาญพิเศษ,0,0,0,0,0,0,โรคสำคัญ
2,เพชรบูรณ์,โรงพยาบาลวิเชียรบุรี,WICHIANBURI HOSPITAL,11266,สำนักงานปลัดกระทรวงสาธารณสุข (สป.สธ.),โรงพยาบาลทั่วไป(รพท.),241,241,TRUE,รอการจัดเยี่ยมสำรวจ,100,เป็นโรงพยาบาลทั่วไปขนาดเล็ก(M1) ที่สามารถดูแลผู้ป่วยทุติยภูมิครบทุกสาขาหลักและสาขารอง ได้แก่ อายุรกรรม ศัลยกรรม กุมารเวชกรรม สูติกรรม ศัยกรรมกระดูกและข้อ จักษุ และสามารถดูแลผู้ป่วยตติยภูมิบางส่วน สามารถผ่าตัด Spine Surgery และ รังสีรักษา Interventional Radiology,129590,2564(ตุลาคม 2563 -กันยายน 2564),72420,16539,80.46,4,กลุ่มโรคสำคัญ<br />สาขากุมาร <br />    1.Preterm Newborn<br />    2.Birth Asphyxia<br />    3.DHF<br />    4.Sepsis<br />    5.Pneumonia<br />    6. พัฒนาการเด็ก<br />สาขาสูตินรีเวช<br />    7.Preterm labour<br />    8. PPH<br />    9. Rupture Ectopic<br />    10.PIH<br />สาขาศัลยกรรม<br />   11. acute appendicitis<br />   12.TBI<br />   13.UGIH<br />   14.Hemorrhagic stroke<br />   15.NF<br />อายุรกรรม<br />   16. Sepsis<br />   17. Stroke<br />   18. STEMI<br />   19. COPD<br />   20. TB<br />โรคเรื้อรัง<br />   21. DM<br />   22. HT<br />   23. CKD<br />   24. CA<br />ศัลยกรรมกระดูกและข้อ<br />   25. Septic arthritis<br />   26. Fracture of femur<br />   27. Fracture of Humerous<br />   28. Spine surgery<br />จักษุ<br />   29. Bliding cataract<br />   30. DR<br />โรคระบาด<br />   31.Covid
2,เพชรบูรณ์,โรงพยาบาลศรีเทพ,SRITHEP HOSPITAL,11267,สำนักงานปลัดกระทรวงสาธารณสุข (สป.สธ.),โรงพยาบาลชุมชน(รพช.),30,58,TRUE,NULL,NULL,NULL,NULL,NULL,NULL,NULL,NULL,NULL,NULL
2,เพชรบูรณ์,โรงพยาบาลหนองไผ่,NONGPHAI HOSPITAL,11268,สำนักงานปลัดกระทรวงสาธารณสุข (สป.สธ.),โรงพยาบาลชุมชน(รพช.),60,142,TRUE,NULL,57,โรงพยาบาลหนองไผ่เป็นโรงพยาบาลขนาด F1 มีแพทย์เฉพาะทางด้านอายุรกรรม  สูติกรรมและกุมาครเวช  รวมถึงทันตแพทย์เฉพาะทางด้านศัลยกรรมช่องปาก ทำให้สามารถตรวจรักษาโรคที่มีความซับซ้อนได้  อีกทั้งยังได้contractกับเอกชนในการเปิดศูนย์เอกซเรย์คอมพิวเตอร์(CT) ทำให้สามารถตรวจวิเคราะห์  วินิจฉัยและให้การรักษาผู้ป่วยได้รวดเร็ว  ทันเวลา  ได้อย่างมีประสิทธิภาพ,113137,2564 ( 1ต.ค.2563- 30กันยายน 2564),215754,9295,85.37,5,1.covid -19<br />2.HT<br />3.DM<br />4.Stemi<br />5.stroke<br />6.CKD<br />7.Sepsis<br />8.TB<br />9.PPH<br />10.Birth asphyxia<br />11.Pneumonia<br />12.Trauma<br />13.UGIB<br />14.DHF
2,เพชรบูรณ์,โรงพยาบาลบึงสามพัน,BUENGSAMPHAN  HOSPITAL,11269,สำนักงานปลัดกระทรวงสาธารณสุข (สป.สธ.),โรงพยาบาลชุมชน(รพช.),60,101,TRUE,ยืนยันการเยี่ยม,NULL,NULL,NULL,NULL,NULL,NULL,NULL,NULL,NULL
2,เพชรบูรณ์,โรงพยาบาลน้ำหนาว,NAMNAW HOSPITAL,11270,สำนักงานปลัดกระทรวงสาธารณสุข (สป.สธ.),โรงพยาบาลชุมชน(รพช.),10,10,TRUE,NULL,NULL,NULL,NULL,NULL,NULL,NULL,NULL,NULL,NULL
2,เพชรบูรณ์,โรงพยาบาลวังโป่ง,WANGPONG HOSPITAL,11271,สำนักงานปลัดกระทรวงสาธารณสุข (สป.สธ.),โรงพยาบาลชุมชน(รพช.),30,37,TRUE,NULL,70,การบริการตั้งแต่ระดับปฐมภูมิถึงทุติยภูมิ การดูแลผู้ป่วยเรื้อรังแบบองค์รวม การดูแลผู้ป่วยที่จำเป็นต้องได้รับการดูแลแบบช่องทางด่วน (Fast tract) รองรับอุบัติเหตุและการแพทย์ฉุกเฉิน บริการทางทันตกรรม การแพทย์แผนไทย บริการด้านการฟื้นฟูสุขภาพ การดูแลแบบประคับประคองและการดูแลระยะสุดท้าย การทำงานร่วมกับชุมชนและภาคีเครือข่าย<br />,38804,2564 ต.ค.2563-ก.ย. 2564,95229,2995,92.67,4.83," 1). กลุ่มโรคเรื้อรัง  ได้แก่ DM, HT, COPD,Asthma 2). กลุ่มโรคฉุกเฉิน ได้แก่ STEMI ,STROKE   SEPSIS  3). กลุ่มโรคติดต่อ  ได้แก่  TB HIV  DHF 4)กลุ่มโรคอุบัติเหตุฉุกเฉิน  ได้แก่ Head Injury ,Multiple Trauma 5)กลุ่มโรคมะเร็ง  <br />ปัญหาสุขภาพที่เป็นโอกาสพัฒนา :<br />1). การบาดเจ็บจากอุบัติเหตุจราจร  2). โรคหลอดเลือด  3). โรคหัวใจและหลอดเลือด 4). โรคมะเร็ง  5). งานอนามัยแม่และเด็ก  <br />โรคติดต่อที่เป็นปัญหา : ได้แก่  Covid19, TB,  HIV,  DHF<br />กลุ่มผู้ป่วยทีต้องได้รับการดูแลอย่างต่อเนื่อง: โรคไตวายเรื้อรัง CKD  ผู้ป่วย long term care"
2,เพชรบูรณ์,โรงพยาบาลเขาค้อ,KHAOKHO HOSPITAL,11272,สำนักงานปลัดกระทรวงสาธารณสุข (สป.สธ.),โรงพยาบาลชุมชน(รพช.),30,30,TRUE,NULL,NULL,NULL,NULL,NULL,NULL,NULL,NULL,NULL,NULL
5,ราชบุรี,โรงพยาบาลสวนผึ้ง,SUANPHUENG HOSPITAL,11273,สำนักงานปลัดกระทรวงสาธารณสุข (สป.สธ.),โรงพยาบาลชุมชน(รพช.),60,60,TRUE,จัดทำใบประกาศนียบัตร,NULL,NULL,NULL,NULL,NULL,NULL,NULL,NULL,NULL
5,ราชบุรี,โรงพยาบาลบางแพ,BANGPHAE HOSPITAL,11274,สำนักงานปลัดกระทรวงสาธารณสุข (สป.สธ.),โรงพยาบาลชุมชน(รพช.),60,48,TRUE,จัดทำใบประกาศนียบัตร,0,ทดสอบ,0,ปี 2563 ,0,0,0,0,ทดสอบ
5,ราชบุรี,โรงพยาบาลเจ็ดเสมียน,CHETSAMIAN HOSPITAL,11275,สำนักงานปลัดกระทรวงสาธารณสุข (สป.สธ.),โรงพยาบาลชุมชน(รพช.),30,30,TRUE,จัดทำใบประกาศนียบัตร,NULL,NULL,NULL,NULL,NULL,NULL,NULL,NULL,NULL
5,ราชบุรี,โรงพยาบาลปากท่อ,PAKTHO HOSPITAL,11276,สำนักงานปลัดกระทรวงสาธารณสุข (สป.สธ.),โรงพยาบาลชุมชน(รพช.),60,60,TRUE,NULL,NULL,NULL,NULL,NULL,NULL,NULL,NULL,NULL,NULL
5,ราชบุรี,โรงพยาบาลวัดเพลง,WATPHLENG HOSPITAL,11277,สำนักงานปลัดกระทรวงสาธารณสุข (สป.สธ.),โรงพยาบาลชุมชน(รพช.),30,46,TRUE,รอเข้าคณะอนุกรรมการพิจารณา,NULL,NULL,NULL,NULL,NULL,NULL,NULL,NULL,NULL
5,กาญจนบุรี,โรงพยาบาลไทรโยค,SAIYOK HOSPITAL,11278,สำนักงานปลัดกระทรวงสาธารณสุข (สป.สธ.),โรงพยาบาลชุมชน(รพช.),60,56,TRUE,NULL,NULL,NULL,NULL,NULL,NULL,NULL,NULL,NULL,NULL
5,กาญจนบุรี,โรงพยาบาลสมเด็จพระปิยมหาราชรมณียเขต,SOMDEJPRAPIYAMAHARAJROMMANEEYAKHET HOSPITAL,11279,สำนักงานปลัดกระทรวงสาธารณสุข (สป.สธ.),โรงพยาบาลชุมชน(รพช.),30,28,TRUE,NULL,NULL,NULL,NULL,NULL,NULL,NULL,NULL,NULL,NULL
5,กาญจนบุรี,โรงพยาบาลบ่อพลอย,BOPHLOI HOSPITAL,11280,สำนักงานปลัดกระทรวงสาธารณสุข (สป.สธ.),โรงพยาบาลชุมชน(รพช.),60,70,TRUE,NULL,45,การดูแลผู้ป่วยเบาหวาน/ ความดันโลหิตสูง  บูรณาการสู่ชุมชน,56965,ปี 2563 = 126998 ครั้ง/ปี,126998,5398,53.67,2.55," - โรคฉุกเฉิน   Stroke, AMI, Head injury, Sepsis, Pneumonia<br />  - โรคเรื้อรัง   HT, DM, COPD, CKD, Palliative care<br />  - โรคติดเชื้อ   TB, HIV<br />  - กลุ่มแม่และเด็ก   PPH, Birth Asphyxia, Teenage pregnancy, LBW<br />  - กลุ่มโรคทางระบาดวิทยา  Diarrhea, DHF<br />  - กลุ่มโรคทันตสาธารณสุข  Caries of Dentine<br />  - โรคจากการประกอบอาชีพ สารพิษตกค้างในเกษตรกร, ฝุ่น PM2.5 จากการเผาอ้อยในฤดูเก็บเกี่ยว, โรคระบบกล้ามเนื้อและโครงสร้าง"
5,กาญจนบุรี,โรงพยาบาลท่ากระดาน,THAKADAN HOSPITAL,11281,สำนักงานปลัดกระทรวงสาธารณสุข (สป.สธ.),โรงพยาบาลชุมชน(รพช.),30,30,TRUE,NULL,NULL,NULL,NULL,NULL,NULL,NULL,NULL,NULL,NULL
5,กาญจนบุรี,โรงพยาบาลสมเด็จพระสังฆราชองค์ที่ 19,SOMDET PHRA SANGHARAJA 19 HOSPITAL,11282,สำนักงานปลัดกระทรวงสาธารณสุข (สป.สธ.),โรงพยาบาลชุมชน(รพช.),120,151,TRUE,จัดทำใบประกาศนียบัตร,NULL,NULL,NULL,NULL,NULL,NULL,NULL,NULL,NULL
5,กาญจนบุรี,โรงพยาบาลทองผาภูมิ,THONGPHAPHUM HOSPITAL,11283,สำนักงานปลัดกระทรวงสาธารณสุข (สป.สธ.),โรงพยาบาลชุมชน(รพช.),90,90,TRUE,NULL,145,การให้บริการทุติยภูมิ เครือข่ายบริการเข้มแข็ง,71165,ปี2564 1 ตค 2563- 30 กย 2564,164606,7808,8.2,3.9,"1.พัฒนาระบบการดูแลผู้ป่วยให้มีความปลอดภัยทางคลินิกในโรคที่เป็นปัญหาสำคัญ<br /> 1.1  กลุ่มโรคเรื้อรัง : DM   HT   COPD  CKD  <br /> 1.2  กลุ่มโรคเฉียบพลัน : AMI    Stroke   Sepsis<br /> 1.3  กลุ่มอุบัติเหตุฉุกเฉิน :  Traumatic – HI ,  Blunt-chest<br /> 1.4  กลุ่มอนามัยแม่และเด็ก :  High risk  preg.  PPH  LBW  BA<br /> 1.5  กลุ่ม โรคติดต่อ  :  TB   DHF   Malaria                2. พัฒนาระบบการดูแลด้วยหัวใจความเป็นมนุษย์ Palliative Care / IMC<br />3. ส่งเสริมสุขภาพกลุ่มผู้ป่วยและญาติในกลุ่มผู้ป่วยเรื้อรังที่เป็นจุดเน้นโรงพยาบาล<br />4.มุ่งเน้นสนับสนุนทรัพยากรและพัฒนาบุคลากรสอดคล้องกับ Service Plan"
5,กาญจนบุรี,โรงพยาบาลสังขละบุรี,SANGKLABURI HOSPITAL,11284,สำนักงานปลัดกระทรวงสาธารณสุข (สป.สธ.),โรงพยาบาลชุมชน(รพช.),51,49,TRUE,NULL,NULL,NULL,NULL,NULL,NULL,NULL,NULL,NULL,NULL
5,กาญจนบุรี,โรงพยาบาลเจ้าคุณไพบูลย์พนมทวน,CHAOKUNPIBOON PHANOMTHUAN HOSPITAL,11285,สำนักงานปลัดกระทรวงสาธารณสุข (สป.สธ.),โรงพยาบาลชุมชน(รพช.),60,63,TRUE,NULL,24,"การดูแลผู้ป่วยโรคไม่ติดต่อเรื้อรัง ( NCD : DM, HT , AMI , Stroke ) ด้วยเครือข่ายชุมชนเข้มแข็ง และตามค่านิยมขององค์กร  : MOPH",53169,ปี 2564,62333,2737,42,2.48,"NCD : DM, HT , AMI , Stroke "
5,กาญจนบุรี,โรงพยาบาลเลาขวัญ,LAOKHWAN HOSPITAL,11286,สำนักงานปลัดกระทรวงสาธารณสุข (สป.สธ.),โรงพยาบาลชุมชน(รพช.),30,45,TRUE,เขียนรายงาน,NULL,NULL,NULL,NULL,NULL,NULL,NULL,NULL,NULL
5,กาญจนบุรี,โรงพยาบาลด่านมะขามเตี้ย,DANMAKHAMTIA HOSPITAL,11287,สำนักงานปลัดกระทรวงสาธารณสุข (สป.สธ.),โรงพยาบาลชุมชน(รพช.),30,58,TRUE,รอการจัดเยี่ยมสำรวจ,30,การดูแลผู้ป่วยโรคเรื้อรังแบบบูรณาการร่วมกับเครือข่ายชุมชน,32207,ปี2564(ตุลาคม 2563-กันยายน 2564),53925,4020,196,6.07,"1.กลุ่มผู้ป่วยฉุกเฉิน ได้แก่  ACS ,Stroke ,Multiple Trauma , Appendicitis<br />2.กลุ่มผู้ป่วยโรคเรื้อรัง ได้แก่ HT, DM, COPD, CKD <br />3.กลุ่มโรคติดเชื้อ ได้แก่ Diarrhea, HIV, TB, Sepsis<br />4.กลุ่มโรคระบาด ได้แก่  Malaria ,DHF, Covid 19<br />5.กลุ่มแม่และเด็ก ได้แก่ Teenage Pregnancy ,PPH,BA<br />6.กลุ่มจิตเวช  ได้แก่ Schizophrenia, Suicidal, Depression<br />7.กลุ่มทันตสาธารณสุข ได้แก่  Dental caries, Gingivitis and periodontal diseases<br /><br />"
5,กาญจนบุรี,โรงพยาบาลพยาบาลสถานพระบารมี,PAYABANSATHANPRABARAMEE HOSPITAL,11288,สำนักงานปลัดกระทรวงสาธารณสุข (สป.สธ.),โรงพยาบาลชุมชน(รพช.),30,30,TRUE,NULL,NULL,NULL,NULL,NULL,NULL,NULL,NULL,NULL,NULL
5,สุพรรณบุรี,โรงพยาบาลเดิมบางนางบวช,DOEMBANGNANGBUAT HOSPITAL,11289,สำนักงานปลัดกระทรวงสาธารณสุข (สป.สธ.),โรงพยาบาลชุมชน(รพช.),120,112,TRUE,NULL,50,การทำงานกับชุมชน ,0,800คนต่อวัน,7000,70,64.5,3,3S DM HT 
5,สุพรรณบุรี,โรงพยาบาลด่านช้าง,DANCHANG HOSPITAL,11290,สำนักงานปลัดกระทรวงสาธารณสุข (สป.สธ.),โรงพยาบาลชุมชน(รพช.),90,105,TRUE,จัดทำใบประกาศนียบัตร,NULL,NULL,NULL,NULL,NULL,NULL,NULL,NULL,NULL
5,สุพรรณบุรี,โรงพยาบาลบางปลาม้า,BANGPLAMA HOSPITAL,11291,สำนักงานปลัดกระทรวงสาธารณสุข (สป.สธ.),โรงพยาบาลชุมชน(รพช.),60,60,TRUE,จัดทำใบประกาศนียบัตร,NULL,NULL,NULL,NULL,NULL,NULL,NULL,NULL,NULL
5,สุพรรณบุรี,โรงพยาบาลศรีประจันต์,SI PRACHAN HOSPITAL,11292,สำนักงานปลัดกระทรวงสาธารณสุข (สป.สธ.),โรงพยาบาลชุมชน(รพช.),66,60,TRUE,NULL,NULL,NULL,NULL,NULL,NULL,NULL,NULL,NULL,NULL
5,สุพรรณบุรี,โรงพยาบาลดอนเจดีย์,DONCHEDI HOSPITAL,11293,สำนักงานปลัดกระทรวงสาธารณสุข (สป.สธ.),โรงพยาบาลชุมชน(รพช.),60,60,TRUE,จัดทำใบประกาศนียบัตร,30,มมมมม,39500,ปี 2563,135220,4320,75,3,ht dm
5,สุพรรณบุรี,โรงพยาบาลสามชุก,SAMCHUK HOSPITAL,11294,สำนักงานปลัดกระทรวงสาธารณสุข (สป.สธ.),โรงพยาบาลชุมชน(รพช.),60,60,TRUE,NULL,NULL,NULL,NULL,NULL,NULL,NULL,NULL,NULL,NULL
5,สุพรรณบุรี,โรงพยาบาลอู่ทอง,U-THONG HOSPITAL,11295,สำนักงานปลัดกระทรวงสาธารณสุข (สป.สธ.),โรงพยาบาลชุมชน(รพช.),150,137,TRUE,NULL,0,ให้บริการดูแลรักษาพยาบาลผู้ป่วยระดับปฐมภูมิ-ระดับทุติยภูมิ และกระจายบริการลงสู่ชุมชน บริการทางการแพทย์ครอบคลุม 6 สาขาหลักและการแพทย์แผนไทยและสมุนไพรครบวงจร,160434,"2565 (6 เดือน ตั้งแต่ ต.ค.-มี.ค.) จำนวน 269,975 คน",224970,45005,164.52,45005,Top 10 Diagnosis (OPD)<br />1.Hypertension 2.Diabetes Mellitus 3.Common cold 4. HIV 5.Muscle strain 6.Chronic gingivitis 7.Acute pharyngitis 8.Stroke 9.Dyspepsia 10.ข้อเข่าเสื่อม<br />Top 10 Diagnosis (IPD)<br />1.Pneumonia 2.Common cold 3.Acute pharyngitis 4.Congestive heart failure 5.Stroke 6.Diarrhea 7.Chronic kidney disease 8. Dengue hemorrhagic fever 9.Urinary tract infection 10.Concussion
5,สุพรรณบุรี,โรงพยาบาลหนองหญ้าไซ,NONGYASAI HOSPITAL,11296,สำนักงานปลัดกระทรวงสาธารณสุข (สป.สธ.),โรงพยาบาลชุมชน(รพช.),60,60,TRUE,จัดทำใบประกาศนียบัตร,60,-,49465,ปี 2564,126507,3193,62.16,4.07,โรคไม่ติดต่อเรื้อรังที่สำคัญในพื้นที่ ได้แก่ DM  HT CKD และโรคมะเร็ง<br />โรคติดต่อและภัยสุขภาพในพื้นที่ ได้แก่ TB DHF และ COVID-19
5,นครปฐม,โรงพยาบาลกำแพงแสน,KAMPHAENGSAEN HOSPITAL,11297,สำนักงานปลัดกระทรวงสาธารณสุข (สป.สธ.),โรงพยาบาลชุมชน(รพช.),98,80,TRUE,NULL,0,ทดสอบ,0,ปี 2563 ,0,0,0,0,ทดสอบ
5,นครปฐม,โรงพยาบาลนครชัยศรี,NAKHONCHAISI HOSPITAL,11298,สำนักงานปลัดกระทรวงสาธารณสุข (สป.สธ.),โรงพยาบาลชุมชน(รพช.),60,37,TRUE,(คณะอนุกรรมการ)พิจารณารับรอง,NULL,NULL,NULL,NULL,NULL,NULL,NULL,NULL,NULL
5,นครปฐม,โรงพยาบาลห้วยพลู,HUAYPLOO HOSPITAL,11299,สำนักงานปลัดกระทรวงสาธารณสุข (สป.สธ.),โรงพยาบาลชุมชน(รพช.),60,58,TRUE,NULL,22,บริการทันตกรรมทุกสาขา<br />บริการแพทย์แผนไทย<br />elective surgery,46441,ปี 2565 (เดือนต.ค.64 - ก.ย.65),0,0,0,0,ความดันโลหิตสูง เบาหวานชนิดที่ 2 ปวดกล้ามเนื้อ ฟันผุ ไข้หวัด
5,นครปฐม,โรงพยาบาลดอนตูม,DONTUM HOSPITAL,11300,สำนักงานปลัดกระทรวงสาธารณสุข (สป.สธ.),โรงพยาบาลชุมชน(รพช.),30,37,TRUE,อยู่ระหว่างต่ออายุ,NULL,NULL,NULL,NULL,NULL,NULL,NULL,NULL,NULL
5,นครปฐม,โรงพยาบาลบางเลน,BANGLEN HOSPITAL,11301,สำนักงานปลัดกระทรวงสาธารณสุข (สป.สธ.),โรงพยาบาลชุมชน(รพช.),60,60,TRUE,จัดทำใบประกาศนียบัตร,NULL,NULL,NULL,NULL,NULL,NULL,NULL,NULL,NULL
5,นครปฐม,โรงพยาบาลสามพราน,SAMPHRAN HOSPITAL,11302,สำนักงานปลัดกระทรวงสาธารณสุข (สป.สธ.),โรงพยาบาลชุมชน(รพช.),130,150,TRUE,จัดทำใบประกาศนียบัตร,NULL,NULL,NULL,NULL,NULL,NULL,NULL,NULL,NULL
5,นครปฐม,โรงพยาบาลพุทธมณฑล,PHUTTHAMONTHON HOSPITAL,11303,สำนักงานปลัดกระทรวงสาธารณสุข (สป.สธ.),โรงพยาบาลชุมชน(รพช.),10,32,TRUE,ยืนยันการเยี่ยม,NULL,NULL,NULL,NULL,NULL,NULL,NULL,NULL,NULL
5,สมุทรสาคร,โรงพยาบาลกระทุ่มแบน,KRATHUMBAEN HOSPITAL,11304,สำนักงานปลัดกระทรวงสาธารณสุข (สป.สธ.),โรงพยาบาลทั่วไป(รพท.),120,316,TRUE,จัดทำใบประกาศนียบัตร,NULL,NULL,NULL,NULL,NULL,NULL,NULL,NULL,NULL
5,สมุทรสาคร,โรงพยาบาลบ้านแพ้ว (องค์การมหาชน),BANPHAEO GENERAL HOSPITAL,11305,รัฐในสังกัดกระทรวงสาธารณสุข (สธ.),โรงพยาบาลทั่วไป(รพท.),200,300,TRUE,NULL,NULL,NULL,NULL,NULL,NULL,NULL,NULL,NULL,NULL
5,สมุทรสงคราม,โรงพยาบาลนภาลัย,NAPALAI HOSPITAL,11306,สำนักงานปลัดกระทรวงสาธารณสุข (สป.สธ.),โรงพยาบาลชุมชน(รพช.),90,90,TRUE,NULL,NULL,NULL,NULL,NULL,NULL,NULL,NULL,NULL,NULL
5,สมุทรสงคราม,โรงพยาบาลอัมพวา,AMPHAWA HOSPITAL,11307,สำนักงานปลัดกระทรวงสาธารณสุข (สป.สธ.),โรงพยาบาลชุมชน(รพช.),30,33,TRUE,NULL,0,1. การดูแลผู้ป่วยในเครือข่ายจังหวัดแบบไร้รอยต่อ  เช่น การ Consult ทางไลน์กับแพทย์เฉพาะทางจากรพ.แม่ข่าย <br />2. การดูแลผู้ป่วยทันเวลา ผู้ป่วยฉุกเฉินได้รับการดูแลที่รวดเร็ว (Fast track)<br />3. การมีส่วนร่วมที่ดีของชุมชน <br />,44287,86569,85411,1158,34.09,3.55,"1. กลุ่มโรคเรื้อรัง ได้แก่ DM, HT, COPD <br />2. กลุ่มผู้ป่วยฉุกเฉิน ได้แก่ MI , Stroke , Sepsis <br />"
5,เพชรบุรี,โรงพยาบาลเขาย้อย,KHAOYOI HOSPITAL,11308,สำนักงานปลัดกระทรวงสาธารณสุข (สป.สธ.),โรงพยาบาลชุมชน(รพช.),30,32,TRUE,NULL,NULL,NULL,NULL,NULL,NULL,NULL,NULL,NULL,NULL
5,เพชรบุรี,โรงพยาบาลหนองหญ้าปล้อง,NONGYAPLONG HOSPITAL,11309,สำนักงานปลัดกระทรวงสาธารณสุข (สป.สธ.),โรงพยาบาลชุมชน(รพช.),30,30,TRUE,ยืนยันการเยี่ยม,NULL,NULL,NULL,NULL,NULL,NULL,NULL,NULL,NULL
5,เพชรบุรี,โรงพยาบาลชะอำ,CHA – AM HOSPITAL,11310,สำนักงานปลัดกระทรวงสาธารณสุข (สป.สธ.),โรงพยาบาลชุมชน(รพช.),60,122,TRUE,ยืนยันการเยี่ยม,40,1.การดูแลสุขภาพประชาชนในชุมชนและนักท่องเที่ยวในระดับทุติยภูมิ ร่วมกับ ภาคีเครือข่าย<br />2.มีความสามารถให้บริการระดับความเชียวชาญ 1 สาขา ได้แก่ สาขา วิกฤติผู้ใหญ่,81205,55495,243490,5494,97.19,6,"1.โรคฉุกเฉิน: trauma, stroke, STEMI, sepsis<br />2.โรคเรื้อรัง: HT, DM, CKD<br />3.โรคทางระบาดวิทยา: COVID-19,DHF<br />4.แม่และเด็ก: Birth asphyxia, Low birth weight , PPH, PIH<br />5.Long term care: กลุ่มติดบ้านติดเตียง  กลุ่มมะเร็งระยะสุดท้าย"
5,เพชรบุรี,โรงพยาบาลท่ายาง,THAYANG HOSPITAL,11311,สำนักงานปลัดกระทรวงสาธารณสุข (สป.สธ.),โรงพยาบาลชุมชน(รพช.),60,73,TRUE,จัดทำใบประกาศนียบัตร,NULL,NULL,NULL,NULL,NULL,NULL,NULL,NULL,NULL
5,เพชรบุรี,โรงพยาบาลบ้านลาด,BANLAT HOSPITAL,11312,สำนักงานปลัดกระทรวงสาธารณสุข (สป.สธ.),โรงพยาบาลชุมชน(รพช.),30,30,TRUE,NULL,NULL,NULL,NULL,NULL,NULL,NULL,NULL,NULL,NULL
5,เพชรบุรี,โรงพยาบาลบ้านแหลม,BANLAEM HOSPITAL,11313,สำนักงานปลัดกระทรวงสาธารณสุข (สป.สธ.),โรงพยาบาลชุมชน(รพช.),30,30,TRUE,เขียนรายงาน,NULL,NULL,NULL,NULL,NULL,NULL,NULL,NULL,NULL
5,เพชรบุรี,โรงพยาบาลแก่งกระจาน,KAENGKRACHAN HOSPITAL,11314,สำนักงานปลัดกระทรวงสาธารณสุข (สป.สธ.),โรงพยาบาลชุมชน(รพช.),30,30,TRUE,NULL,54,ให้บริการส่งเสริม ป้องกัน รักษา ฟื้นฟู<br />,32669,ปี2563(ตุลาคม 2562 - กันยายน 2563),87839,2433,53,17,Stroke<br />Sepsis<br />STEMI<br />Trauma
5,ประจวบคีรีขันธ์,โรงพยาบาลกุยบุรี,KUIBURI HOSPITAL,11315,สำนักงานปลัดกระทรวงสาธารณสุข (สป.สธ.),โรงพยาบาลชุมชน(รพช.),30,36,TRUE,NULL,NULL,NULL,NULL,NULL,NULL,NULL,NULL,NULL,NULL
5,ประจวบคีรีขันธ์,โรงพยาบาลทับสะแก,THABSAKAE HOSPITAL,11316,สำนักงานปลัดกระทรวงสาธารณสุข (สป.สธ.),โรงพยาบาลชุมชน(รพช.),60,60,TRUE,NULL,NULL,NULL,NULL,NULL,NULL,NULL,NULL,NULL,NULL
5,ประจวบคีรีขันธ์,โรงพยาบาลบางสะพาน,BANGSAPHAN HOSPITAL,11317,สำนักงานปลัดกระทรวงสาธารณสุข (สป.สธ.),โรงพยาบาลชุมชน(รพช.),90,120,TRUE,(คณะอนุกรรมการ)พิจารณารับรอง,NULL,NULL,NULL,NULL,NULL,NULL,NULL,NULL,NULL
5,ประจวบคีรีขันธ์,โรงพยาบาลบางสะพานน้อย,BANGSAPHANNOI HOSPITAL,11318,สำนักงานปลัดกระทรวงสาธารณสุข (สป.สธ.),โรงพยาบาลชุมชน(รพช.),30,30,TRUE,NULL,NULL,NULL,NULL,NULL,NULL,NULL,NULL,NULL,NULL
5,ประจวบคีรีขันธ์,โรงพยาบาลปราณบุรี,PRANBURI HOSPITAL,11319,สำนักงานปลัดกระทรวงสาธารณสุข (สป.สธ.),โรงพยาบาลชุมชน(รพช.),60,60,TRUE,จัดทำใบประกาศนียบัตร,NULL,NULL,NULL,NULL,NULL,NULL,NULL,NULL,NULL
5,ประจวบคีรีขันธ์,โรงพยาบาลหัวหิน,HUAHIN HOSPITAL,11320,สำนักงานปลัดกระทรวงสาธารณสุข (สป.สธ.),โรงพยาบาลทั่วไป(รพท.),350,374,TRUE,รอการจัดเยี่ยมสำรวจ,5,มีความเชี่ยวชาญในสาขาย่อยครอบคลุมทุกสาขาและมีศูนย์ความเชี่ยวชาญระดับสูง 3 สาขา ได้แก่ สาขาอุบัติเหตุ สาขาโรคหัวใจและหลอดเลือด และสมอง,75698,550756,526539,24217,122.58,6.47,PPH<br />PIH<br />Ectopic Pregnancy<br />Preterm Labor<br />Multiple Truma<br />CA Breast<br />Head Injury<br />Acute Appendicitis<br />Cholecystitis<br />Endopthalmitis<br />STEMI<br />Stroke<br />Sepsis<br />Septic Shock<br />DF/DHF<br />Pneumonia<br />Asthma<br />Preterm <br />Hip Fracture <br />Open Fracture <br />
5,ประจวบคีรีขันธ์,โรงพยาบาลสามร้อยยอด,SAMROIYOD HOSPITAL,11321,สำนักงานปลัดกระทรวงสาธารณสุข (สป.สธ.),โรงพยาบาลชุมชน(รพช.),60,60,TRUE,NULL,NULL,NULL,NULL,NULL,NULL,NULL,NULL,NULL,NULL
11,นครศรีธรรมราช,โรงพยาบาลพรหมคีรี,PROMKIRI HOSPITAL,11322,สำนักงานปลัดกระทรวงสาธารณสุข (สป.สธ.),โรงพยาบาลชุมชน(รพช.),30,30,TRUE,NULL,NULL,NULL,NULL,NULL,NULL,NULL,NULL,NULL,NULL
11,ระนอง,โรงพยาบาลละอุ่น,LAUN HOSPITAL,11323,สำนักงานปลัดกระทรวงสาธารณสุข (สป.สธ.),โรงพยาบาลชุมชน(รพช.),10,12,TRUE,จัดทำใบประกาศนียบัตร,NULL,NULL,NULL,NULL,NULL,NULL,NULL,NULL,NULL
11,นครศรีธรรมราช,โรงพยาบาลลานสกา,LANSAKA HOSPITAL,11324,สำนักงานปลัดกระทรวงสาธารณสุข (สป.สธ.),โรงพยาบาลชุมชน(รพช.),30,60,TRUE,(คณะอนุกรรมการ)พิจารณารับรอง,NULL,NULL,NULL,NULL,NULL,NULL,NULL,NULL,NULL
11,นครศรีธรรมราช,โรงพยาบาลสมเด็จพระยุพราชฉวาง,CHAWANG CROWN PRINCE HOSPITAL,11325,สำนักงานปลัดกระทรวงสาธารณสุข (สป.สธ.),โรงพยาบาลชุมชน(รพช.),90,94,TRUE,NULL,80,"การบริการทางสูตินรีเวชกรรม,การบริการทางทันตกรรมชั้นสูงด้านทันตกรรมประดิษฐ์ และ ศัลยศาสตร์ช่องปากและแม็กซิลโลเฟเชียล ",60205,"ปี2564(เดือนตุลาคม 2563-เดือนกันยายน 2564) 180,733 เฉลี่ยต่อวัน 495 ครั้ง/วัน",180826,5538,65.27,3.87,"ACS , stroke, HI, Sepsis"
11,นครศรีธรรมราช,โรงพยาบาลพิปูน,PHIPUN HOSPITAL,11326,สำนักงานปลัดกระทรวงสาธารณสุข (สป.สธ.),โรงพยาบาลชุมชน(รพช.),30,34,TRUE,NULL,NULL,NULL,NULL,NULL,NULL,NULL,NULL,NULL,NULL
11,นครศรีธรรมราช,โรงพยาบาลเชียรใหญ่,CHIANYAI HOSPITAL,11327,สำนักงานปลัดกระทรวงสาธารณสุข (สป.สธ.),โรงพยาบาลชุมชน(รพช.),30,0,TRUE,NULL,NULL,NULL,NULL,NULL,NULL,NULL,NULL,NULL,NULL
11,นครศรีธรรมราช,โรงพยาบาลชะอวด,CHA-UAT HOSPITAL,11328,สำนักงานปลัดกระทรวงสาธารณสุข (สป.สธ.),โรงพยาบาลชุมชน(รพช.),90,90,TRUE,เขียนรายงาน,NULL,NULL,NULL,NULL,NULL,NULL,NULL,NULL,NULL
11,นครศรีธรรมราช,โรงพยาบาลท่าศาลา,THASALA HOSPITAL,11329,สำนักงานปลัดกระทรวงสาธารณสุข (สป.สธ.),โรงพยาบาลชุมชน(รพช.),120,176,TRUE,NULL,NULL,NULL,NULL,NULL,NULL,NULL,NULL,NULL,NULL
11,นครศรีธรรมราช,โรงพยาบาลทุ่งสง,THUNGSONG HOSPITAL,11330,สำนักงานปลัดกระทรวงสาธารณสุข (สป.สธ.),โรงพยาบาลทั่วไป(รพท.),280,322,TRUE,NULL,NULL,NULL,NULL,NULL,NULL,NULL,NULL,NULL,NULL
11,นครศรีธรรมราช,โรงพยาบาลนาบอน,NABON  HOSPITAL,11331,สำนักงานปลัดกระทรวงสาธารณสุข (สป.สธ.),โรงพยาบาลชุมชน(รพช.),30,40,TRUE,NULL,NULL,NULL,NULL,NULL,NULL,NULL,NULL,NULL,NULL
11,นครศรีธรรมราช,โรงพยาบาลทุ่งใหญ่,THUNGYAI HOSPITAL,11332,สำนักงานปลัดกระทรวงสาธารณสุข (สป.สธ.),โรงพยาบาลชุมชน(รพช.),60,0,TRUE,จัดทำใบประกาศนียบัตร,NULL,NULL,NULL,NULL,NULL,NULL,NULL,NULL,NULL
11,นครศรีธรรมราช,โรงพยาบาลปากพนัง,PAKPHANANG  HOSPITAL,11333,สำนักงานปลัดกระทรวงสาธารณสุข (สป.สธ.),โรงพยาบาลชุมชน(รพช.),90,120,TRUE,NULL,0,โรงพยาบาลชุมชนระดับ M2  (มีการทำงานแบบมีส่วนร่วมเป็นภาคีเครือข่าย),97694,ปี 2564 ต.ค. 2563- ก.ย. 2564,141028,10651,69.33,2.91,"1.Stroke<br />2.MI<br />3.DM<br />4.HT<br />5.DHF""<br />"
11,นครศรีธรรมราช,โรงพยาบาลร่อนพิบูลย์,RONPHIBUN HOSPITAL,11334,สำนักงานปลัดกระทรวงสาธารณสุข (สป.สธ.),โรงพยาบาลชุมชน(รพช.),30,0,TRUE,ยืนยันการเยี่ยม,NULL,NULL,NULL,NULL,NULL,NULL,NULL,NULL,NULL
11,นครศรีธรรมราช,โรงพยาบาลสิชล,SICHON HOSPITAL,11335,สำนักงานปลัดกระทรวงสาธารณสุข (สป.สธ.),โรงพยาบาลทั่วไป(รพท.),250,260,TRUE,NULL,NULL,NULL,NULL,NULL,NULL,NULL,NULL,NULL,NULL
11,นครศรีธรรมราช,โรงพยาบาลขนอม,KHANOM HOSPITAL,11336,สำนักงานปลัดกระทรวงสาธารณสุข (สป.สธ.),โรงพยาบาลชุมชน(รพช.),30,67,TRUE,NULL,105,Paliative care,28733,"108,758",104903,3855,42.8,4,":กลุ่มโรคฉุกเฉิน ได้แก่ ACS, Stroke,Head injury (hospital base community base จาก PCT)<br />:กลุ่มโรคเรื้อรัง ได้แก่ DM,HT,CKD,COPD/Asthma<br />:กลุ่มระบาดติดเชื้อ ได้แก่ TB ,Sepsis,HIV,DHF,AGE<br />:กลุ่มแม่และเด็ก ได้แก่ Preterm Delivery,PPH,Teenage Pregnancy, FCพัฒนาการเด็ก <br />:ปัญหาสาธารณภัย ได้แก่ อุบัติเหตุจราจร,อุทกภัย, วาตะภัย, ดินถล่ม<br />:ปัญหาตามกลุ่มวัย ได้แก่ ผู้ป่วยติดเตียง                                                                                                                                     :กลุ่มแรงงานต่างด้าวและแรงงานย้ายถิ่นฐาน เช่น โรคอุบัติใหม่ อุบัติซ้ำ"
11,นครศรีธรรมราช,โรงพยาบาลหัวไทร,HUASAI HOSPITAL,11337,สำนักงานปลัดกระทรวงสาธารณสุข (สป.สธ.),โรงพยาบาลชุมชน(รพช.),30,60,TRUE,NULL,0,ทดสอบ,0,ปี 2563 ,0,0,0,0,ทดสอบ
11,นครศรีธรรมราช,โรงพยาบาลบางขัน,BANGKHAN HOSPITAL,11338,สำนักงานปลัดกระทรวงสาธารณสุข (สป.สธ.),โรงพยาบาลชุมชน(รพช.),30,30,TRUE,NULL,NULL,NULL,NULL,NULL,NULL,NULL,NULL,NULL,NULL
11,นครศรีธรรมราช,โรงพยาบาลถ้ำพรรณรา,THAMPUNNARA HOSPITAL,11339,สำนักงานปลัดกระทรวงสาธารณสุข (สป.สธ.),โรงพยาบาลชุมชน(รพช.),10,15,TRUE,NULL,NULL,NULL,NULL,NULL,NULL,NULL,NULL,NULL,NULL
11,กระบี่,โรงพยาบาลเขาพนม,KAOPANOM HOSPITAL,11340,สำนักงานปลัดกระทรวงสาธารณสุข (สป.สธ.),โรงพยาบาลชุมชน(รพช.),30,45,TRUE,NULL,45,การสร้างความร่วมมือกับทุกภาคส่วนและภาคีเครือข่าย,55733,ปี 2563 ,0,0,85.62,0,1. MI<br />2.Stroke<br />3.Head injury <br />4.จิตเวชฉุกเฉิน<br />5.Sepsis/Septic shock<br />6.DHF Shock<br />7.Birth Asphyxia<br />8.PPHc Shock<br />9.PIH eclampsia <br />10. .................
11,กระบี่,โรงพยาบาลเกาะลันตา,KOHLANTA HOSPITAL,11341,สำนักงานปลัดกระทรวงสาธารณสุข (สป.สธ.),โรงพยาบาลชุมชน(รพช.),30,23,TRUE,NULL,NULL,NULL,NULL,NULL,NULL,NULL,NULL,NULL,NULL
11,กระบี่,โรงพยาบาลคลองท่อม,KLONGTHOM HOSPITAL,11342,สำนักงานปลัดกระทรวงสาธารณสุข (สป.สธ.),โรงพยาบาลชุมชน(รพช.),30,84,TRUE,NULL,NULL,NULL,NULL,NULL,NULL,NULL,NULL,NULL,NULL
11,กระบี่,โรงพยาบาลอ่าวลึก,AOLUK HOSPITAL,11343,สำนักงานปลัดกระทรวงสาธารณสุข (สป.สธ.),โรงพยาบาลชุมชน(รพช.),60,60,TRUE,NULL,45,การดูแลผู้ป่วยแบบเครือข่าย,48899,ปี 2564 (เดือนตุลาคม 2563 – เดือนกันยายน 2564)  41039/142787,142787,4299,61.1,3.11,DM/HT/Stroke/MI /sepsis/COVID-19
11,กระบี่,โรงพยาบาลปลายพระยา,PLAIPRAYA HOSPITAL,11344,สำนักงานปลัดกระทรวงสาธารณสุข (สป.สธ.),โรงพยาบาลชุมชน(รพช.),30,30,TRUE,NULL,NULL,NULL,NULL,NULL,NULL,NULL,NULL,NULL,NULL
11,กระบี่,โรงพยาบาลลำทับ,LAMTHAP HOSPITAL,11345,สำนักงานปลัดกระทรวงสาธารณสุข (สป.สธ.),โรงพยาบาลชุมชน(รพช.),30,30,TRUE,จัดทำใบประกาศนียบัตร,NULL,NULL,NULL,NULL,NULL,NULL,NULL,NULL,NULL
11,กระบี่,โรงพยาบาลเหนือคลอง,NUEKLONG HOSPITAL,11346,สำนักงานปลัดกระทรวงสาธารณสุข (สป.สธ.),โรงพยาบาลชุมชน(รพช.),30,40,TRUE,NULL,NULL,NULL,NULL,NULL,NULL,NULL,NULL,NULL,NULL
11,พังงา,โรงพยาบาลเกาะยาวชัยพัฒน์,KOHYAOCHAIPAT  HOSPITAL,11347,สำนักงานปลัดกระทรวงสาธารณสุข (สป.สธ.),โรงพยาบาลชุมชน(รพช.),30,30,TRUE,NULL,NULL,NULL,NULL,NULL,NULL,NULL,NULL,NULL,NULL
11,พังงา,โรงพยาบาลกะปงชัยพัฒน์,KAPONGCHAIPAT HOSPITAL,11348,สำนักงานปลัดกระทรวงสาธารณสุข (สป.สธ.),โรงพยาบาลชุมชน(รพช.),30,30,TRUE,NULL,NULL,NULL,NULL,NULL,NULL,NULL,NULL,NULL,NULL
11,พังงา,โรงพยาบาลตะกั่วทุ่ง,TAKUATUNG HOSPITAL,11349,สำนักงานปลัดกระทรวงสาธารณสุข (สป.สธ.),โรงพยาบาลชุมชน(รพช.),30,30,TRUE,NULL,NULL,NULL,NULL,NULL,NULL,NULL,NULL,NULL,NULL
11,พังงา,โรงพยาบาลบางไทร,BANGSAI HOSPITAL,11350,สำนักงานปลัดกระทรวงสาธารณสุข (สป.สธ.),โรงพยาบาลชุมชน(รพช.),10,0,TRUE,NULL,NULL,NULL,NULL,NULL,NULL,NULL,NULL,NULL,NULL
11,พังงา,โรงพยาบาลคุระบุรีชัยพัฒน์,KURABURICHAIPAT  HOSPITAL,11352,สำนักงานปลัดกระทรวงสาธารณสุข (สป.สธ.),โรงพยาบาลชุมชน(รพช.),30,32,TRUE,NULL,NULL,NULL,NULL,NULL,NULL,NULL,NULL,NULL,NULL
11,พังงา,โรงพยาบาลทับปุด,THAPPUT HOSPITAL,11353,สำนักงานปลัดกระทรวงสาธารณสุข (สป.สธ.),โรงพยาบาลชุมชน(รพช.),30,30,TRUE,NULL,NULL,NULL,NULL,NULL,NULL,NULL,NULL,NULL,NULL
11,พังงา,โรงพยาบาลท้ายเหมืองชัยพัฒน์,THAIMUANGCHAIPAT HOSPITAL,11354,สำนักงานปลัดกระทรวงสาธารณสุข (สป.สธ.),โรงพยาบาลชุมชน(รพช.),30,30,TRUE,NULL,NULL,NULL,NULL,NULL,NULL,NULL,NULL,NULL,NULL
11,ภูเก็ต,โรงพยาบาลป่าตอง,PATONG HOSPITAL,11355,สำนักงานปลัดกระทรวงสาธารณสุข (สป.สธ.),โรงพยาบาลชุมชน(รพช.),60,60,TRUE,NULL,NULL,NULL,NULL,NULL,NULL,NULL,NULL,NULL,NULL
11,ภูเก็ต,โรงพยาบาลถลาง,THALANG HOSPITAL,11356,สำนักงานปลัดกระทรวงสาธารณสุข (สป.สธ.),โรงพยาบาลชุมชน(รพช.),66,72,TRUE,ยืนยันการเยี่ยม,NULL,NULL,NULL,NULL,NULL,NULL,NULL,NULL,NULL
11,สุราษฎร์ธานี,โรงพยาบาลกาญจนดิษฐ์,KANCHANADIT HOSPITAL,11357,สำนักงานปลัดกระทรวงสาธารณสุข (สป.สธ.),โรงพยาบาลชุมชน(รพช.),120,148,TRUE,NULL,17,โรงพยาบาลกาญจนดิษฐ์มีความเชี่ยวชาญพิเศษขององค์กรในการดูแลผู้ป่วยเฉพาะทาง 6 สาขาประกอบด้วย<br />1. สาขาสูติกรรม มีความเชี่ยวชาญด้านการดูแลมารดาและทารกแรกเกิด<br />2. สาขาอายุรกรรม มีความเชี่ยวชาญด้านการดูแลผู้ป่วยวิกฤติทางอายุรกรรม<br />3. สาขากุมารเวชกรรม มีความเชี่ยวชาญด้านการดูแลผู้ป่วยเด็กไข้เลือดออก<br />4. สาขาศัลยกรรม มีความเชี่ยวชาญด้านการคัดกรองโรคมะเร็งลำไส้และการผ่าตัดส่องกล้อง<br />5. สาขาศัลยกรรมกระดูก มีความเชี่ยวชาญด้านการรักษาผู้ป่วยกระดูกหักและข้อเคลื่อน<br />6. สาขาทันตกรรม มีความเชี่ยวชาญด้านการดูแลผู้ป่วยทันตกรรมเฉพาะทางในสาขา      <br />ทันตกรรมรักษาคลองรากฟัน ทันตกรรมสำหรับเด็ก ทันตกรรมประดิษฐ์ และศัลยศาสตร์ช่องปาก<br />,107119,2564(ต.ค.2563-มิ.ย.2564),115016,7265,106.67,34946,"กลุ่มโรคสำคัญในพื้นที่ ประกอบด้วย<br />1.	กลุ่มโรคไม่ติดต่อ (กลุ่มโรคเรื้อรัง) ได้แก่ DM  HT  Asthma/COPD และ CKD<br />2.	กลุ่มโรคติดต่อ ได้แก่ HIV TB DHF และ AGE<br />3.	กลุ่มโรคฉุกเฉิน ได้แก่  ACS (MI)  Stroke Sepsis และ Head injury <br />4.	กลุ่มอนามัยแม่และเด็ก ได้แก่ LBW  PIH และ GDM<br /><br />"
11,สุราษฎร์ธานี,โรงพยาบาลดอนสัก,DONSAK HOSPITAL,11358,สำนักงานปลัดกระทรวงสาธารณสุข (สป.สธ.),โรงพยาบาลชุมชน(รพช.),30,37,TRUE,จัดทำใบประกาศนียบัตร,NULL,NULL,NULL,NULL,NULL,NULL,NULL,NULL,NULL
11,สุราษฎร์ธานี,โรงพยาบาลเกาะพะงัน,KOH PHANGAN HOSPITAL,11359,สำนักงานปลัดกระทรวงสาธารณสุข (สป.สธ.),โรงพยาบาลชุมชน(รพช.),30,30,TRUE,NULL,NULL,NULL,NULL,NULL,NULL,NULL,NULL,NULL,NULL
11,สุราษฎร์ธานี,โรงพยาบาลไชยา,CHAIYA HOSPITAL,11360,สำนักงานปลัดกระทรวงสาธารณสุข (สป.สธ.),โรงพยาบาลชุมชน(รพช.),60,60,TRUE,จัดทำใบประกาศนียบัตร,NULL,NULL,NULL,NULL,NULL,NULL,NULL,NULL,NULL
11,สุราษฎร์ธานี,โรงพยาบาลท่าชนะ,THACHANA HOSPITAL,11361,สำนักงานปลัดกระทรวงสาธารณสุข (สป.สธ.),โรงพยาบาลชุมชน(รพช.),30,30,TRUE,NULL,NULL,NULL,NULL,NULL,NULL,NULL,NULL,NULL,NULL
11,สุราษฎร์ธานี,โรงพยาบาลคีรีรัฐนิคม,KIRERATNIKOM  HOSPITAL,11362,สำนักงานปลัดกระทรวงสาธารณสุข (สป.สธ.),โรงพยาบาลชุมชน(รพช.),30,30,TRUE,NULL,NULL,NULL,NULL,NULL,NULL,NULL,NULL,NULL,NULL
11,สุราษฎร์ธานี,โรงพยาบาลบ้านตาขุน,BANTAKHUN HOSPITAL,11363,สำนักงานปลัดกระทรวงสาธารณสุข (สป.สธ.),โรงพยาบาลชุมชน(รพช.),10,42,TRUE,NULL,NULL,NULL,NULL,NULL,NULL,NULL,NULL,NULL,NULL
11,สุราษฎร์ธานี,โรงพยาบาลพนม,PHANOM HOSPITAL,11364,สำนักงานปลัดกระทรวงสาธารณสุข (สป.สธ.),โรงพยาบาลชุมชน(รพช.),30,40,TRUE,จัดทำใบประกาศนียบัตร,NULL,NULL,NULL,NULL,NULL,NULL,NULL,NULL,NULL
11,สุราษฎร์ธานี,โรงพยาบาลท่าฉาง,THACHANG HOSPITAL,11365,สำนักงานปลัดกระทรวงสาธารณสุข (สป.สธ.),โรงพยาบาลชุมชน(รพช.),30,34,TRUE,ยืนยันการเยี่ยม,NULL,NULL,NULL,NULL,NULL,NULL,NULL,NULL,NULL
11,สุราษฎร์ธานี,โรงพยาบาลบ้านนาสาร,BANNASAN  HOSPITAL,11366,สำนักงานปลัดกระทรวงสาธารณสุข (สป.สธ.),โรงพยาบาลชุมชน(รพช.),60,0,TRUE,NULL,NULL,NULL,NULL,NULL,NULL,NULL,NULL,NULL,NULL
11,สุราษฎร์ธานี,โรงพยาบาลบ้านนาเดิม,BANNADOEM HOSPITAL,11367,สำนักงานปลัดกระทรวงสาธารณสุข (สป.สธ.),โรงพยาบาลชุมชน(รพช.),30,30,TRUE,จัดทำใบประกาศนียบัตร,NULL,NULL,NULL,NULL,NULL,NULL,NULL,NULL,NULL
11,สุราษฎร์ธานี,โรงพยาบาลเคียนซา,KHIENSA HOSPITAL,11368,สำนักงานปลัดกระทรวงสาธารณสุข (สป.สธ.),โรงพยาบาลชุมชน(รพช.),30,49,TRUE,จัดทำใบประกาศนียบัตร,NULL,NULL,NULL,NULL,NULL,NULL,NULL,NULL,NULL
11,สุราษฎร์ธานี,โรงพยาบาลพระแสง,PHRASEANG HOSPITAL,11369,สำนักงานปลัดกระทรวงสาธารณสุข (สป.สธ.),โรงพยาบาลชุมชน(รพช.),30,30,TRUE,จัดทำใบประกาศนียบัตร,NULL,NULL,NULL,NULL,NULL,NULL,NULL,NULL,NULL
11,สุราษฎร์ธานี,โรงพยาบาลพุนพิน,PHUNPHIN HOSPITAL,11370,สำนักงานปลัดกระทรวงสาธารณสุข (สป.สธ.),โรงพยาบาลชุมชน(รพช.),60,83,TRUE,NULL,0,ทดสอบ,0,ปี 2563 ,0,0,0,0,ทดสอบ
11,สุราษฎร์ธานี,โรงพยาบาลชัยบุรี,CHAIBURI HOSPITAL,11371,สำนักงานปลัดกระทรวงสาธารณสุข (สป.สธ.),โรงพยาบาลชุมชน(รพช.),30,30,TRUE,จัดทำใบประกาศนียบัตร,0,ทดสอบ,0,ปี 2563 ,0,0,0,0,ทดสอบ
11,ระนอง,โรงพยาบาลกะเปอร์,KAPOE HOSPITAL,11372,สำนักงานปลัดกระทรวงสาธารณสุข (สป.สธ.),โรงพยาบาลชุมชน(รพช.),30,30,TRUE,จัดทำใบประกาศนียบัตร,52,การบริการส่งเสริม ป้องกัน รักษา การฟื้นฟูสภาพ และการบริการสุขภาพเชิงรุกในชุมชน,21976,ปี 2564 ( ตุลาคม 2563 - มีนาคม 2564 ),32945,625,28.4,2.4,"1) กลุ่มผู้ป่วยฉุกเฉิน ได้แก่ Stroke , STEMI , Sepsis , Trauma ,HI,   ,UGIB <br />2) กลุ่มโรคติดเชื้อ : DHF, TB , HIV. , Pneumonia , Leptospilosis ,  Palliative Care <br />3) กลุ่มโรคเรื้อรัง : DM, HT, COPD/ASTHMA , CKD<br />4) กลุ่มโรคและภัยสุขภาพ : อุบัติเหตุ , ยาเสพติด , สุขภาพจิต , Drowning<br />5) กลุ่มโรคแม่และเด็ก : PPH, การตั้งครรภ์ไม่พร้อมในวัยรุ่น  , severe PIH ,ทารกขาดออกซิเจนแรกเกิด , ทารกน้ำหนักตัวน้อย<br />6) โรคจากการทำงาน / ประกอบอาชีพ  ได้แก่ โรคระบบกล้ามเนื้อ อุบัติเหตุจากการทำงานเกี่ยวกับเกษตรกรรม เช่น เครื่องจักรรีดยางหนีบ    กระดูกมือแตกหัก ฉีกขาด น้ำกรดหยอดยางพาราถูกผิวหนัง/เข้าตา เกิดอาการระคายเคือง  ,บาดเจ็บจากเครื่องตัดยา, ตกจากที่สูง , ผึ้งต่อย , งูกัด   <br />"
11,ระนอง,โรงพยาบาลกระบุรี,KRABURI HOSPITAL,11373,สำนักงานปลัดกระทรวงสาธารณสุข (สป.สธ.),โรงพยาบาลชุมชน(รพช.),30,52,TRUE,NULL,50,ความพร้อมในการรับมืออุบัติเหตุ,41848,ปี 2564,116841,2637,124.53,4.5,"ผู้ป่วยนอก : Hypertension, DM, COPD/Asthma, URI, DLP<br />ผู้ป่วยใน : COPD/Asthma, AGE, Pneumonia, CHF, Fever unspecified"
11,ระนอง,โรงพยาบาลสุขสำราญ,SUKSAMRAN HOSPITAL,11374,สำนักงานปลัดกระทรวงสาธารณสุข (สป.สธ.),โรงพยาบาลชุมชน(รพช.),10,24,TRUE,NULL,NULL,NULL,NULL,NULL,NULL,NULL,NULL,NULL,NULL
11,ชุมพร,โรงพยาบาลปากน้ำชุมพร,PAKNAMCHUMPHON HOSPITAL,11375,สำนักงานปลัดกระทรวงสาธารณสุข (สป.สธ.),โรงพยาบาลชุมชน(รพช.),10,16,TRUE,NULL,NULL,NULL,NULL,NULL,NULL,NULL,NULL,NULL,NULL
11,ชุมพร,โรงพยาบาลท่าแซะ,THASAE HOSPITAL,11376,สำนักงานปลัดกระทรวงสาธารณสุข (สป.สธ.),โรงพยาบาลชุมชน(รพช.),60,48,TRUE,NULL,NULL,NULL,NULL,NULL,NULL,NULL,NULL,NULL,NULL
11,ชุมพร,โรงพยาบาลปะทิว,PPATHIU HOSPITAL,11377,สำนักงานปลัดกระทรวงสาธารณสุข (สป.สธ.),โรงพยาบาลชุมชน(รพช.),60,47,TRUE,NULL,NULL,NULL,NULL,NULL,NULL,NULL,NULL,NULL,NULL
11,ชุมพร,โรงพยาบาลมาบอำมฤต,MAPAMARIT HOSPITAL,11378,สำนักงานปลัดกระทรวงสาธารณสุข (สป.สธ.),โรงพยาบาลชุมชน(รพช.),10,30,TRUE,NULL,NULL,NULL,NULL,NULL,NULL,NULL,NULL,NULL,NULL
11,ชุมพร,โรงพยาบาลหลังสวน,LANGSUAN HOSPITAL,11379,สำนักงานปลัดกระทรวงสาธารณสุข (สป.สธ.),โรงพยาบาลชุมชน(รพช.),120,167,TRUE,NULL,NULL,NULL,NULL,NULL,NULL,NULL,NULL,NULL,NULL
11,ชุมพร,โรงพยาบาลปากน้ำหลังสวน,PAKNAMLANGSUAN HOSPITAL,11380,สำนักงานปลัดกระทรวงสาธารณสุข (สป.สธ.),โรงพยาบาลชุมชน(รพช.),18,18,TRUE,NULL,105,1. การดูแลผู้ป่วยโรคเรื้อรังแบบองค์รวม<br /> 2. เครือข่ายสุขภาพเข้มแข็ง,21977,2564(ตั้งแต่ เดือน ตุลาคม2563-กันยายน 2564,75023,1470,158.7,3.94,"1. กลุ่มโรคเสียงสูง ได้แก่ Acute MI, Acute Stroke<br />2. กลุ่มติดเชื้อ ได้แก่ Septic shock ,pnemonia<br />3. กลุ่มโรคและภาวะแทรกซ้อนจากอุบัติเหตุ ได้แก่ Head Injury <br />     Fracture<br />4. กลุ่มโรคเรื้อรังที่เป็นปัญหา ได้แก่ COPD/ASTHMA, DM, HT,ADHF                                                                                   5. กลุ่มแม่และเด็ก ได้แก่การตกเลือดหลังคลอด<br />6. โรคติดต่อ/ระบาดที่เป็นปัญหา ได้แก่ covid - 19 ,TB, HIV, DHF <br />     Diarhea<br />7. กลุ่มผู้ป่วยที่ต้องได้รับการดูแลอย่างต่อเนื่อง โรคไตวายเรื้อรัง <br />     Pallitive care                                                                                         <br />8. โรคที่มีข้อจำกัดในการให้บริการ / ต้องส่งต่อ: CKD, Abnormal <br />     labour, Surgical condition,โรคฉุกเฉินทางจิตเวช<br />9.กลุ่มผู้ป่วยที่ต้องได้รับการ Investigate ด้วยการทำ CT scan, Gastro <br />      Scope, Endoscope "
11,ชุมพร,โรงพยาบาลละแม,LAMAE HOSPITAL,11381,สำนักงานปลัดกระทรวงสาธารณสุข (สป.สธ.),โรงพยาบาลชุมชน(รพช.),30,0,TRUE,NULL,0,ทดสอบ,0,ปี 2563 ,0,0,0,0,ทดสอบ
11,ชุมพร,โรงพยาบาลพะโต๊ะ,PHATO HOSPITAL,11382,สำนักงานปลัดกระทรวงสาธารณสุข (สป.สธ.),โรงพยาบาลชุมชน(รพช.),30,0,TRUE,NULL,NULL,NULL,NULL,NULL,NULL,NULL,NULL,NULL,NULL
11,ชุมพร,โรงพยาบาลสวี,SAWEE HOSPITAL,11383,สำนักงานปลัดกระทรวงสาธารณสุข (สป.สธ.),โรงพยาบาลชุมชน(รพช.),60,62,TRUE,NULL,NULL,NULL,NULL,NULL,NULL,NULL,NULL,NULL,NULL
11,ชุมพร,โรงพยาบาลทุ่งตะโก,THUNGTAGO  HOSPITAL,11385,สำนักงานปลัดกระทรวงสาธารณสุข (สป.สธ.),โรงพยาบาลชุมชน(รพช.),10,30,TRUE,NULL,NULL,NULL,NULL,NULL,NULL,NULL,NULL,NULL,NULL
12,สงขลา,โรงพยาบาลสทิงพระ,SATHINGPRA  HOSPITAL,11386,สำนักงานปลัดกระทรวงสาธารณสุข (สป.สธ.),โรงพยาบาลชุมชน(รพช.),30,30,TRUE,ยืนยันการเยี่ยม,NULL,NULL,NULL,NULL,NULL,NULL,NULL,NULL,NULL
12,สงขลา,โรงพยาบาลจะนะ,CHANA HOSPITAL,11387,สำนักงานปลัดกระทรวงสาธารณสุข (สป.สธ.),โรงพยาบาลชุมชน(รพช.),60,64,TRUE,รอการจัดเยี่ยมสำรวจ,38,1.การบริหารจัดการการดูแลผู้ป่วย Covid 19<br />2.การดูแลผู้ป่วยแบบต่อเนื่องร่วมกับชุมชน( IMC LTC),106412,ปี 2564 (เดือนตุลาคม 2563 - เดือนกันยายน 2564),288006,7290,204.45,6.14,covid sepsis STEMI HT DM
12,สงขลา,โรงพยาบาลสมเด็จพระบรมราชินีนาถ ณ อำเภอนาทวี,SOMDEJPRABOROMRACHINEENART NATAWEE HOSPITAL,11388,สำนักงานปลัดกระทรวงสาธารณสุข (สป.สธ.),โรงพยาบาลชุมชน(รพช.),60,90,TRUE,รอเข้าคณะอนุกรรมการพิจารณา,NULL,NULL,NULL,NULL,NULL,NULL,NULL,NULL,NULL
12,สงขลา,โรงพยาบาลเทพา,THEPHA HOSPITAL,11390,สำนักงานปลัดกระทรวงสาธารณสุข (สป.สธ.),โรงพยาบาลชุมชน(รพช.),60,60,TRUE,อยู่ระหว่างต่ออายุ,71,เวชกรรมทั่วไป รวมการส่งเสริมสุขภาพ การป้องกันโรค และการฟื้นฟูสภาพ ดูแลผู้ป่วยโรคเรื้อรัง 4 มิติ โดยใช้ระบบสุขภาพชุมชน ,65799,ตุลาคม 2563-กันยายน 2564,1203920,66680,128.3,8.53,"โรคไม่ติดต่อเรื้อรัง:โรคเบาหวาน,โรคความดันโลหิตสูง,โรคหลอดเลือดสมอง,โรคไตเรื้อรัง"
12,สงขลา,โรงพยาบาลสะบ้าย้อย,SABAYOI HOSPITAL,11391,สำนักงานปลัดกระทรวงสาธารณสุข (สป.สธ.),โรงพยาบาลชุมชน(รพช.),30,45,TRUE,จัดทำใบประกาศนียบัตร,100, 1.  Smart refer 2. การดูแลผู้สูงอายุ (LTC),63669,2564,82908,57870,0,0,"   1.โรคฉุกเฉิน: STEMI ,Stroke, Multiple Trauma<br />   2.โรคเรื้อรัง: DM,HT,COPD,CKD<br />   3.โรคระบาด: DHF,  Malaria, Covid-19<br />   4.โรคติดเชื้อ:TB<br />   5.แม่และเด็ก: ภาวะซีดในหญิวตั้งครรภ์<br />   6.สุขภาพจิต: โรคDepress <br />"
12,สงขลา,โรงพยาบาลระโนด,RANOD HOSPITAL,11392,สำนักงานปลัดกระทรวงสาธารณสุข (สป.สธ.),โรงพยาบาลชุมชน(รพช.),60,60,TRUE,NULL,NULL,NULL,NULL,NULL,NULL,NULL,NULL,NULL,NULL
12,สงขลา,โรงพยาบาลกระแสสินธุ์,KRASAESIN HOSPITAL,11393,สำนักงานปลัดกระทรวงสาธารณสุข (สป.สธ.),โรงพยาบาลชุมชน(รพช.),30,30,TRUE,NULL,NULL,NULL,NULL,NULL,NULL,NULL,NULL,NULL,NULL
12,สงขลา,โรงพยาบาลรัตภูมิ,RATTAPHUM HOSPITAL,11394,สำนักงานปลัดกระทรวงสาธารณสุข (สป.สธ.),โรงพยาบาลชุมชน(รพช.),60,60,TRUE,NULL,NULL,NULL,NULL,NULL,NULL,NULL,NULL,NULL,NULL
12,สงขลา,โรงพยาบาลสะเดา,SADAO HOSPITAL,11395,สำนักงานปลัดกระทรวงสาธารณสุข (สป.สธ.),โรงพยาบาลชุมชน(รพช.),60,60,TRUE,NULL,NULL,NULL,NULL,NULL,NULL,NULL,NULL,NULL,NULL
12,สงขลา,โรงพยาบาลนาหม่อม,NAMOM HOSPITAL,11396,สำนักงานปลัดกระทรวงสาธารณสุข (สป.สธ.),โรงพยาบาลชุมชน(รพช.),30,30,TRUE,NULL,NULL,NULL,NULL,NULL,NULL,NULL,NULL,NULL,NULL
12,สงขลา,โรงพยาบาลควนเนียง,KHUANNIANG HOSPITAL,11397,สำนักงานปลัดกระทรวงสาธารณสุข (สป.สธ.),โรงพยาบาลชุมชน(รพช.),30,30,TRUE,NULL,NULL,NULL,NULL,NULL,NULL,NULL,NULL,NULL,NULL
12,สงขลา,โรงพยาบาลปาดังเบซาร์,PADANGBESAR HOSPITAL,11398,สำนักงานปลัดกระทรวงสาธารณสุข (สป.สธ.),โรงพยาบาลชุมชน(รพช.),30,30,TRUE,NULL,10,ดูแลรักษาผู้ป่วยโรคเอดส์,47279,ปี 2565 (เดือนตุลาคม 2564 - มีนาคม 2565),89802,4366,188.08,8,"โรคไม่ติดต่อเรื้อรัง (NCD),  covid-19"
12,สงขลา,โรงพยาบาลบางกล่ำ,BANGKLAM HOSPITAL,11399,สำนักงานปลัดกระทรวงสาธารณสุข (สป.สธ.),โรงพยาบาลชุมชน(รพช.),30,30,TRUE,ยืนยันการเยี่ยม,NULL,NULL,NULL,NULL,NULL,NULL,NULL,NULL,NULL
12,สงขลา,โรงพยาบาลสิงหนคร,SINGHANAKORN HOSPITAL,11400,สำนักงานปลัดกระทรวงสาธารณสุข (สป.สธ.),โรงพยาบาลชุมชน(รพช.),30,30,TRUE,NULL,NULL,NULL,NULL,NULL,NULL,NULL,NULL,NULL,NULL
12,สงขลา,โรงพยาบาลคลองหอยโข่ง (ยุวสมาคมแห่งประเทศไทย),KLONG HOY KONG HOSPITAL,11401,สำนักงานปลัดกระทรวงสาธารณสุข (สป.สธ.),โรงพยาบาลชุมชน(รพช.),30,30,TRUE,อยู่ระหว่างต่ออายุ,20,"บุคลากรใน รพ. และรพสต. มีศักยภาพในการดูแลผู้ป่วย HT, DM ครบวงจร ดูแลโรคเฉพาะทาง ด้านจิตเวช, wound care รวมทั้งดูแล improve nutrition ในกลุ่มโรคมะเร็งก่อนผ่าตัด ",20528,ปี 2564 ตั้งแต่เดือน1 ตุลาคม 2563 ถึง 30 กันยายน 2564,23365,2027,56.07,2.9,กลุ่มโรคเรื้อรัง  DM/ HT/Palliative/COPD/Asthma<br />กลุ่มโรคเฉียบพลัน  MI/Stroke<br />กลุ่มโรคติดต่อ   DHF/TB/Malaria<br />กลุ่มแม่และเด็ก  PPH/Birth Asphyxia<br />กลุ่มโรคสุขภาพจิต จิตเวช<br />กลุ่มโรคทางทันตกรรม ฟันผุ<br />กลุ่มโรคดูแลพิเศษ Wound  Care/Nutrition<br />กลุ่มโรคที่ต้องเฝ้าระวัง  พิษสุนัขบ้า/อุจจาระร่วง/เอดส์/Head Injery/CKD/Appendicitis/Sepsis/Pnuemonia<br />และมีเป้าหมาย 10  โรคในแผนยุทธศาสตร์ของโรงพยาบาล ปี 2564 คือ<br />COVID-19<br />DM<br />HT<br />Palliative(CA)<br />MI<br />Stroke<br />DHF<br />PPH<br />จิตเวช<br />Wound  Care  <br /><br />
12,สตูล,โรงพยาบาลควนโดน,KHUANDON HOSPITAL,11402,สำนักงานปลัดกระทรวงสาธารณสุข (สป.สธ.),โรงพยาบาลชุมชน(รพช.),30,30,TRUE,จัดทำใบประกาศนียบัตร,NULL,NULL,NULL,NULL,NULL,NULL,NULL,NULL,NULL
12,สตูล,โรงพยาบาลควนกาหลง,KHUANKALONG HOSPITAL,11403,สำนักงานปลัดกระทรวงสาธารณสุข (สป.สธ.),โรงพยาบาลชุมชน(รพช.),30,40,TRUE,(คณะอนุกรรมการ)พิจารณารับรอง,NULL,NULL,NULL,NULL,NULL,NULL,NULL,NULL,NULL
12,สตูล,โรงพยาบาลท่าแพ,THAPHAE HOSPITAL,11404,สำนักงานปลัดกระทรวงสาธารณสุข (สป.สธ.),โรงพยาบาลชุมชน(รพช.),30,32,TRUE,NULL,26,"1.	การส่งเสริม,ป้องกัน รักษาและฟื้นฟูโรคทั่วไประดับปฐมภูมิและทุติยภูมิระดับต้น<br />2.	การทำงานกับชุมชนและเครือข่าย  <br />3.	การบริหารจัดการแบบเครือข่ายในการดูแลโรคทางแม่และเด็กและโรคเรื้อรัง<br />4.	การทำงานที่สอดคล้องกับบริบทชุมชนและวิถีมุสลิม",23619,"2564 (49,436 คน)",49436,2296,32,3.92,โรคสำคัญ :HT / DM /COPD/ Multiple injury / Stroke / DHF/ TB / HIV /Sepsis /Appendicitis/ STEMI / Pneumonia / CKD / PIH / Low Birth weight/ PPH / Birth  asphyxia / Preterm Labour / Schizophrenia/Dental caries
12,สตูล,โรงพยาบาลละงู,LANGU HOSPITAL,11405,สำนักงานปลัดกระทรวงสาธารณสุข (สป.สธ.),โรงพยาบาลชุมชน(รพช.),90,60,TRUE,จัดทำใบประกาศนียบัตร,50,การสร้างความร่วมมือกับชุมชน/เครือข่าย ,68823,ปี 2564 (ตุลาคม 2563 - กันยายน 2564) ,151625,5145,49.59,3.17,1. STEMI<br />2. Stroke<br />3. Sepsis<br />4. DM<br />5. HT <br />6. CKD<br />7. Pneumonia<br />8. Asthma/COPD<br />9. TB<br />10. DHF
12,สตูล,โรงพยาบาลทุ่งหว้า,THUNGWA HOSPITAL,11406,สำนักงานปลัดกระทรวงสาธารณสุข (สป.สธ.),โรงพยาบาลชุมชน(รพช.),30,30,TRUE,NULL,NULL,NULL,NULL,NULL,NULL,NULL,NULL,NULL,NULL
12,ตรัง,โรงพยาบาลกันตัง,KANTANG HOSPITAL,11407,สำนักงานปลัดกระทรวงสาธารณสุข (สป.สธ.),โรงพยาบาลชุมชน(รพช.),60,77,TRUE,จัดทำใบประกาศนียบัตร,25,"""1) การดูแลแบบเวชศาสตร์ครอบครัวโดยมีแพทย์เฉพาะทางสาขาเวชศาสตร์ครอบครัวเป็นหัวหน้าทีม โดยมีคลินิกหมอครอบครัว 5 ทีม<br />2) มีคลินิกเฉพาะโรคที่มีประสิทธิภาพ <br />3) ทันตแพทย์เฉพาะทาง ประกาศนียบัตรชั้นสูงสาขาศัลยกรรมช่องปากและแม็กซิลโลเฟเชียล และ ปริญญาโทสาขาทันตกรรมสำหรับเด็ก<br />4) มีการให้บริการแพทย์แผนไทยและแพทย์ทางเลือก<br />5) มีการดูแลผู้ป่วยระยะท้ายแบบประคับประคองแบบบูรณาการครอบคลุม กาย จิต สังคม และจิตวิญญาณ""",70215,ปี 2563 (เดือนตุลาคม 2562 - เดือนกันยายน 2563,179884,8417,94.47,2.5,"""1) กลุ่มโรคสาขาอายุรกรรม : HT, DM, COPD, CKD, Asthma, ผู้ป่วยที่ได้รับยา warfarin, ผู้ป่วยระยะสุดท้าย<br />2) กลุ่มโรคอุบัติเหตุ ฉุกเฉิน และ ส่งต่อ : ACS, Stroke, head injury, appendicitis, fracture<br />3) กลุ่มโรคติดเชื้อและโรคระบาด : TB, HIV infection, sepsis, DHF<br />4) กลุ่มผู้ป่วยสาขาสูติกรรม  : PPH, PIH, Teenage Pregnancy, Birth asphyxia, Pretem labour<br />5) กลุ่มผู้ป่วยสาขากุมารเวชกรรม : Diarrhea0-5 ปี, DHF 0-15 ปี, Febrile convulsion, Pneumonia<br />6) กลุ่มโรคสาขาทันตกรรม : โรคฟันผุในเด็กแรกเกิด – 3 ปี<br />7) กลุ่มโรคสาขาแพทย์แผนไทย และแพทย์ทางเลือก: กลุ่มอาการปวดหลัง, หลังคลอด, ฟื้นฟู IMC<br />8) กลุ่มโรค/กลุ่มอาการเฉพาะ : จิตเวช และ ติดสารเสพติด<br />""<br />"
12,ตรัง,โรงพยาบาลย่านตาขาว,YANTAKHAO HOSPITAL,11408,สำนักงานปลัดกระทรวงสาธารณสุข (สป.สธ.),โรงพยาบาลชุมชน(รพช.),60,91,TRUE,NULL,23,1.ด้านออร์โธปิดิกส์<br />2.ด้านสูตินรีเวช <br />3.ด้านกุมารเวช<br />4.ด้านเวชศาสต์ครอบครัว <br />5.ด้านทันตกรรม/จัดฟัน ,64515,"49,633   ปีงบประมาณ 2564",123801,7468,82.55,2.42,"1.DHF 2.Febrile Convulsion 3.Diarrhea 4.Asthma 5.COPD 6.ACS,STEMI<br />7.Stroke,Cerebrovascular 8.DM 9.HT 10.Leptospirosis 11.Pneumonia<br />12.Tuberculosis 13.Sepsis 14.CHF 15.CKD,ESRD 16.กลุ่มผู้ป่วยOn Warfarin 17.Bronchitis 18.Alcoholism 19.Animal bite (Snake/Insect) <br />20.Liver cirrhosis 21.Dizziness, Vertigo 22.Dyspepsia 23.AIDS<br />24.Head Injury 25.Acute Appendicitis 26.UGIB<br />27.Multiple trauma/Bone fracture  28.Malignant neoplasm<br />29.โรคทางจิตเวช 30.PPH 31.Pregnancy induce 32.Labour  33. Covid-19<br /><br /><br /><br /><br /><br /><br /><br /><br />"
12,ตรัง,โรงพยาบาลปะเหลียน,PALIAN HOSPITAL,11409,สำนักงานปลัดกระทรวงสาธารณสุข (สป.สธ.),โรงพยาบาลชุมชน(รพช.),30,39,TRUE,ยืนยันการเยี่ยม,NULL,NULL,NULL,NULL,NULL,NULL,NULL,NULL,NULL
12,ตรัง,โรงพยาบาลสิเกา,SIKAO HOSPITAL,11410,สำนักงานปลัดกระทรวงสาธารณสุข (สป.สธ.),โรงพยาบาลชุมชน(รพช.),60,60,TRUE,NULL,NULL,NULL,NULL,NULL,NULL,NULL,NULL,NULL,NULL
12,ตรัง,โรงพยาบาลห้วยยอด,HUAIYOT HOSPITAL,11411,สำนักงานปลัดกระทรวงสาธารณสุข (สป.สธ.),โรงพยาบาลชุมชน(รพช.),90,100,TRUE,ยืนยันการเยี่ยม,27,1) การสร้างความร่วมมือการดูแลสุขภาพในชุมชน ร่วมกับเครือข่ายและองค์กรภายนอก <br />2) การพัฒนาทรัพยากรบุคคล,93287,ตุลาคม 2563 - กันยายน 2564,90694,5363,95.84,2.779,"1)กลุ่มโรคสาขาอายุรกรรม : HT, DM, COPD, CKD, ACS, Stroke, Asthma, TB, AIDS, Sepsis, ผู้ป่วยที่ได้รับยา warfarin, ผู้ป่วยระยะท้าย<br />2) กลุ่มผู้ป่วยสาขาสูติกรรม  : PPH, PIH, Teenage Pregnancy, Birth asphyxia, Pretem labour<br />3)กลุ่มผู้ป่วยสาขากุมารเวชกรรม : Diarrhea0-5 ปี, DHF 0-15 ปี, Febrile convulsion, Pneumonia<br />4) กลุ่มโรคสาขากระดูกและข้อ : ผู้ป่วยกระดูกหัก<br />5) กลุ่มโรคสาขาทันตกรรม : โรคฟันผุในเด็กแรกเกิด – 3 ปี<br />6) กลุ่มโรคสาขาแพทย์แผนไทย และแพทย์ทางเลือก: กลุ่มอาการปวดหลัง<br />7) กลุ่มโรคสาขาจิตเวช และยาเสพติด : ผู้ป่วยจิตเภทที่มีอาการกำเริบซ้ำ, ผู้ป่วยซึมเศร้า, ผู้ป่วยติดยาเสพติด <br />"
12,ตรัง,โรงพยาบาลวังวิเศษ,WANGWISET HOSPITAL,11412,สำนักงานปลัดกระทรวงสาธารณสุข (สป.สธ.),โรงพยาบาลชุมชน(รพช.),30,30,TRUE,NULL,NULL,NULL,NULL,NULL,NULL,NULL,NULL,NULL,NULL
12,ตรัง,โรงพยาบาลนาโยง,NAYONG HOSPITAL,11413,สำนักงานปลัดกระทรวงสาธารณสุข (สป.สธ.),โรงพยาบาลชุมชน(รพช.),60,60,TRUE,NULL,NULL,NULL,NULL,NULL,NULL,NULL,NULL,NULL,NULL
12,พัทลุง,โรงพยาบาลกงหรา,KONGHRA HOSPITAL,11414,สำนักงานปลัดกระทรวงสาธารณสุข (สป.สธ.),โรงพยาบาลชุมชน(รพช.),30,30,TRUE,จัดทำใบประกาศนียบัตร,NULL,NULL,NULL,NULL,NULL,NULL,NULL,NULL,NULL
12,พัทลุง,โรงพยาบาลเขาชัยสน,KHAOCHAISON HOSPITAL,11415,สำนักงานปลัดกระทรวงสาธารณสุข (สป.สธ.),โรงพยาบาลชุมชน(รพช.),30,30,TRUE,อยู่ระหว่างต่ออายุ,29,ไม่มี,355390,ปี2564 (เดือนตุลาคม2563 - เดือนกันยายน 2564),99121,3196,74.37,3,"DM, HT, Stroke, HI, ACS, COPD, Asthma, Sepsis, PPH, BA, Pneumonia, DHF, HIV, Teenage pregnancy, พิษสุนัขบ้า, อุจจาระร่วง, ซึมเศร้า, ยาเสพติด, TB, Palliative care, ฟันผุ, Muscle strain, IMC, Covid-19"
12,พัทลุง,โรงพยาบาลตะโหมด,TAMOT HOSPITAL,11416,สำนักงานปลัดกระทรวงสาธารณสุข (สป.สธ.),โรงพยาบาลชุมชน(รพช.),30,30,TRUE,NULL,NULL,NULL,NULL,NULL,NULL,NULL,NULL,NULL,NULL
12,พัทลุง,โรงพยาบาลควนขนุน,KHUANKHANUN HOSPITAL,11417,สำนักงานปลัดกระทรวงสาธารณสุข (สป.สธ.),โรงพยาบาลชุมชน(รพช.),90,90,TRUE,อยู่ระหว่างต่ออายุ,NULL,NULL,NULL,NULL,NULL,NULL,NULL,NULL,NULL
12,พัทลุง,โรงพยาบาลปากพะยูน,PAKPHAYUN HOSPITAL,11418,สำนักงานปลัดกระทรวงสาธารณสุข (สป.สธ.),โรงพยาบาลชุมชน(รพช.),30,30,TRUE,รอเข้าคณะอนุกรรมการพิจารณา,NULL,NULL,NULL,NULL,NULL,NULL,NULL,NULL,NULL
12,พัทลุง,โรงพยาบาลศรีบรรพต,SRIBUNPOT HOSPITAL,11419,สำนักงานปลัดกระทรวงสาธารณสุข (สป.สธ.),โรงพยาบาลชุมชน(รพช.),30,30,TRUE,NULL,NULL,NULL,NULL,NULL,NULL,NULL,NULL,NULL,NULL
12,พัทลุง,โรงพยาบาลป่าบอน,PABON  HOSPITAL,11420,สำนักงานปลัดกระทรวงสาธารณสุข (สป.สธ.),โรงพยาบาลชุมชน(รพช.),30,30,TRUE,NULL,NULL,NULL,NULL,NULL,NULL,NULL,NULL,NULL,NULL
12,พัทลุง,โรงพยาบาลบางแก้ว,BANGKAEW HOSPITAL,11421,สำนักงานปลัดกระทรวงสาธารณสุข (สป.สธ.),โรงพยาบาลชุมชน(รพช.),30,30,TRUE,เขียนรายงาน,NULL,NULL,NULL,NULL,NULL,NULL,NULL,NULL,NULL
12,พัทลุง,โรงพยาบาลป่าพะยอม,PAPHAYOM HOSPITAL,11422,สำนักงานปลัดกระทรวงสาธารณสุข (สป.สธ.),โรงพยาบาลชุมชน(รพช.),30,30,TRUE,(คณะอนุกรรมการ)พิจารณารับรอง,NULL,NULL,NULL,NULL,NULL,NULL,NULL,NULL,NULL
12,ปัตตานี,โรงพยาบาลโคกโพธิ์,KHOKPHO HOSPITAL,11423,สำนักงานปลัดกระทรวงสาธารณสุข (สป.สธ.),โรงพยาบาลชุมชน(รพช.),60,94,TRUE,NULL,NULL,NULL,NULL,NULL,NULL,NULL,NULL,NULL,NULL
12,ปัตตานี,โรงพยาบาลหนองจิก,NONGJIK  HOSPITAL,11424,สำนักงานปลัดกระทรวงสาธารณสุข (สป.สธ.),โรงพยาบาลชุมชน(รพช.),30,48,TRUE,จัดทำใบประกาศนียบัตร,10,"1.บริการทางการแพทย์ในระดับปฐมภูมิและระดับทุติยภูมิระดับต้นทุกกลุ่มโรค และให้บริการผู้ป่วยฉุกเฉินและวิกฤติตลอด 24 ชม.  <br />2.ทำงานเชิงรุกร่วมกับชุมชน<br />3.บริการแพทย์ทางเลือก ได้แก่ นวดแผนไทย, อบสมุนไพร <br />4.สร้างเสริมป้องกันสุขภาพของประชาชน",66445,ปี 2564 (เดือนตุลาคม 2563 - เดือนมิถุนายน 2564),3140,3781,108.53,31.5,Acute Coronary Syndrome<br />Sepsis<br />Stroke<br />PIH<br />PPH
12,ปัตตานี,โรงพยาบาลปะนาเระ,PANAREA HOSPITAL,11425,สำนักงานปลัดกระทรวงสาธารณสุข (สป.สธ.),โรงพยาบาลชุมชน(รพช.),30,30,TRUE,NULL,NULL,NULL,NULL,NULL,NULL,NULL,NULL,NULL,NULL
12,ปัตตานี,โรงพยาบาลมายอ,MAYO HOSPITAL,11426,สำนักงานปลัดกระทรวงสาธารณสุข (สป.สธ.),โรงพยาบาลชุมชน(รพช.),30,46,TRUE,NULL,30,1.บริการสุขภาพทุติยภูมิให้มีคุณภาพครอบคลุม 4 มิติ : ส่งเสริม ป้องกัน รักษา ฟื้นฟู  <br />2.การสร้างประสบการณ์การรับบริการที่ดีแก่ผู้รับบริการ<br />4.ระบบบริหารจัดการที่ดี มีประสิทธิภาพ ตามหลักธรรมาภิบาล ,54122,ปีงบประมาณ 2564,0,0,0,0,ACS STROKE TRAUMA SEPSIS PPH PIH PNEUMONIA  HT DM COVID สุขภาพจิต
12,ปัตตานี,โรงพยาบาลทุ่งยางแดง,THUNGYANGDEANG HOSPITAL,11427,สำนักงานปลัดกระทรวงสาธารณสุข (สป.สธ.),โรงพยาบาลชุมชน(รพช.),30,36,TRUE,อยู่ระหว่างต่ออายุ,57,โรงพยาบาลท่งยางแดงให้บริการการดูแลผู้ป่วยทุติยภูมิระดับต้น ครอบคุลมทั้ง 4 ด้าน ได้แก่ การรักษา การส่งเสริมสุขภาพ การควบคุมป้องกันโรค และการฟื้นฟู  มีการบริการทั้งการตั้งรับในสถานบริการในการรักษาผู้ป่วยนอก ผู้ป่วยใน และผู้ป่วยฉุกเฉิน ให้บริการสาขาต่าง ๆ ได้แก่  กลุ่มงานบริการด้านปฐมภูมิและองต์รวม ทันตกรรม และแพทย์ทางเลือก และการบริการเชิงรุกในชุมชน ได้แก่ การคัดกรองโรค การสร้างเสริมภมิคุ้มกัน การส่งเสริมและการฟื้นฟูผู้ป่วยในชุมชน  โดยการให้บริการแบบองค์รวมตามมวิถีบริบทของชุมมชน,20438,ปี 2564,40922,4273,67.8,2.7,Sepsis CKD  ACS   Stroke COPD  HT DM  COVID-19 
12,ปัตตานี,โรงพยาบาลไม้แก่น,MAIKAEN HOSPITAL,11428,สำนักงานปลัดกระทรวงสาธารณสุข (สป.สธ.),โรงพยาบาลชุมชน(รพช.),30,30,TRUE,NULL,NULL,NULL,NULL,NULL,NULL,NULL,NULL,NULL,NULL
12,ปัตตานี,โรงพยาบาลยะหริ่ง,YARING HOSPITAL,11429,สำนักงานปลัดกระทรวงสาธารณสุข (สป.สธ.),โรงพยาบาลชุมชน(รพช.),60,72,TRUE,NULL,NULL,NULL,NULL,NULL,NULL,NULL,NULL,NULL,NULL
12,ปัตตานี,โรงพยาบาลยะรัง,YARANG HOSPITAL,11430,สำนักงานปลัดกระทรวงสาธารณสุข (สป.สธ.),โรงพยาบาลชุมชน(รพช.),30,30,TRUE,NULL,NULL,NULL,NULL,NULL,NULL,NULL,NULL,NULL,NULL
12,ปัตตานี,โรงพยาบาลแม่ลาน,MAELAN HOSPITAL,11431,สำนักงานปลัดกระทรวงสาธารณสุข (สป.สธ.),โรงพยาบาลชุมชน(รพช.),30,34,TRUE,NULL,NULL,NULL,NULL,NULL,NULL,NULL,NULL,NULL,NULL
12,ยะลา,โรงพยาบาลบันนังสตา,BANNANGSATA HOSPITAL,11432,สำนักงานปลัดกระทรวงสาธารณสุข (สป.สธ.),โรงพยาบาลชุมชน(รพช.),34,66,TRUE,NULL,NULL,NULL,NULL,NULL,NULL,NULL,NULL,NULL,NULL
12,ยะลา,โรงพยาบาลธารโต,THANTO HOSPITAL,11433,สำนักงานปลัดกระทรวงสาธารณสุข (สป.สธ.),โรงพยาบาลชุมชน(รพช.),30,32,TRUE,จัดทำใบประกาศนียบัตร,NULL,NULL,NULL,NULL,NULL,NULL,NULL,NULL,NULL
12,ยะลา,โรงพยาบาลรามัน,RAMAN HOSPITAL,11434,สำนักงานปลัดกระทรวงสาธารณสุข (สป.สธ.),โรงพยาบาลชุมชน(รพช.),60,75,TRUE,NULL,NULL,NULL,NULL,NULL,NULL,NULL,NULL,NULL,NULL
12,นราธิวาส,โรงพยาบาลตากใบ,TAKBAI HOSPITAL,11435,สำนักงานปลัดกระทรวงสาธารณสุข (สป.สธ.),โรงพยาบาลชุมชน(รพช.),60,109,TRUE,เขียนรายงาน,NULL,NULL,NULL,NULL,NULL,NULL,NULL,NULL,NULL
12,นราธิวาส,โรงพยาบาลบาเจาะ,BACHO HOSPITAL,11436,สำนักงานปลัดกระทรวงสาธารณสุข (สป.สธ.),โรงพยาบาลชุมชน(รพช.),30,38,TRUE,ยืนยันการเยี่ยม,NULL,NULL,NULL,NULL,NULL,NULL,NULL,NULL,NULL
12,นราธิวาส,โรงพยาบาลระแงะ,RANGAE HOSPITAL,11437,สำนักงานปลัดกระทรวงสาธารณสุข (สป.สธ.),โรงพยาบาลชุมชน(รพช.),60,90,TRUE,NULL,NULL,NULL,NULL,NULL,NULL,NULL,NULL,NULL,NULL
12,นราธิวาส,โรงพยาบาลรือเสาะ,RUSO HOSPITAL,11438,สำนักงานปลัดกระทรวงสาธารณสุข (สป.สธ.),โรงพยาบาลชุมชน(รพช.),60,82,TRUE,NULL,NULL,NULL,NULL,NULL,NULL,NULL,NULL,NULL,NULL
12,นราธิวาส,โรงพยาบาลศรีสาคร,SRISAKHORN  HOSPITAL,11439,สำนักงานปลัดกระทรวงสาธารณสุข (สป.สธ.),โรงพยาบาลชุมชน(รพช.),30,44,TRUE,(คณะอนุกรรมการ)พิจารณารับรอง,NULL,NULL,NULL,NULL,NULL,NULL,NULL,NULL,NULL
12,นราธิวาส,โรงพยาบาลแว้ง,WANG HOSPITAL,11440,สำนักงานปลัดกระทรวงสาธารณสุข (สป.สธ.),โรงพยาบาลชุมชน(รพช.),30,36,TRUE,NULL,NULL,NULL,NULL,NULL,NULL,NULL,NULL,NULL,NULL
12,นราธิวาส,โรงพยาบาลสุคิริน,SUKHIRIN HOSPITAL,11441,สำนักงานปลัดกระทรวงสาธารณสุข (สป.สธ.),โรงพยาบาลชุมชน(รพช.),30,38,TRUE,NULL,NULL,NULL,NULL,NULL,NULL,NULL,NULL,NULL,NULL
12,นราธิวาส,โรงพยาบาลสุไหงปาดี,SUNGAIPADI HOSPITAL,11442,สำนักงานปลัดกระทรวงสาธารณสุข (สป.สธ.),โรงพยาบาลชุมชน(รพช.),30,42,TRUE,อยู่ระหว่างต่ออายุ,58,การดูแลรักษากลุ่มผู้ป่วยเบาหวานในโรงพยาบาลชุมชน,47348,"142,136 (ปี2564)",138788,3348,133.04,4.19,"แบ่งกลุ่ม 16 โรค<br />-กลุ่มโรคไม่ติดต่อเรื้อรัง = DM,HT,COPD<br />-กลุ่มโรคติดต่อ = TB,DHF<br />-กลุ่มโรคฉุกเฉิน = Head Injury, STIME,Stroke,Appendecitis<br />-กลุ่มอนามัยแม่และเด็ก = PPH,PIH,BA,Preterm<br />-กลุ่มโรคติดเชื้อ= Covid-19,Pneumonia,Sepsis"
10,อุบลราชธานี,โรงพยาบาลสมเด็จพระยุพราชเดชอุดม,Detudom crown prince hospital,11443,สำนักงานปลัดกระทรวงสาธารณสุข (สป.สธ.),โรงพยาบาลทั่วไป(รพท.),350,324,TRUE,NULL,NULL,NULL,NULL,NULL,NULL,NULL,NULL,NULL,NULL
10,ยโสธร,โรงพยาบาลสมเด็จพระยุพราชเลิงนกทา,LOENGNOKTHA  CROWN  PRINCE  HOSPITAL,11444,สำนักงานปลัดกระทรวงสาธารณสุข (สป.สธ.),โรงพยาบาลชุมชน(รพช.),120,120,TRUE,รอการจัดเยี่ยมสำรวจ,NULL,NULL,NULL,NULL,NULL,NULL,NULL,NULL,NULL
7,ขอนแก่น,โรงพยาบาลสมเด็จพระยุพราชกระนวน,KRANUAN CROWN PRINCE HOSPITAL,11445,สำนักงานปลัดกระทรวงสาธารณสุข (สป.สธ.),โรงพยาบาลชุมชน(รพช.),90,110,TRUE,รอการจัดเยี่ยมสำรวจ,NULL,NULL,NULL,NULL,NULL,NULL,NULL,NULL,NULL
8,อุดรธานี,โรงพยาบาลสมเด็จพระยุพราชบ้านดุง,BANDUNG CROWN PRINCE HOSPITAL,11446,สำนักงานปลัดกระทรวงสาธารณสุข (สป.สธ.),โรงพยาบาลชุมชน(รพช.),120,139,TRUE,NULL,84,"1. ด้านศัลยกรรม การผ่าตัดนิ่วในถุงน้ำดี ด้วยการส่องกล้อง (LC) , การส่องกล้องทางเดินอาหาร<br />2. ด้านศัลยกรรมกระดูก การผ่าตัดเปลี่ยนข้อเทียม , การผ่าตัดยึดติดกระดูกสันหลัง<br />3. ด้านกุมารเวชกรรม การดูแลเด็กทารกแรกเกิดวิกฤต<br />4. ด้านการดูแลโรคไม่ติดต่อเรื้อรัง NCD<br />5. ด้านสิ่งแวดล้อม GREEN & CLEAN Hospital",127224,ปี 2563 (ตุลาคม 2562 ถึง 30 กันยายน 2563),248994,7880,81.44,4.53,"1) กลุ่มโรคที่เป็นสาเหตุการตายและความเสี่ยงสูง Sepsis, Pnumonia <br />2) กลุ่มผู้ป่วยฉุกเฉิน Stroke , STEMI , Sepsis , Trama , Severe PIH<br />3) กลุ่มโรคเรื้อรัง ได้แก่ CKD, DM, HT, COPD<br />4) โรคที่เป็นปัญหาในพื้นที่ได้แก่ TB, ไข้เลือดออก , teen age pregnancy ,อุบัติเหตุ , ยาเสพติด"
8,เลย,โรงพยาบาลสมเด็จพระยุพราชด่านซ้าย,DANSAI CROWN PRINCE HOSPITAL,11447,สำนักงานปลัดกระทรวงสาธารณสุข (สป.สธ.),โรงพยาบาลชุมชน(รพช.),60,60,TRUE,จัดทำใบประกาศนียบัตร,82,การจัดบริการด้วยหัวใจความเป็นมนุษย์ สอดคล้องกับวิถีชีวิต และสภาวะสุขภาพชุมชน,51380,2563 (ตุลาคม 2562-มิถุนายน 2563),99086,3884,70.37,3,ผู้ป่วยโรคเรื้อรัง ได้แก่ เบาหวาน ความดันโลหิตสูง โรคหัวใจและหลอดเลือด ภาวะไตเสื่อมเรื้อรัง
8,หนองคาย,โรงพยาบาลสมเด็จพระยุพราชท่าบ่อ,THABO CROWN PRINCE HOSPITAL,11448,สำนักงานปลัดกระทรวงสาธารณสุข (สป.สธ.),โรงพยาบาลชุมชน(รพช.),250,281,TRUE,อยู่ระหว่างต่ออายุ,30,ศูนย์ความเป็นเลิศด้านการส่องกล้องและการผ่าตัดผ่านกล้องวิดีทัศน์  มีทีมลูกค้าสัมพันธ์และสื่อสารองค์กร ที่มีประสบการณ์สูง<br />มีระบบพัฒนาบุคลากรที่เข้มแข็ง มีความสามารถในการเชื่อมโยงกับชุมชนและเครือข่าย,0,ปี 2564 (1 ต.ค.36-30 ก.ย.64),190798,16239,0,0,"DM , HT , CKD , Stone , Spine, Stroke ,STEMI , Covid-19"
7,กาฬสินธุ์,โรงพยาบาลสมเด็จพระยุพราชกุฉินารายณ์,KUCHINARAI CROWN PRINCE HOSPITAL,11449,สำนักงานปลัดกระทรวงสาธารณสุข (สป.สธ.),โรงพยาบาลชุมชน(รพช.),120,98,TRUE,NULL,NULL,NULL,NULL,NULL,NULL,NULL,NULL,NULL,NULL
8,สกลนคร,โรงพยาบาลสมเด็จพระยุพราชสว่างแดนดิน,SAWANGDAENDIN CROWN PRINCE HOSPITAL,11450,สำนักงานปลัดกระทรวงสาธารณสุข (สป.สธ.),โรงพยาบาลทั่วไป(รพท.),102,240,TRUE,NULL,NULL,NULL,NULL,NULL,NULL,NULL,NULL,NULL,NULL
8,นครพนม,โรงพยาบาลสมเด็จพระยุพราชธาตุพนม,THATPHANOM CROWN PRINCE HOSPITAL,11451,สำนักงานปลัดกระทรวงสาธารณสุข (สป.สธ.),โรงพยาบาลชุมชน(รพช.),120,120,TRUE,อยู่ระหว่างต่ออายุ,55,"""1.มีแพทย์เชี่ยวชาญเฉพาะด้านในสาขา อายุรกรรม  ศัลยกรรมทั่วไป ศัลยกรรมกระดูกและข้อ สูติกรรม กุมารเวชกรรม และแพทย์เวชศาสตร์ครอบครัว ทันตแพทย์สาขาศัลยศาสตร์ช่องปากและแม็กซิลโลเฟเชียล<br />2.การสร้างสัมพันธภาพที่ดีกับชุมชน จนได้รับความร่วมมือจากชุมชน และมีเครือข่ายหน่วยบริการสุขภาพที่เข้มแข็ง<br />3.กำลังคนมีความผูกพันต่อโรงพยาบาล และภูมิใจต่อความเป็นโรงพยาบาลสมเด็จพระยุพราช<br />""<br />",82050,ปี2565 (1ตุลาคม2564-27เมษายน2565),150670,6326,103.46,4.13,"""1.กลุ่มโรคติดเชื้อโควิด-19 <br />2.กลุ่มโรคฉุกเฉิน คือ Sepsis Neonatal sepsis Stroke STEMI PPH<br />3.กลุ่มโรคเรื้อรัง คือ DM HT CKD Post stroke COPD Asthma<br />4.กลุ่มภัยคุกคามสุขภาพ คือ อุบัติเหตุจราจรทางบก การใช้สารเคมีในภาคการเกษตร ยาเสพติด จิตเวชชุมชน<br />5.กลุ่มผู้ด้อยโอกาสหรือที่มีภาวะพึ่งพิง คือ กลุ่มผู้ป่วยติดเตียง กลุ่มผู้ป่วยระยะสุดท้าย""<br />"
1,แพร่,โรงพยาบาลสมเด็จพระยุพราชเด่นชัย,DENCHAI CROWN PRINCE HOSPITAL,11452,สำนักงานปลัดกระทรวงสาธารณสุข (สป.สธ.),โรงพยาบาลชุมชน(รพช.),30,38,TRUE,NULL,NULL,NULL,NULL,NULL,NULL,NULL,NULL,NULL,NULL
1,น่าน,โรงพยาบาลสมเด็จพระยุพราชปัว,PUA CROWN PRINCE HOSPITAL,11453,สำนักงานปลัดกระทรวงสาธารณสุข (สป.สธ.),โรงพยาบาลชุมชน(รพช.),120,125,TRUE,NULL,NULL,NULL,NULL,NULL,NULL,NULL,NULL,NULL,NULL
1,เชียงราย,โรงพยาบาลสมเด็จพระยุพราชเชียงของ,CHIANG KHONG CROWN PRINCE HOSPITAL,11454,สำนักงานปลัดกระทรวงสาธารณสุข (สป.สธ.),โรงพยาบาลชุมชน(รพช.),90,68,TRUE,NULL,NULL,NULL,NULL,NULL,NULL,NULL,NULL,NULL,NULL
2,พิษณุโลก,โรงพยาบาลสมเด็จพระยุพราชนครไทย,NAKORNTHAI CROWN PRINCE HOSPITAL,11455,สำนักงานปลัดกระทรวงสาธารณสุข (สป.สธ.),โรงพยาบาลชุมชน(รพช.),90,72,TRUE,NULL,NULL,NULL,NULL,NULL,NULL,NULL,NULL,NULL,NULL
3,พิจิตร,โรงพยาบาลสมเด็จพระยุพราชตะพานหิน,TAPHANHIN CROWN PRINCE HOSPITAL,11456,สำนักงานปลัดกระทรวงสาธารณสุข (สป.สธ.),โรงพยาบาลชุมชน(รพช.),90,90,TRUE,รอการจัดเยี่ยมสำรวจ,30,เป็น รพ.ชุมชนที่มีแพทย์เฉพาะทาง สาขาหลัก มีการแพทย์ทางเลือก มีความสามารถในการแสวงหาความร่วมมือของชุมชน ,67875,ปี2564(1 ต.ค. 63-30 ก.ย.65),139253,8275,105.39,4.1,ทางอายุรกรรม เบาหวาน ความดันโลหิตสูง โรคหลอดเลือดหัวใจและสมอง ถุงลมโป่งพอง<br />ทางสูติกรรม มารดาตกเลือดหลัวคลอด และ ครรภ์เป็นพิษ<br />กุมารเวชกรรม ทารกแรกคลอดขาดออกซิเจน การติดเชื้อในทารกแรกคลอด ทารกแรกคลอดน้ำหนักน้อย<br />ศัลยกรรม ผู้ป่วย Trauma และ เลือดออกในทางเดินอาหารส่วนบน<br />ศัลยกรรมกระดูกและข้อ กระดูกสะโพกหัก ข้อเข่าเสื่อม และ open fracture<br />โรคติดต่อสำคัญ Covid_19 วัณโรค และ ไข้เลือดออก
2,เพชรบูรณ์,โรงพยาบาลสมเด็จพระยุพราชหล่มเก่า,LOMKAO CROWN PRINCE HOSPITAL,11457,สำนักงานปลัดกระทรวงสาธารณสุข (สป.สธ.),โรงพยาบาลชุมชน(รพช.),60,121,TRUE,NULL,NULL,NULL,NULL,NULL,NULL,NULL,NULL,NULL,NULL
5,ราชบุรี,โรงพยาบาลสมเด็จพระยุพราชจอมบึง,CHOMBUENG CROWN PRINCE HOSPITAL,11458,สำนักงานปลัดกระทรวงสาธารณสุข (สป.สธ.),โรงพยาบาลชุมชน(รพช.),60,60,TRUE,NULL,NULL,NULL,NULL,NULL,NULL,NULL,NULL,NULL,NULL
11,สุราษฎร์ธานี,โรงพยาบาลสมเด็จพระยุพราชเวียงสระ,WEINGSRA CROWN PRINCE HOSPITAL,11459,สำนักงานปลัดกระทรวงสาธารณสุข (สป.สธ.),โรงพยาบาลชุมชน(รพช.),60,110,TRUE,NULL,NULL,NULL,NULL,NULL,NULL,NULL,NULL,NULL,NULL
12,ปัตตานี,โรงพยาบาลสมเด็จพระยุพราชสายบุรี,SAIBURI CROWN PRINCE HOSPITAL,11460,สำนักงานปลัดกระทรวงสาธารณสุข (สป.สธ.),โรงพยาบาลชุมชน(รพช.),60,90,TRUE,ยืนยันการเยี่ยม,NULL,NULL,NULL,NULL,NULL,NULL,NULL,NULL,NULL
12,ยะลา,โรงพยาบาลสมเด็จพระยุพราชยะหา,YAHA CROWN PRINCE HOSPITAL,11461,สำนักงานปลัดกระทรวงสาธารณสุข (สป.สธ.),โรงพยาบาลชุมชน(รพช.),47,72,TRUE,NULL,NULL,NULL,NULL,NULL,NULL,NULL,NULL,NULL,NULL
12,ปัตตานี,โรงพยาบาลกะพ้อ,KAPHO HOSPITAL,11464,สำนักงานปลัดกระทรวงสาธารณสุข (สป.สธ.),โรงพยาบาลชุมชน(รพช.),30,40,TRUE,(คณะอนุกรรมการ)พิจารณารับรอง,NULL,NULL,NULL,NULL,NULL,NULL,NULL,NULL,NULL
13,กรุงเทพมหานคร,สถานพยาบาลทัณฑสถานหญิงกลาง,NULL,11466,กระทรวงยุติธรรม,กระทรวงยุติธรรม,36,0,TRUE,NULL,NULL,NULL,NULL,NULL,NULL,NULL,NULL,NULL,NULL
13,กรุงเทพมหานคร,สถานพยาบาลเรือนจำพิเศษกรุงเทพมหานคร,NULL,11467,กระทรวงยุติธรรม,กระทรวงยุติธรรม,50,0,TRUE,NULL,NULL,NULL,NULL,NULL,NULL,NULL,NULL,NULL,NULL
13,กรุงเทพมหานคร,ทัณฑสถานโรงพยาบาลราชทัณฑ์,NULL,11468,กระทรวงยุติธรรม,กระทรวงยุติธรรม,320,0,TRUE,NULL,NULL,NULL,NULL,NULL,NULL,NULL,NULL,NULL,NULL
13,กรุงเทพมหานคร,โรงพยาบาลเลิดสิน,LERDSIN HOSPITAL,11469,รัฐในสังกัดกระทรวงสาธารณสุข (สธ.),กรมการแพทย์,737,615,TRUE,NULL,NULL,NULL,NULL,NULL,NULL,NULL,NULL,NULL,NULL
13,กรุงเทพมหานคร,โรงพยาบาลนพรัตนราชธานี,NOPPARAT RAJATHANEE HOSPITAL,11470,รัฐในสังกัดกระทรวงสาธารณสุข (สธ.),กรมการแพทย์,561,610,TRUE,NULL,26,ด้านอาชีวเวชศาสตร์และเวชศาสตร์สิ่งแวดล้อม,1366597,703355,677643,25712,70,5.51,1.Stroke<br />2.ACS<br />3.Sepsis<br />4.Covid-19<br />5.PPH<br />6.Preterm
13,กรุงเทพมหานคร,โรงพยาบาลสงฆ์,PRIEST HOSPITAL,11471,รัฐในสังกัดกระทรวงสาธารณสุข (สธ.),กรมการแพทย์,215,215,TRUE,รอการจัดเยี่ยมสำรวจ,0,เป็นโรงพยาบาลแห่งเดียวในประเทศไทยและในโลกที่รัฐฯได้จัดสร้างขึ้นเพื่อให้บริการด้านการรักษาพยาบาลแก่พระภิกษุ-สามเณรอาพาธทั่วประเทศ ,0,ตุลาคม-กุมภาพันธ์,36996,1610,9,9, 1.โรคเมตาบอลิซึมและไขมันในเลือดผิดปกติ<br /> 2.โรคความดันโลหิตสูง<br /> 3.โรคเบาหวาน <br />4.โรคไตวายและไตล้มเหลว <br /> 5.โรคข้อเข่าเสื่อม
13,กรุงเทพมหานคร,โรงพยาบาลราชวิถี,RAJAVITHI HOSPITAL,11472,รัฐในสังกัดกระทรวงสาธารณสุข (สธ.),กรมการแพทย์,1200,1025,TRUE,จัดการทีมเยี่ยมสำรวจ,1,ให้บริการผู้ป่วยทั้งหญิง และชายตั้งแต่อายุ 12 ปีบริบูรณ์ขึ้นไป และสมณเพศ ,401604,"ปี 2563 = 1,117,067",10760430,410240,80,5,ทุกสาขาวิชาทางการแพทย์ รวมทั้งผู้ป่วยเด็กในบางสาขาโรค เช่น ศัลยศาสตร์หัวใจ โสต ศอ นาสิก จักษุ และออร์โธปิดิกส์
5,นครปฐม,โรงพยาบาลเมตตาประชารักษ์ (วัดไร่ขิง),METTAPHACHARAK (WAT RAIKHING) HOSPITAL,11473,รัฐในสังกัดกระทรวงสาธารณสุข (สธ.),กรมการแพทย์,158,0,TRUE,NULL,NULL,NULL,NULL,NULL,NULL,NULL,NULL,NULL,NULL
5,เพชรบุรี,โรงพยาบาลค่ายรามราชนิเวศน์,FORT RAMRATCHANIWET HOSPITAL,11475,กระทรวงกลาโหม,กรมแพทย์ทหารบก,10,10,TRUE,NULL,NULL,NULL,NULL,NULL,NULL,NULL,NULL,NULL,NULL
4,นครนายก,กองพยาบาลโรงเรียนเตรียมทหาร,NULL,11476,กระทรวงกลาโหม,กรมแพทย์ทหารบก,34,0,TRUE,NULL,NULL,NULL,NULL,NULL,NULL,NULL,NULL,NULL,NULL
13,กรุงเทพมหานคร,โรงพยาบาลทหารผ่านศึก,VETERANS GENERAL HOSPITAL,11477,กระทรวงกลาโหม,กรมแพทย์ทหารบก,500,292,TRUE,NULL,NULL,NULL,NULL,NULL,NULL,NULL,NULL,NULL,NULL
13,กรุงเทพมหานคร,โรงพยาบาลสมเด็จพระปิ่นเกล้า,Somdech Phra Pinklao Hospital,11478,กระทรวงกลาโหม,กรมแพทย์ทหารเรือ,750,382,TRUE,เขียนรายงาน,NULL,NULL,NULL,NULL,NULL,NULL,NULL,NULL,NULL
13,กรุงเทพมหานคร,โรงพยาบาลทหารเรือกรุงเทพ,NULL,11479,กระทรวงกลาโหม,กรมแพทย์ทหารเรือ,230,0,TRUE,NULL,NULL,NULL,NULL,NULL,NULL,NULL,NULL,NULL,NULL
13,กรุงเทพมหานคร,โรงพยาบาลพระมงกุฎเกล้า,PHRAMONGKUTKLAO HOSPITAL,11481,กระทรวงกลาโหม,กรมแพทย์ทหารบก,1236,1045,TRUE,NULL,NULL,NULL,NULL,NULL,NULL,NULL,NULL,NULL,NULL
13,กรุงเทพมหานคร,โรงพยาบาลภูมิพลอดุลยเดช กรมแพทย์ทหารอากาศ,"BHUMIBOL ADULYADEJ HOSPITAL DIRECTORATE OF MEDICAL SERVICES,ROYAL THAI AIR FORCE",11482,กระทรวงกลาโหม,กรมแพทย์ทหารอากาศ,800,800,TRUE,NULL,NULL,NULL,NULL,NULL,NULL,NULL,NULL,NULL,NULL
6,สมุทรปราการ,โรงพยาบาลโรงเรียนนายเรือ,NULL,11483,กระทรวงกลาโหม,กรมแพทย์ทหารเรือ,30,0,TRUE,NULL,NULL,NULL,NULL,NULL,NULL,NULL,NULL,NULL,NULL
4,ลพบุรี,โรงพยาบาลอานันทมหิดล,ANANDAMAHIDOL HOSPITAL,11484,กระทรวงกลาโหม,กรมแพทย์ทหารบก,400,274,TRUE,ยืนยันการเยี่ยม,7,"การแพทย์ทหาร, การดูแลผู้ป่วยโรคหัวใจแบบครบวงจร ",120455,ปี 2564 (ต.ค.63-ก.ย.64),408842,8033,61,7,"กลุ่มโรคหัวใจ, ไตวายเรื้อรัง, Heat stroke, การบำบัดรักษายาเสพติด"
4,สระบุรี,โรงพยาบาลค่ายอดิศร,FORT ADISON HOSPITAL,11485,กระทรวงกลาโหม,กรมแพทย์ทหารบก,60,24,TRUE,เขียนรายงาน,NULL,NULL,NULL,NULL,NULL,NULL,NULL,NULL,NULL
6,ชลบุรี,โรงพยาบาลค่ายนวมินทราชินี,FORT NAWAMINTHARACHINI HOSPITAL,11486,กระทรวงกลาโหม,กรมแพทย์ทหารบก,30,30,TRUE,NULL,NULL,NULL,NULL,NULL,NULL,NULL,NULL,NULL,NULL
6,ชลบุรี,โรงพยาบาลอาภากรเกียรติวงศ์,ABHAKORNKIATIWONG HOSPITAL,11487,กระทรวงกลาโหม,กรมแพทย์ทหารเรือ,47,0,TRUE,จัดทำใบประกาศนียบัตร,NULL,NULL,NULL,NULL,NULL,NULL,NULL,NULL,NULL
6,ปราจีนบุรี,โรงพยาบาลค่ายจักรพงษ์,FORT CHAKKRAPONG HOSPITAL,11490,กระทรวงกลาโหม,กรมแพทย์ทหารบก,150,47,TRUE,NULL,NULL,NULL,NULL,NULL,NULL,NULL,NULL,NULL,NULL
4,นครนายก,โรงพยาบาลโรงเรียนนายร้อยพระจุลจอมเกล้า,CHULACHOMKLAO ROYAL MILITARY ACADEMY HOSPITAL,11491,กระทรวงกลาโหม,กรมแพทย์ทหารบก,90,36,TRUE,จัดทำใบประกาศนียบัตร,NULL,NULL,NULL,NULL,NULL,NULL,NULL,NULL,NULL
9,นครราชสีมา,โรงพยาบาลค่ายสุรนารี,FORT SURANARI  HOSPITAL,11492,กระทรวงกลาโหม,กรมแพทย์ทหารบก,400,288,TRUE,NULL,NULL,NULL,NULL,NULL,NULL,NULL,NULL,NULL,NULL
9,บุรีรัมย์,โรงพยาบาลค่ายสมเด็จเจ้าพระยามหากษัตริย์ศึก,FORT SOMDETCHAOPHRAYAMAHAKASATSUEK HOSPITAL,11493,กระทรวงกลาโหม,กรมแพทย์ทหารบก,30,10,TRUE,NULL,9,Military Medicine เวชศาสตร์ทางทหาร การดูแลผู้ป่วยโรคลมร้อน (Heat Stroke) และ การบริการที่ดี (Service mind),27671,"38,076",38076,5,30,0.013,"ผู้ป่วยนอก : ภาวะแทรกซ้อนจากเบาหวานและความดันโลหิตสูง, ESRD,Covid-19<br />ผู้ป่วยใน : กลุ่มผู้ป่วยติดเชื้อในกระแสเลือด, ESRD, DM, Heat stroke , Covid-19<br />ผู้ป่วยฉุกเฉิน : ผู้ป่วยกลุ่ม Fast track โรคหลอดเลือดหัวใจและหลอดเลือดสมอง, Heat stroke<br />"
9,สุรินทร์,โรงพยาบาลค่ายวีรวัฒน์โยธิน,FORT WIRAWATYOTHIN HOSPITAL,11494,กระทรวงกลาโหม,กรมแพทย์ทหารบก,90,36,TRUE,NULL,NULL,NULL,NULL,NULL,NULL,NULL,NULL,NULL,NULL
10,อุบลราชธานี,โรงพยาบาลกองบิน กองบิน 21,WING 21 HOSPITAL,11495,กระทรวงกลาโหม,กรมแพทย์ทหารอากาศ,10,10,TRUE,จัดการทีมเยี่ยมสำรวจ,NULL,NULL,NULL,NULL,NULL,NULL,NULL,NULL,NULL
10,อุบลราชธานี,โรงพยาบาลค่ายสรรพสิทธิประสงค์,FORT SUNPASITTHIPRASONG HOSPITAL,11496,กระทรวงกลาโหม,กรมแพทย์ทหารบก,180,114,TRUE,รอการจัดเยี่ยมสำรวจ,3,Military Medicine,23080,ปี2564 (ตุลาคม 2563-กันยายน64),121331,7454,69.42,3.45,"Acute myocardial infarction , Ischemic stroke , Sepsis , Heat stroke , Covid-19 infection"
7,ขอนแก่น,โรงพยาบาลค่ายศรีพัชรินทร,FORT SRIPHATCHARIN HOSPITAL,11497,กระทรวงกลาโหม,กรมแพทย์ทหารบก,30,24,TRUE,NULL,NULL,NULL,NULL,NULL,NULL,NULL,NULL,NULL,NULL
8,อุดรธานี,โรงพยาบาลกองบิน 23,WING 23 HOSPITAL,11499,กระทรวงกลาโหม,กรมแพทย์ทหารอากาศ,30,8,TRUE,NULL,NULL,NULL,NULL,NULL,NULL,NULL,NULL,NULL,NULL
5,ประจวบคีรีขันธ์,โรงพยาบาลกองบิน กองบิน 5,WING 5 HOSPITAL,11500,กระทรวงกลาโหม,กรมแพทย์ทหารอากาศ,30,10,TRUE,NULL,NULL,NULL,NULL,NULL,NULL,NULL,NULL,NULL,NULL
8,อุดรธานี,โรงพยาบาลค่ายประจักษ์ศิลปาคม,FORT PRAJAKSILLAPAKOM HOSPITAL,11501,กระทรวงกลาโหม,กรมแพทย์ทหารบก,200,150,TRUE,NULL,NULL,NULL,NULL,NULL,NULL,NULL,NULL,NULL,NULL
8,เลย,โรงพยาบาลค่ายศรีสองรัก,FORT SRISONGRAK HOSPITAL,11502,กระทรวงกลาโหม,กรมแพทย์ทหารบก,30,10,TRUE,NULL,NULL,NULL,NULL,NULL,NULL,NULL,NULL,NULL,NULL
7,ร้อยเอ็ด,โรงพยาบาลค่ายสมเด็จพระพุทธยอดฟ้าจุฬาโลกมหาราช,FORT SOMDET PHRAPHUTTHAYOTFACHULALOK MAHARAT HOSPITAL,11504,กระทรวงกลาโหม,กรมแพทย์ทหารบก,60,30,TRUE,เขียนรายงาน,20,1. ความสามารถในการสร้างเครือข่ายสุขภาพ<br />2. เวชศาสตร์ทางทหาร<br />,19380,"52,125",13616,387,4.53,1.28,1.COVID-19<br />2.Heat stroke <br />3.Stroke<br />4.ACS<br />5.Sepsis<br />6.Heat injury<br />7.Asthma<br />8.HT<br />9.DM<br />10.ESRD
8,สกลนคร,โรงพยาบาลค่ายกฤษณ์สีวะรา,FORT KRIT SIWARA HOSPITAL,11505,กระทรวงกลาโหม,กรมแพทย์ทหารบก,60,30,TRUE,จัดทำใบประกาศนียบัตร,5,ความเป็นทหาร (ภาพลักษณ์ ความมีวินัย  เป็นธรรม  น่าเชื่อถือศรัทธา)<br />เวชศาสตร์ทหาร (Military Medicine : MM ) (1.การป้องกันโรคที่เกิดจากการฝึก(โดยเฉพาะโรคลมร้อน) 2.การเตรียมความพร้อมกำลังพลที่ปฏิบัติราชการสนาม 3.เวชกรรมป้องกัน)<br />,0,ปี 2563 ,102699,482,15.27,3.24,DM/HT/ACS/CKD/Heat stroke/Sepsis เวชศาสตร์ทหาร<br />
8,นครพนม,โรงพยาบาลค่ายพระยอดเมืองขวาง,FORT PHRAYOTMUEANGKHWANG HOSPITAL,11506,กระทรวงกลาโหม,กรมแพทย์ทหารบก,30,10,TRUE,รอการจัดเยี่ยมสำรวจ,0,NULL,0,NULL,0,0,0,0,NULL
1,เชียงใหม่,โรงพยาบาลกองบิน 41,WING 41 HOSPITAL,11507,กระทรวงกลาโหม,กรมแพทย์ทหารอากาศ,7,7,TRUE,NULL,NULL,NULL,NULL,NULL,NULL,NULL,NULL,NULL,NULL
1,เชียงใหม่,โรงพยาบาลค่ายกาวิละ,FORT KAWILA HOSPITAL,11508,กระทรวงกลาโหม,กรมแพทย์ทหารบก,60,60,TRUE,NULL,NULL,NULL,NULL,NULL,NULL,NULL,NULL,NULL,NULL
2,อุตรดิตถ์,โรงพยาบาลค่ายพิชัยดาบหัก,FORT PICHAIDAPHAK HOSPITAL,11509,กระทรวงกลาโหม,กรมแพทย์ทหารบก,60,36,TRUE,NULL,10,การทำงานเป็นทีมที่ซับซ้อน รวดเร็ว มีประสิทธิภาพ เป็นหนึ่งเดียว ,149987,ปี 2561  = 98772  ปี 2562 = 99305  ปี 2563 = 97672  ปี 2564 (ม.ค.-พ.ค.) = 37464,0,0,0,0,"• โรคบาดเจ็บจากความร้อน เป็นกลุ่มโรคเฉพาะที่เกิดกับทหารโดยเฉพาะทหารใหม่ ที่ไม่คุ้นเคยกับอากาศร้อน และการฝึก <br />• กลุ่มโรคระบาด  ได้แก่ โรคไข้หวัด, ไข้หวัดใหญ่, อุจจาระร่วง , ตาแดง ,Hepatitis A  , DF , DHF เนื่องจากทหารอยู่รวมกันเป็นกลุ่มก้อน กิน นอน ร่วมกัน ทำให้การแพร่กระจายเชื้อเป็นไปอย่างรวดเร็ว เมื่อเกิดการระบาดขึ้น <br />• โรคเบาหวาน(DM)   ชนิดที่ 2  <br />• ภาวะ Septic shock <br />• โรคกล้ามเนื้อหัวใจขาดเลือดเฉียบพลัน(STEMI)    <br />• โรคความดันโลหิตสูง(HT)  <br />• โรคไขมันในเลือดสูง  <br />• วัณโรค <br />• โรคหลอดเลือดสมอง<br />• โรคระบบทางเดินอาหารและตับ"
1,น่าน,โรงพยาบาลค่ายสุริยพงษ์,FORT SURIYAPHONG HOSPITAL,11510,กระทรวงกลาโหม,กรมแพทย์ทหารบก,30,20,TRUE,รอการจัดเยี่ยมสำรวจ,1,การบริการแพทย์ในที่ตั้ง ในสนาม และตอบสนองการช่วยเหลือต่อภัยภิบัติ,933,"ปีงบ 2564 ( 1 ต.ค.63 - 30 ก.ย.64) = 56,871  ครั้ง",19245,181,2.21,1.33,1.End stage renal failure<br />2.Hypertension<br />3.Diabetes mellitus<br />4.Acute coronary syndrome<br />5.Stroke<br />6.Heat stroke<br />7.Dengue Fever
1,ลำปาง,โรงพยาบาลค่ายสุรศักดิ์มนตรี,FORT SURASAKMONTRI HOSPITAL,11512,กระทรวงกลาโหม,กรมแพทย์ทหารบก,150,80,TRUE,NULL,0,ความเชี่ยวชาญพิเศษ,0,0,0,0,0,0,โรคสำคัญ
3,นครสวรรค์,โรงพยาบาลค่ายจิรประวัติ,FORT CHIRAPRAWAT HOSPITAL,11513,กระทรวงกลาโหม,กรมแพทย์ทหารบก,150,59,TRUE,NULL,3,1.มีความพร้อมในการเป็นหน่วยสนับสนุนทางการแพทย์เพื่อความปลอดภัยของทหาร<br />2.มีความพร้อมในการรองรับภัยพิบัติภาวะฉุกเฉิน,17173,ปี2564 (1 ต.ค.63 - 30 ก.ย.64),168223,1188,34.76,7.89,"กลุ่มผู้ป่วยโรคฉุกเฉิน ได้แก่ ผู้ป่วย Acute MI, Acute stroke, Heat injury , Sepsis<br />• กลุ่มผู้ป่วยโรคติดเชื้อ ได้แก่ วัณโรค และเอดส์<br />• กลุ่มผู้ป่วยโรคเรื้อรัง ได้แก่ DM , HT, CKD<br />"
3,นครสวรรค์,โรงพยาบาลกองบิน กองบิน 4,WING 4 HOSPITAL,11514,กระทรวงกลาโหม,กรมแพทย์ทหารอากาศ,30,30,TRUE,จัดทำใบประกาศนียบัตร,NULL,NULL,NULL,NULL,NULL,NULL,NULL,NULL,NULL
2,ตาก,โรงพยาบาลค่ายวชิรปราการ,FORT WACHIRAPRAKAN HOSPITAL,11516,กระทรวงกลาโหม,กรมแพทย์ทหารบก,60,30,TRUE,NULL,0,"""เวชศาสตร์ทหาร ( งานเวชกรรมป้องกัน การบริการทางการแพทย์ในสนาม การดูแลกลุ่มโรคที่พบบ่อยในทหาร และความชำนาญการดูแลการบาดเจ็บที่เกิดจากการฝึกต่างๆ)<br /><br /><br />",45678,45718,665280,230,2.3,2.5,"เบาหวาน,ความดันโลหิตสูง"
2,พิษณุโลก,โรงพยาบาลค่ายสมเด็จพระนเรศวรมหาราช,FORT SOMDET PHRANARESUAN MAHARAT HOSPITAL,11517,กระทรวงกลาโหม,กรมแพทย์ทหารบก,200,75,TRUE,NULL,NULL,NULL,NULL,NULL,NULL,NULL,NULL,NULL,NULL
2,พิษณุโลก,โรงพยาบาลกองบิน 46,WING 46 HOSPITAL,11518,กระทรวงกลาโหม,กรมแพทย์ทหารอากาศ,50,3,TRUE,NULL,NULL,NULL,NULL,NULL,NULL,NULL,NULL,NULL,NULL
5,ราชบุรี,โรงพยาบาลค่ายภาณุรังษี,FORT PHANURANGSI  HOSPITAL,11519,กระทรวงกลาโหม,กรมแพทย์ทหารบก,60,15,TRUE,NULL,NULL,NULL,NULL,NULL,NULL,NULL,NULL,NULL,NULL
5,กาญจนบุรี,โรงพยาบาลค่ายสุรสีห์,FORT SURASI HOSPITAL,11520,กระทรวงกลาโหม,กรมแพทย์ทหารบก,150,70,TRUE,รอเข้าคณะอนุกรรมการพิจารณา,18,1. มีความเชี่ยวชาญการดูแลผู้ป่วยโรคลมร้อน<br />2. มีความเชี่ยวชาญด้านการแพทย์ทหารในเรื่องการปฏิบัติการตอบโต้ภัยพิบัติฉุกเฉินภายในเวลาที่กำหนด (MERT)<br />3. มีความเชี่ยวชาญในการดูแลผู้ป่วยกลุ่มโรค NCD อย่างครบวงจร,46159,ปีงบ2564 (เดือนตุลาคม 2563-เดือนมิถุนายน 2564),79041,1119,23.13,4,โรคที่เป็นปัญหาสำคัญในพื้นที่แยกตามบริบทของประชากร ได้แก่<br />กลุ่มโรคติดต่อ(CD) ได้แก่ โรคติดเชื้อระบบทางเดินอาหาร โรคติดเชื้อไข้หวัดใหญ่<br />กลุ่มโรคไม่ติดต่อ(NCD) ได้แก่ DM HT Stroke CA ACS DLP CKD<br />ภัยสุขภาพ ได้แก่ โรคที่สัมพันธ์กับความร้อนและการฝึก
5,นครปฐม,โรงพยาบาลจันทรุเบกษา,CHANDRUBEKSA HOSPITAL,11521,กระทรวงกลาโหม,กรมแพทย์ทหารอากาศ,360,120,TRUE,NULL,50,เวชศาสตร์การบิน,0,ปี 2564 (เดือน มกราคม 2564 ถึง ธันวาคม 2564),98166,2695,29.31,4.33,"ผู้ป่วยนอก Essential hypertension, Non-insulin-dependent diabetes mellitus, Muscle strain: multiple sites, Chronic kidney disease, stage 5, Hyperlipidaemia<br />ผู้ป่วยใน Senile cataract, gastroenteritis and colitis of infectious origin, Beta thalassaemia, Gastroenteritis and colitis, Polyp of colon"
5,ประจวบคีรีขันธ์,โรงพยาบาลค่ายธนะรัชต์,FORT THANARAT HOSPITAL,11522,กระทรวงกลาโหม,กรมแพทย์ทหารบก,100,68,TRUE,NULL,NULL,NULL,NULL,NULL,NULL,NULL,NULL,NULL,NULL
11,นครศรีธรรมราช,โรงพยาบาลค่ายวชิราวุธ,FORT WACHIRAWUT HOSPITAL,11523,กระทรวงกลาโหม,กรมแพทย์ทหารบก,150,95,TRUE,จัดทำใบประกาศนียบัตร,15,1. มีความสามารถให้บริการเชี่ยวชาญพิเศษในสาขา จักษุกรรม ศัลยกรรมกระดูกและข้อ   <br />2. เป็นศูนย์ส่งกลับ เฝ้าระวัง ป้องกันและรักษาโรคลมร้อนของกองทัพภาคที่ 4,33420,ปี2563(ต.ค.62-ก.ย.63),262348,4907,56.67,4,กลุ่มโรคเรื้อรัง<br />กลุ่มโรค Fast track
11,ชุมพร,โรงพยาบาลค่ายเขตอุดมศักดิ์,FORT KHETUDOMSAK HOSPITAL,11525,กระทรวงกลาโหม,กรมแพทย์ทหารบก,30,30,TRUE,จัดทำใบประกาศนียบัตร,0,ทดสอบ,0,ปี 2563 ,0,0,0,0,ทดสอบ
12,สงขลา,โรงพยาบาลฐานทัพทหารเรือสงขลา,NULL,11526,กระทรวงกลาโหม,กรมแพทย์ทหารเรือ,30,0,TRUE,NULL,NULL,NULL,NULL,NULL,NULL,NULL,NULL,NULL,NULL
12,สงขลา,โรงพยาบาลค่ายเสนาณรงค์,FORT SENANARONG HOSPITAL,11527,กระทรวงกลาโหม,กรมแพทย์ทหารบก,60,15,TRUE,NULL,NULL,NULL,NULL,NULL,NULL,NULL,NULL,NULL,NULL
12,สงขลา,โรงพยาบาลกองบิน กองบิน 56,WING 56 HOSPITAL,11528,กระทรวงกลาโหม,กรมแพทย์ทหารอากาศ,30,30,TRUE,NULL,NULL,NULL,NULL,NULL,NULL,NULL,NULL,NULL,NULL
12,ปัตตานี,โรงพยาบาลค่ายอิงคยุทธบริหาร,FORT INGKAYUTHABORIHARN HOSPITAL,11529,กระทรวงกลาโหม,กรมแพทย์ทหารบก,90,30,TRUE,NULL,NULL,NULL,NULL,NULL,NULL,NULL,NULL,NULL,NULL
13,กรุงเทพมหานคร,โรงพยาบาลการไฟฟ้านครหลวง,NULL,11531,รัฐวิสาหกิจ,รัฐวิสาหกิจ,120,0,TRUE,NULL,NULL,NULL,NULL,NULL,NULL,NULL,NULL,NULL,NULL
13,กรุงเทพมหานคร,โรงพยาบาลสวนเบญจกิติเฉลิมพระเกียรติ ๘๔ พรรษา,THAI TOBACCO MONOPOLY HOSPITAL,11532,รัฐวิสาหกิจ,รัฐวิสาหกิจ,120,60,TRUE,NULL,NULL,NULL,NULL,NULL,NULL,NULL,NULL,NULL,NULL
13,กรุงเทพมหานคร,กองการแพทย์ การท่าเรือแห่งประไทย,NULL,11533,กระทรวงคมนาคม,กระทรวงคมนาคม,25,0,TRUE,NULL,NULL,NULL,NULL,NULL,NULL,NULL,NULL,NULL,NULL
13,กรุงเทพมหานคร,โรงพยาบาลบุรฉัตรไชยากร (รถไฟ),NULL,11534,รัฐวิสาหกิจ,รัฐวิสาหกิจ,120,0,TRUE,NULL,NULL,NULL,NULL,NULL,NULL,NULL,NULL,NULL,NULL
13,กรุงเทพมหานคร,วชิรพยาบาล คณะแพทยศาสตร์วชิรพยาบาล มหาวิทยาลัยนวมินทราธิราช,Faculty of Medidine Vajira Hospital Navamindradhiraj University,11535,มหาวิทยาลัย,โรงเรียนแพทย์,1000,926,TRUE,อยู่ระหว่างต่ออายุ,NULL,NULL,NULL,NULL,NULL,NULL,NULL,NULL,NULL
13,กรุงเทพมหานคร,โรงพยาบาลเวชการุณย์รัศมิ์ กรุงเทพมหานคร,WETCHAKARUNRASM HOSPITAL,11536,สังกัด กทม.,สังกัด กทม.,30,0,TRUE,NULL,NULL,NULL,NULL,NULL,NULL,NULL,NULL,NULL,NULL
13,กรุงเทพมหานคร,โรงพยาบาลกลาง,BANGKOK METROPOLITAN ADMINISTRATION GENERAL HOSPITAL,11537,สังกัด กทม.,สังกัด กทม.,500,475,TRUE,รอการจัดเยี่ยมสำรวจ,NULL,NULL,NULL,NULL,NULL,NULL,NULL,NULL,NULL
13,กรุงเทพมหานคร,โรงพยาบาลลาดกระบัง กรุงเทพมหานคร,BANGKOK METROPOLITAN ADMINISTRATION LAT KRABANG HOSPITAL,11538,สังกัด กทม.,สังกัด กทม.,60,60,TRUE,จัดทำใบประกาศนียบัตร,NULL,NULL,NULL,NULL,NULL,NULL,NULL,NULL,NULL
13,กรุงเทพมหานคร,โรงพยาบาลตากสิน กรุงเทพมหานคร,TAKSIN HOSPITAL,11539,สังกัด กทม.,สังกัด กทม.,450,430,TRUE,NULL,NULL,NULL,NULL,NULL,NULL,NULL,NULL,NULL,NULL
13,กรุงเทพมหานคร,โรงพยาบาลหลวงพ่อทวีศักดิ์ ชุตินฺธโร อุทิศ กรุงเทพมหานคร,VENERABLE THAWISAK JUTINDHARO HOSPITAL,11540,สังกัด กทม.,สังกัด กทม.,200,136,TRUE,รอเข้าคณะอนุกรรมการพิจารณา,38,การดูแลผู้ป่วยติดเชื้อเอชไอวีและโรคติดต่อทางเพศสัมพันธ์<br />การดูแลผู้ป่วนโรคหอบหืดในผู้ใหญ่<br />การดูแลผู้ป่วยวัณโรค,108150,ปี 2563 (ต.ค.2562-ก.ย.2563),240232,4920,54.41,5.22,"1.กลุ่มโรค metabolic syndrome ได้แก่ hypertension,DM,DLP<br />2.กลุ่มโรคทาง degenerative เช่น OA knee , cataract<br />3.กลุ่มอุบัติเหตุ acute trauma เช่น head injury, opened fracture<br />4.กลุ่มโรคฉุกเฉิน non-trauma : MI, stroke, CKD<br />5.กลุ่มโรคติดเชื้อ : TB, HIV, sepsis<br />6.กลุ่มโรคทางเดินหายใจ/ภูมิแพ้ : COPD, asthma<br />7.กลุ่มโรคระบาด : DHF, influenza, AGE<br />8.กลุ่มแม่และเด็ก: Pre-term   ตัวเหลือง"
13,กรุงเทพมหานคร,โรงพยาบาลเจริญกรุงประชารักษ์,CHAROEN KRUNG PRACHARAK HOSPITAL,11541,สังกัด กทม.,สังกัด กทม.,464,464,TRUE,NULL,3,-,0,-,0,0,0,0,-
13,กรุงเทพมหานคร,โรงพยาบาลมิชชั่น,MISSION HOSPITAL,11543,เอกชน,รพ.เอกชน,157,110,TRUE,จัดทำใบประกาศนียบัตร,0,ให้การดูแลรักษาระดับทุติยภูมิระดับสูงเน้นการดูแลด้วยหัวใจของความเป็นมนุษย์(Humanized care)และการสร้างเสริมสุขภาพ,0,"168,683",164909,3774,64.2,6.01,"ACS,Sepsis,PPH,Birth Asphyxia,Acute Febile illiness/กลุ่มโรคทางศัลยกรรม ไส้ติ่งอักเสบ(Appendecitis),TKA "
13,กรุงเทพมหานคร,โรงพยาบาลบีเอ็นเอช,BNH HOSPITAL,11546,เอกชน,รพ.เอกชน,86,86,TRUE,NULL,NULL,NULL,NULL,NULL,NULL,NULL,NULL,NULL,NULL
13,กรุงเทพมหานคร,โรงพยาบาลกรุงเทพคริสเตียน,THE BANGKOK CHRISTIAN HOSPITAL,11548,เอกชน,รพ.เอกชน,244,244,TRUE,NULL,0,"กระบวนการทางคลินิกทั้งสาขาหลักและอนุสาขา: สูตินรีเวชกรรม, อายุรกรรม, ศัลยกรรม, กุมารเวชกรรม, ศัลยกรรมกระดูกและข้อ, ศัลยกรรมทางเดินปัสสาวะ, ศัลยกรรมระบบประสาท วิสัญญี, รังสีและรังสีรักษา ทันตกรรม, ฉุกเฉิน, ตรวจสุขภาพ, คลินิกเบาหวาน, คลินิกโรคหัวใจ, คลินิกมะเร็ง, จักษุ, โสต ศอ นาสิก, ผิวหนัง, ไตเทียม, ICU, CCU, PICU, NICU, Cath-lab, ห้องผ่าตัดและแผนกการดูแลผู้ป่วยแบบประคับประคอง",0,2020 (พ.ค2020.-เม.ย2021),446807,12016,44.68,3.31,"1.	โรคไม่ติดต่อ (Non Communicable Disease – NCD) เช่น โรคหัวใจและหลอดเลือด โรคความดันโลหิตสูง โรคเบาหวาน และโรคเมตาโบลิก เช่น ภาวะไขมันในเลือดสูง<br />2.	โรคติดเชื้ออุบัติใหม่ เช่น การติดเชื้อ COVID-19<br />3.	โรคทางเดินอาหาร<br />4.	โรคมะเร็ง เช่น มะเร็งลำไส้, มะเร็งปอด, มะเร็งตับ และมะเร็งทางนรีเวช เป็นต้น <br />5.	โรคติดเชื้อในเด็ก เช่น ไข้หวัดใหญ่ ไข้เลือดออก<br />6.	โรคภูมิแพ้ในเด็ก<br />7.	การดูแลแม่และเด็กในระหว่างการตั้งครรภ์และการคลอด"
13,กรุงเทพมหานคร,โรงพยาบาลมเหสักข์,MAHAESAK HOSPITAL,11552,เอกชน,รพ.เอกชน,132,119,TRUE,NULL,0,- สาขาศัลยกรรมทั่วไป<br />- ศัลยกรรมกระดูกและข้อ<br />- อายุรกรรมทั่วไป<br />- กุมารเวชกรรม<br />- สูติ-นรีเวชกรรม<br />- จักษุ<br />- หูคอจมูก,38795,ปี 2564 (สิงหาคม 2563 - กรกฎาคม 2564),115974,1844,65.32,5.04,"- กลุ่มผู้ป่วยกลุ่มโรค NCD<br />- กลุ่มผู้ป่วยติดเชื่อตามฤดูกาล เช่น ไข้เลือดออก , ไข้หวัดใหญ่ , Covid-19<br />- กลุ่มผู้ป่วยที่บาดเจ็บจากการทำงาน<br />- กลุ่มผู้ป่วยอุบัติเหตุทางการจราจร"
13,กรุงเทพมหานคร,โรงพยาบาลซีจีเอชโรงพยาบาลทั่วไปขนาดใหญ่,CGH HOSPITAL,11558,เอกชน,รพ.เอกชน,120,120,TRUE,ยืนยันการเยี่ยม,NULL,NULL,NULL,NULL,NULL,NULL,NULL,NULL,NULL
13,กรุงเทพมหานคร,สถานพยาบาลชินเขตงามวงศ์วาน,NULL,11559,เอกชน,รพ.เอกชน,26,0,TRUE,NULL,NULL,NULL,NULL,NULL,NULL,NULL,NULL,NULL,NULL
13,กรุงเทพมหานคร,โรงพยาบาลทั่วไปขนาดใหญ่เปาโล เกษตร,Paolo Hospital,11560,เอกชน,รพ.เอกชน,162,162,TRUE,NULL,0,โรงพยาบาลทั่วไป,0,ปี 2563,402012,10568,65,2.7,1.โรค
13,กรุงเทพมหานคร,โรงพยาบาลเวชธานี,NULL,11564,เอกชน,รพ.เอกชน,165,0,TRUE,NULL,NULL,NULL,NULL,NULL,NULL,NULL,NULL,NULL,NULL
13,กรุงเทพมหานคร,โรงพยาบาลรามคำแหง,NULL,11565,เอกชน,รพ.เอกชน,315,0,TRUE,NULL,NULL,NULL,NULL,NULL,NULL,NULL,NULL,NULL,NULL
13,กรุงเทพมหานคร,สถานพยาบาลเจตนิน,NULL,11571,เอกชน,รพ.เอกชน,5,0,TRUE,NULL,NULL,NULL,NULL,NULL,NULL,NULL,NULL,NULL,NULL
13,กรุงเทพมหานคร,โรงพยาบาลกว๋องสิวมูลนิธิ,NULL,11575,เอกชน,รพ.เอกชน,50,0,TRUE,NULL,NULL,NULL,NULL,NULL,NULL,NULL,NULL,NULL,NULL
13,กรุงเทพมหานคร,สถานพยาบาลผู้ป่วยเรื้อรัง กล้วยน้ำไท 2,NULL,11581,เอกชน,รพ.เอกชน,100,0,TRUE,NULL,NULL,NULL,NULL,NULL,NULL,NULL,NULL,NULL,NULL
13,กรุงเทพมหานคร,โรงพยาบาลศิครินทร์,SIKARIN HOSPITAL,11582,เอกชน,รพ.เอกชน,258,258,TRUE,อยู่ระหว่างต่ออายุ,0,1)  ความเชี่ยวชาญทางคลินิกระดับสูง <br />2) บริการที่อบอุ่นและเป็นมิตร <br />3) มีศักยภาพในการเรียนรู้และปรับตัวระดับสูง,0,ปี 2564 (เดือนมกราคม 2564 - เดือนธันวาคม 2564),796701,25131,68.95,4.6,"กลุ่มโรคเรื้อรังที่ไม่รุนแรง แต่จะเป็นกลุ่มที่เป็นความเสี่ยงของโรคที่มีความรุนแรง เช่น ความดันโลหิตสูง เบาหวาน ไขมันในเลือดสูง สำหรับเด็กที่พบบ่อยจะเป็นโรคทางเดินหายใจและทางเดินอาหาร,ทารกคลอดก่อนกำหนด โรคที่เป็นความเสี่ยงสูงที่พบบ่อย คือ COVID-19, Pneumonia, Sepsis, cerebral hemorrhage, Ischemic stroke Acute MI, Congestive heart failure, Head injury ,Aortic aneurysm "
13,กรุงเทพมหานคร,โรงพยาบาลกล้วยน้ำไท,KLUAYNAMTHAI HOSPITAL,11583,เอกชน,รพ.เอกชน,160,139,TRUE,NULL,0,ผู้เชี่ยวชาญด้านผู้สูงอายุ,0,2564,442631,25988,0,0,"AMI, Sepsis, Stroke, Multiple Trauma, "
13,กรุงเทพมหานคร,โรงพยาบาลสุขุมวิท,NULL,11591,เอกชน,รพ.เอกชน,110,0,TRUE,NULL,NULL,NULL,NULL,NULL,NULL,NULL,NULL,NULL,NULL
13,กรุงเทพมหานคร,โรงพยาบาลทั่วไปขนาดใหญ่บางนา 1,BANGNA 1 GENERAL HOSPITAL,11592,เอกชน,รพ.เอกชน,62,101,TRUE,NULL,NULL,NULL,NULL,NULL,NULL,NULL,NULL,NULL,NULL
13,กรุงเทพมหานคร,โรงพยาบาลนวมินทร์โรงพยาบาลทั่วไปขนาดใหญ่,NAVAMINTHRA  HOSPITAL,11595,เอกชน,รพ.เอกชน,180,180,TRUE,NULL,NULL,NULL,NULL,NULL,NULL,NULL,NULL,NULL,NULL
13,กรุงเทพมหานคร,สถาบันกัลยาณ์ราชนครินทร์,GALYARAJANAGARINDRA INSTITUTE,11597,รัฐในสังกัดกระทรวงสาธารณสุข (สธ.),กรมสุขภาพจิต,250,185,TRUE,NULL,22,นิติจิตเวช,400,ปี 2564 (เดือนตุลาคม2563 - กันยายน2564),68187,5134,82.43,32,1.จิตเวชเด็กและวัยรุ่น<br />2.จิตเวชผู้สูงอายุ<br />3.จิตเวชสารเสพติด<br />4.นิติจิตเวช<br />5.จิตเวชทั่วไป
13,กรุงเทพมหานคร,โรงพยาบาลเซนต์หลุยส์,SAINT LOUIS HOSPITAL,11600,เอกชน,รพ.เอกชน,387,387,TRUE,NULL,NULL,NULL,NULL,NULL,NULL,NULL,NULL,NULL,NULL
9,นครราชสีมา,โรงพยาบาลเฉลิมพระเกียรติสมเด็จย่า 100 ปี,MUEANGYANG HOSPITAL,11602,สำนักงานปลัดกระทรวงสาธารณสุข (สป.สธ.),โรงพยาบาลชุมชน(รพช.),30,30,TRUE,NULL,NULL,NULL,NULL,NULL,NULL,NULL,NULL,NULL,NULL
13,กรุงเทพมหานคร,โรงพยาบาลเทียนฟ้ามูลนิธิ,NULL,11603,เอกชน,รพ.เอกชน,60,0,TRUE,NULL,NULL,NULL,NULL,NULL,NULL,NULL,NULL,NULL,NULL
13,กรุงเทพมหานคร,โรงพยาบาลเปาโล พหลโยธิน,PAOLO HOSPITAL PHAHOLYOTHIN,11607,เอกชน,รพ.เอกชน,267,267,TRUE,NULL,NULL,NULL,NULL,NULL,NULL,NULL,NULL,NULL,NULL
9,นครราชสีมา,โรงพยาบาลลำทะเมนชัย,LAM THAMENCHAI HOSPITAL,11608,สำนักงานปลัดกระทรวงสาธารณสุข (สป.สธ.),โรงพยาบาลชุมชน(รพช.),30,30,TRUE,NULL,NULL,NULL,NULL,NULL,NULL,NULL,NULL,NULL,NULL
13,กรุงเทพมหานคร,โรงพยาบาลพญาไท 2,PHYATHAI 2 INTERNATIONAL HOSPITAL,11609,เอกชน,รพ.เอกชน,260,260,TRUE,จัดทำใบประกาศนียบัตร,NULL,NULL,NULL,NULL,NULL,NULL,NULL,NULL,NULL
13,กรุงเทพมหานคร,สถานพยาบาลรัชดา-ท่าพระ,NULL,11614,เอกชน,รพ.เอกชน,26,0,TRUE,NULL,NULL,NULL,NULL,NULL,NULL,NULL,NULL,NULL,NULL
13,กรุงเทพมหานคร,โรงพยาบาลเยาวรักษ์,NULL,11615,เอกชน,รพ.เอกชน,50,0,TRUE,NULL,NULL,NULL,NULL,NULL,NULL,NULL,NULL,NULL,NULL
13,กรุงเทพมหานคร,โรงพยาบาลสมิติเวช ธนบุรี,SAMITIVEJ THONBURI HOSPITAL,11616,เอกชน,รพ.เอกชน,150,64,TRUE,จัดทำใบประกาศนียบัตร,NULL,NULL,NULL,NULL,NULL,NULL,NULL,NULL,NULL
9,บุรีรัมย์,โรงพยาบาลเฉลิมพระเกียรติ,CHALERMPRAKIAT HOSPITAL,11619,สำนักงานปลัดกระทรวงสาธารณสุข (สป.สธ.),โรงพยาบาลชุมชน(รพช.),30,36,TRUE,NULL,NULL,NULL,NULL,NULL,NULL,NULL,NULL,NULL,NULL
13,กรุงเทพมหานคร,โรงพยาบาลบางไผ่,BANGPHAI HOSPITAL,11621,เอกชน,รพ.เอกชน,100,100,TRUE,รอการจัดเยี่ยมสำรวจ,0,สูตินรีเวช,0,"221,670",217516,4154,42.32,3,"HT,DM,DLP"
1,น่าน,โรงพยาบาลเฉลิมพระเกียรติ,CHALERMPRAKIAT HOSPITAL,11625,สำนักงานปลัดกระทรวงสาธารณสุข (สป.สธ.),โรงพยาบาลชุมชน(รพช.),30,10,TRUE,NULL,NULL,NULL,NULL,NULL,NULL,NULL,NULL,NULL,NULL
13,กรุงเทพมหานคร,โรงพยาบาลคลองตัน,KLONGTUN HOSPITAL,11626,เอกชน,รพ.เอกชน,32,30,TRUE,NULL,NULL,NULL,NULL,NULL,NULL,NULL,NULL,NULL,NULL
13,กรุงเทพมหานคร,สถานพยาบาลโกลเด้นเยียร์,NULL,11627,เอกชน,รพ.เอกชน,60,0,TRUE,NULL,NULL,NULL,NULL,NULL,NULL,NULL,NULL,NULL,NULL
13,กรุงเทพมหานคร,โรงพยาบาลพระรามเก้า,NULL,11628,เอกชน,รพ.เอกชน,260,0,TRUE,NULL,NULL,NULL,NULL,NULL,NULL,NULL,NULL,NULL,NULL
13,กรุงเทพมหานคร,โรงพยาบาลเพชรเวชโรงพยาบาลทั่วไปขนาดใหญ่,PETCHARAVEJ HOSPITAL,11629,เอกชน,รพ.เอกชน,200,200,TRUE,NULL,NULL,NULL,NULL,NULL,NULL,NULL,NULL,NULL,NULL
13,กรุงเทพมหานคร,"โรงพยาบาลกรุงเทพ สำนักงานใหญ่ (กรุงเทพ, หัวใจกรุงเทพ, วัฒโนสถ, กรุงเทพอินเตอร์เนชั่นแนล)",BANGKOK HOSPITAL MEDICAL CENTER,11630,เอกชน,รพ.เอกชน,467,0,TRUE,NULL,NULL,NULL,NULL,NULL,NULL,NULL,NULL,NULL,NULL
3,พิจิตร,โรงพยาบาลวชิรบารมี,WACHIRABARAMEE HOSPITAL,11631,สำนักงานปลัดกระทรวงสาธารณสุข (สป.สธ.),โรงพยาบาลชุมชน(รพช.),30,35,TRUE,NULL,26,ให้บริการแบบองค์รวมตามกลุ่มวัย โรคเรื้อรัง การแพทย์ฉุกเฉิน และเป็นอำเภอสุขภาวะพึ่งตนเองอย่างยั่งยืนโดยยึดปรัชญาเศรษฐกิจพอเพียง ,313520,ปี2563(ตุลาคม2562-กันยายน2563),678170,23440,67.16,3,"กลุ่มโรคไม่ติดต่อ/โรคเรื้อรังได้แก่ DM, HT, CKD, CA, Asthma/COPD      <br />กลุ่มโรคเฉียบพลันได้แก่ Stoke, STEMI, Head Injury       <br />กลุ่มโรคติดเชื้อได้แก่ SEPSIS, TB, DHF, AIDS  Covid19<br />กลุ่มอนามัยแม่และเด็กได้แก่ PPH, Preterm, Severe pre-eclampsia, Birth asphyxia"
13,กรุงเทพมหานคร,โรงพยาบาลปิยะเวท,PIYAVATE HOSPITAL,11632,เอกชน,รพ.เอกชน,100,0,TRUE,NULL,NULL,NULL,NULL,NULL,NULL,NULL,NULL,NULL,NULL
13,กรุงเทพมหานคร,สถานพยาบาลนันอา,NULL,11637,เอกชน,รพ.เอกชน,30,0,TRUE,NULL,NULL,NULL,NULL,NULL,NULL,NULL,NULL,NULL,NULL
13,กรุงเทพมหานคร,โรงพยาบาลธนบุรี 2,THONBURI 2  HOSPITAL,11640,เอกชน,รพ.เอกชน,95,95,TRUE,รอการจัดเยี่ยมสำรวจ,0,ความสามารถด้านการรักษาพยาบาลผู้ป่วยตติยภูมิ,350000,ปี 2564 เดือนมกราคม-ธันวาคม,291765,12899,40.97,35,โรคหลอดเลือดหัวใจและโรคหลอดเลือดสมอง  
13,กรุงเทพมหานคร,โรงพยาบาลศรีวิชัย,SRIVICHAI HOSPITAL,11641,เอกชน,รพ.เอกชน,59,59,TRUE,NULL,NULL,NULL,NULL,NULL,NULL,NULL,NULL,NULL,NULL
1,เชียงใหม่,โรงพยาบาลดอยหล่อ,DOILO HOSPITAL,11643,สำนักงานปลัดกระทรวงสาธารณสุข (สป.สธ.),โรงพยาบาลชุมชน(รพช.),30,30,TRUE,จัดทำใบประกาศนียบัตร,NULL,NULL,NULL,NULL,NULL,NULL,NULL,NULL,NULL
13,กรุงเทพมหานคร,โรงพยาบาลเจ้าพระยา,CHAOPHYA HOSPITAL,11644,เอกชน,รพ.เอกชน,200,147,TRUE,NULL,0,"สาขาการให้บริการเฉพาะทางที่สำคัญ ได้แก่ Dermatology,กุมารเวชศาสตร์และสาขาเฉพาะ,กุมารศัลยศาสตร์,จักษุวิทยา,จิตเวชศาสตร์,ทันตกรรมและสาขาเฉพาะ,,นิติเวชวิทยา,ประสาทวิทยา,ประสาทศัลยศาสตร์,รังสีรักษาและเวชศาสตร์นิวเคลียร์,รังสีวิทยาวินิจฉัย,วิสัญญีวิทยาและสาขาเฉพาะ,เวชศาสตร์ฟื้นฟู,ศัลยศาสตร์และสาขาเฉพาะ,ศัลยศาสตร์ทรวงอก,ศัลยศาสตร์ยูโรวิทยา,สูติศาสตร์และนรีเวชวิทยา,โสต ศอ นาสิกวิทยา, ศัลยศาสตร์ตกแต่งและเสริมสร้างใบหน้า <br />",0,2564  มกราคม - ธันวาคม 2564 ,259561,6014,68,4.1,ผู้ป่วยโรคซับซ้อน โรคยากและโรคEmerging Disease (Covid 19 ในกลุ่มผู้ป่วยสูงอายุ และที่มีโรคประจำตัว<br />
13,กรุงเทพมหานคร,โรงพยาบาลธนบุรี,THONBURI HOSPITAL,11645,เอกชน,รพ.เอกชน,435,435,TRUE,จัดทำใบประกาศนียบัตร,NULL,NULL,NULL,NULL,NULL,NULL,NULL,NULL,NULL
13,กรุงเทพมหานคร,โรงพยาบาลทั่วไปขนาดใหญ่ พระราม 2,PRARAM 2 HOSPITAL,11647,เอกชน,รพ.เอกชน,109,109,TRUE,NULL,NULL,NULL,NULL,NULL,NULL,NULL,NULL,NULL,NULL
13,กรุงเทพมหานคร,โรงพยาบาลนครธน,NAKORNTHON HOSPITAL,11648,เอกชน,รพ.เอกชน,150,150,TRUE,จัดทำใบประกาศนียบัตร,0,TKA,0,333333,333333,12223,54.78,2.48,AMI<br />Stroke<br />Sepsis
11,สุราษฎร์ธานี,โรงพยาบาลวิภาวดี,VIBHAVADEE HOSPITAL,11654,สำนักงานปลัดกระทรวงสาธารณสุข (สป.สธ.),โรงพยาบาลชุมชน(รพช.),30,30,TRUE,NULL,NULL,NULL,NULL,NULL,NULL,NULL,NULL,NULL,NULL
13,กรุงเทพมหานคร,โรงพยาบาลเกษมราษฎร์ บางแค,KASEMRAD HOSPITAL BANGKAE,11656,เอกชน,รพ.เอกชน,317,186,TRUE,เขียนรายงาน,0,ทดสอบ,0,0,0,0,0,0,ทดสอบ
13,นครศรีธรรมราช,โรงพยาบาลจุฬาภรณ์ นครศรีธรรมราช,CHULABHORN HOSPITAL,11660,สำนักงานปลัดกระทรวงสาธารณสุข (สป.สธ.),โรงพยาบาลชุมชน(รพช.),100,100,TRUE,NULL,NULL,NULL,NULL,NULL,NULL,NULL,NULL,NULL,NULL
13,กรุงเทพมหานคร,โรงพยาบาลวิชัยเวช อินเตอร์เนชั่นแนล หนองแขม,VICHAIVEJ INTERNATIONAL NONGKHAEM HOSPITAL,11661,เอกชน,รพ.เอกชน,172,89,TRUE,รอเข้าคณะอนุกรรมการพิจารณา,NULL,NULL,NULL,NULL,NULL,NULL,NULL,NULL,NULL
13,กรุงเทพมหานคร,โรงพยาบาลประชาพัฒน์,PRACHAPAT HOSPITAL,11667,เอกชน,รพ.เอกชน,100,76,TRUE,NULL,NULL,NULL,NULL,NULL,NULL,NULL,NULL,NULL,NULL
13,กรุงเทพมหานคร,โรงพยาบาลสุขสวัสดิ์,SUKSAWAT HOSPITAL,11668,เอกชน,รพ.เอกชน,100,100,TRUE,NULL,NULL,NULL,NULL,NULL,NULL,NULL,NULL,NULL,NULL
13,กรุงเทพมหานคร,โรงพยาบาลทั่วไปขนาดใหญ่ราษฎร์บูรณะ,RAJBURANA HOSPITAL,11669,เอกชน,รพ.เอกชน,124,112,TRUE,NULL,NULL,NULL,NULL,NULL,NULL,NULL,NULL,NULL,NULL
13,กรุงเทพมหานคร,โรงพยาบาลบางปะกอก 1,BANGPAKOK 1 HOSPITAL,11670,เอกชน,รพ.เอกชน,120,120,TRUE,NULL,NULL,NULL,NULL,NULL,NULL,NULL,NULL,NULL,NULL
13,กรุงเทพมหานคร,โรงพยาบาลยันฮี,YANHEE INTERNATIONAL HOSPITAL,11676,เอกชน,รพ.เอกชน,400,0,TRUE,NULL,NULL,NULL,NULL,NULL,NULL,NULL,NULL,NULL,NULL
13,กรุงเทพมหานคร,สถานพยาบาลสุทธิสาร,NULL,11681,เอกชน,รพ.เอกชน,29,0,TRUE,NULL,NULL,NULL,NULL,NULL,NULL,NULL,NULL,NULL,NULL
13,กรุงเทพมหานคร,โรงพยาบาลบางโพ,BANGPO GENERAL HOSPITAL,11686,เอกชน,รพ.เอกชน,100,70,TRUE,NULL,NULL,NULL,NULL,NULL,NULL,NULL,NULL,NULL,NULL
13,กรุงเทพมหานคร,โรงพยาบาลเกษมราษฎร์ ประชาชื่น,KASEMRAD PRACHACHUEN HOSPITAL,11687,เอกชน,รพ.เอกชน,362,292,TRUE,NULL,15,"""1. มีความเชี่ยวชาญการให้บริการระดับตติยภูมิ ใน  สาขาหัวใจ สาขาจักษุ  และสาขากระดูกและข้อ<br />2. มีประสิทธิภาพของการบริหารจัดการการใช้ทรัพยากร<br />3. การมุ่งเน้นผลลัพธ์<br />4. มีจรรยาบรรณ และความซื่อสัตย์""",160000,2564 (ม.ค.-ส.ค.),241507,117970,73.1,10.2,"กลุ่มผู้ป่วยอายุรกรรม กลุ่มผู้ป่วยโรคหัวใจและหลอดเลือด กลุ่มผู้ป่วยศัลยกรรม และศัลยกรรมกระดูกและข้อ กลุ่มผู้ป่วยเด็ก และ	กลุ่มผู้ป่วยสูติกรรมและนรีเวช"
13,กรุงเทพมหานคร,สถานพยาบาลเดอะซีเนียร์,NULL,11689,เอกชน,รพ.เอกชน,59,0,TRUE,NULL,NULL,NULL,NULL,NULL,NULL,NULL,NULL,NULL,NULL
13,กรุงเทพมหานคร,โรงพยาบาลวิภาวดี,VIBHAVADEE HOSPITAL,11691,เอกชน,รพ.เอกชน,258,248,TRUE,จัดทำใบประกาศนียบัตร,55555555,"""โรงพยาบาลวิภาวดี มีความสามารถ ในการรับอุบัติเหตุฉุกเฉิน เนื่องจากสถานที่ตั้งทางเข้าออก อยู่บนถนนสายหลัก และเป็นโรงพยาบาลขนาดใหญ่ ในกรุงเทพตอนเหนือ ที่สามารถช่วยเหลือผู้ป่วยที่ไม่ต้องฝ่าการจราจรไปถึงในเมือง โดยคนไข้ที่มีอาการฉุกเฉิน ทั้งอุบัติเหตุทางรถยนต์ อุบัติเหตุอื่นๆ และโรคที่เกิดอาการฉุกเฉิน และต้องรีบให้การรักษา เช่น โรคหัวใจขาดเลือดเฉียบพลัน โรคทางสมอง (Stroke)  โรงพยาบาลวิภาวดีจึงมีความสามารถในด้านศัลยกรรม ทั้งศัลยกรรมทั่วไป ศัลยกรรมกระดูกและข้อ ศัลยกรรมระบบประสาทวิทยา มีเทคโนโลยีการผ่าตัดส่องกล้อง (Arthroscopic surgeryแผลเล็ก และมีการพัฒนาการรับคนไข้ แบบ Fast track อาทิ  Stroke Fast Track ซึ่งจะมีกระบวนการวัดประสิทธิภาพ ทุกกระบวนการ<br />นอกจากนี้ ในผู้ป่วยเด็ก ที่มีปริมาณมากขึ้น เพราะรพ.วิภาวดี มีแพทย์เฉพาะทาง ในแต่ละสาขาโรคเด็ก รวมถึงผู้ป่วยมะเร็ง ที่เป็นโรคร้ายแรง โรงพยาบาลจึงจะจัดตั้ง ศูนย์มะเร็ง โดยใช้พื้นที่อาคารใหม่ที่จะมีการก่อสร้าง เร็วๆนี้""<br />",55555555,55555555,55555555,55555555,55555555,55555555,Acute Appendicitis<br />Acute Ischemic Stroke<br />Sepsis<br />Head Injury<br />Febrile Convulsion<br />RSV<br />ACS-STEMI<br />Fracture of Hip<br />Post partum hemorrhage<br />Birth Asphyxia<br />
13,กรุงเทพมหานคร,โรงพยาบาลจักษุรัตนิน,NULL,11694,เอกชน,รพ.เอกชน,31,0,TRUE,NULL,NULL,NULL,NULL,NULL,NULL,NULL,NULL,NULL,NULL
13,กรุงเทพมหานคร,โรงพยาบาลคามิลเลียน,CAMILLIAN HOSPITAL,11697,เอกชน,รพ.เอกชน,120,120,TRUE,NULL,NULL,NULL,NULL,NULL,NULL,NULL,NULL,NULL,NULL
13,กรุงเทพมหานคร,โรงพยาบาลบำรุงราษฎร์ อินเตอร์เนชั่นแนล,BUMRUNGRAD INTERNATIONAL HOSPITAL,11699,เอกชน,รพ.เอกชน,554,580,TRUE,เขียนรายงาน,NULL,NULL,NULL,NULL,NULL,NULL,NULL,NULL,NULL
13,กรุงเทพมหานคร,โรงพยาบาลทั่วไปขนาดใหญ่แพทย์ปัญญา,PHAETPANYA HOSPITAL,11703,เอกชน,รพ.เอกชน,125,165,TRUE,รอการจัดเยี่ยมสำรวจ,0,ให้บริการด้านการส่งเสริมสุขภาพ รักษาและป้องกันโรครวมถึงการฟื้นฟูสุขภาพผู้ป่วยในระดับปฐมภูมิถึงทุติยภูมิ ในสาขาเวชปฏิบัติทั่วไป อายุรกรรม ศัลยกรรม ศัลยกรรมออร์โธปีดิกส์ สูตินรีเวชกรรม กุมารเวชกรรมและด้านทันตกรรมในวันและเวลาทำการ ให้บริการอุบัติเหตุและฉุกเฉิน 24 ชั่วโมง และให้บริการสาขาเฉพาะทางในคลินิกพิเศษ จักษุ โสตศอนาสิก ผิวหนัง หัวใจ มะเร็ง โรคไต จิตเวช ศัลยกรรมประสาทและศัลยกรรมทางเดินปัสสาวะ,0,ปี 2563 (ตุลาคม 2563 - กันยายน 2563),159127,7198,69.09,3.83,"1. ปัญหาสุขภาพที่สำคัญในพื้นที่ : <br />    - โรคและภาวะแทรกซ้อนของโรคเรื้อรังที่เพิ่มสูงขึ้น ได้แก่ เบาหวานและความดันโลหิตสูง <br />    - โรคติดเชื้อ ได้แก่ โรค Covid 19 โรค HIV/AIDS รวมถึงโรควัณโรค ที่มีระยะเวลารักษานาน และโรคติดเชื้อจากชุมชน (Community infection)  เช่น  Pneumonia, Sepsis<br />    - การส่งเสริมการดูแลหญิงตั้งครรภ์ ภาวะแทรกซ้อนในหญิงตั้งครรภ์ และทารกแรกเกิด <br />2. ปัญหาสุขภาพที่เป็นโอกาสพัฒนา : <br />    - โรคและภาวะที่มีอัตราการตายสูง  ได้แก่  Stroke, Coronary Artery Disease, Sepsis, Head injury, Multiple trauma <br />    - โรคที่ใช้ทรัพยากรในการดูแลสูง ได้แก่  Birth asphyxia, ทารกคลอดก่อนกำหนด <br />3. โรคที่มีข้อจำกัดในการให้บริการ / ต้องส่งต่อ : <br />    - โรคที่ใช้ทรัพยากรการดูแลสูง หรือเกินศักยภาพได้แก่  ทารกแรกเกิดต้องการการดูแลทางศัลยกรรม  Covid 19 ระดับวิกฤติ<br />    - การส่งต่อกรณี Stroke เพื่อให้ rtPA ทำ Reperfusion , STEMI Fast tract ส่ง PCI "
13,กรุงเทพมหานคร,โรงพยาบาลสมิติเวช ศรีนครินทร์,SAMITIVEJ SRINAKARIN HOSPITAL,11704,เอกชน,รพ.เอกชน,154,114,TRUE,จัดทำใบประกาศนียบัตร,NULL,NULL,NULL,NULL,NULL,NULL,NULL,NULL,NULL
13,กรุงเทพมหานคร,สถานพยาบาลบางขุนเทียน,NULL,11706,เอกชน,รพ.เอกชน,15,0,TRUE,NULL,NULL,NULL,NULL,NULL,NULL,NULL,NULL,NULL,NULL
13,กรุงเทพมหานคร,โรงพยาบาลบางมด โรงพยาบาลทั่วไปขนาดใหญ่,BANGMOD HOSPITAL,11708,เอกชน,รพ.เอกชน,203,203,TRUE,จัดทำใบประกาศนียบัตร,NULL,NULL,NULL,NULL,NULL,NULL,NULL,NULL,NULL
13,กรุงเทพมหานคร,เฉพาะทางมะเร็งกรุงเทพ ขนาดเล็ก,BANGKOK CANCER SPECIALIZED HOSPITAL,11711,เอกชน,รพ.เอกชน,30,30,TRUE,รอการจัดเยี่ยมสำรวจ,0,ฉายรังสี ใส่แร่ เคมีบำบัด และเวชศาสตร์นิวเคลียร์,0,ปี 2564 (เดือนมกราคม-พฤษภาคม),32766,417,30.2,4,Top 10 <br />1.CA Breast<br />2.CA Thyroid<br />3.CA Cervix<br />4.Hyperthyroid<br />5.CA Rectum<br />6.CA Rectum<br />7.CA Colon<br />8.CA Rectum<br />9.CA Nasopharynx<br />10.CA Endometrium<br />
13,กรุงเทพมหานคร,โรงพยาบาลวิชัยยุทธและศูนย์การแพทย์วิชัยยุทธ,VICHAIYUT HOSPITAL AND VICHAIYUT MEDICAL CENTER HOSPITAL,11714,เอกชน,รพ.เอกชน,236,275,TRUE,NULL,0,ทดสอบ,0,ปี 2563,0,0,0,0,ทดสอบ
13,กรุงเทพมหานคร,โรงพยาบาลพญาไท 1,PHYATHAI 1 HOSPITAL,11715,เอกชน,รพ.เอกชน,204,174,TRUE,NULL,0,1. การดูแลรักษาผู้ป่วยที่มีโรคหลอดเลือดสมอง<br />2. การดูแลรักษาผู้ป่วยมะเร็ง<br />3. การดูแลรักษาผู้ป่วยสูงอายุที่มีโรคซับซ้อน<br />4. การดูแลรักษาและให้บริการผู้ป่วยกัมพูชา,0,ปี 2563 (มกราคม - ธันวาคม),350256,6259,58.34,19,"1	AGE, Diarrhea, Foodborne intoxication<br />2	Acute  Upper  Respiratory  Infections <br />3	Gastritis, Dyspepsia<br />4	Cerebral Infarction<br />5	Benign Neoplasm "
13,กรุงเทพมหานคร,โรงพยาบาลเทพธารินทร์,THEPTARIN HOSPITAL,11720,เอกชน,รพ.เอกชน,80,62,TRUE,NULL,NULL,NULL,NULL,NULL,NULL,NULL,NULL,NULL,NULL
13,กรุงเทพมหานคร,โรงพยาบาลทั่วไปขนาดใหญ่ เปาโล โชคชัย 4,PAOLO CHOKCHAI 4 HOSPITAL,11721,เอกชน,รพ.เอกชน,169,169,TRUE,รอการจัดเยี่ยมสำรวจ,0,การบริการทางการแพทย์ระดับทุติยภูมิ  ด้านอายุรกรรม ศัลยกรรม ศัลยกรรมออร์โธปิดิก สูติ-นรีเวชกรรม กุมารเวชกรรม จักษุวิทยา โสต ศอ นาสิก Hemodialysis ด้วยมาตรฐาน HA,571663,1 มกราคม 2563- สิงหาคม 2564,819278,22218,84.2,3.89,"ผู้ป่วยสูติ-นรีเวชกรรม  อายุรกรรม: AMI.,Ischemic stroke, GI  ,ผู้ป่วยกระดูกและข้อ , Trauma"
13,กรุงเทพมหานคร,โรงพยาบาลมงกุฎวัฒนะ,NULL,11722,เอกชน,รพ.เอกชน,100,0,TRUE,NULL,NULL,NULL,NULL,NULL,NULL,NULL,NULL,NULL,NULL
13,กรุงเทพมหานคร,โรงพยาบาลเด็กสินแพทย์,NULL,11723,เอกชน,รพ.เอกชน,59,0,TRUE,NULL,NULL,NULL,NULL,NULL,NULL,NULL,NULL,NULL,NULL
13,กรุงเทพมหานคร,สถานพยาบาลนวศรีเนอสซิ่งโฮม,NULL,11728,เอกชน,รพ.เอกชน,50,0,TRUE,NULL,NULL,NULL,NULL,NULL,NULL,NULL,NULL,NULL,NULL
13,กรุงเทพมหานคร,โรงพยาบาลทั่วไปขนาดใหญ่ลาดพร้าว,LADPRAO GENERAL HOSPITAL,11729,เอกชน,รพ.เอกชน,180,180,TRUE,NULL,2,โรคตา โรคกระดูกและข้อ โรคระบบทางเดินอาหาร โรคระบบประสาทและสมอง,158945,2563,565689,9803,60.32,3.99,"DM with Acute Complication, Acute Coronary Syndrome , Stroke , Asthma ,HT,CKD"
13,กรุงเทพมหานคร,โรงพยาบาลไทยนครินทร์,THAINAKARIN HOSPITAL,11730,เอกชน,รพ.เอกชน,190,190,TRUE,NULL,0,ศูนย์หัวใจ ศูนย์สมองและระบบประสาท ศูนย์กระดูกและข้อ และศูนย์ทางเดินอาหาร,0,ปี 2563 (ม.ค.-ธ.ค.),126153,12046,43.62,2.5,ศูนย์หัวใจ ศูนย์สมองและระบบประสาท ศูนย์กระดูกและข้อ และศูนย์ทางเดินอาหาร
13,กรุงเทพมหานคร,สถานพยาบาลบางปะกอก 2 บางบอน,NULL,11734,เอกชน,รพ.เอกชน,10,0,TRUE,NULL,NULL,NULL,NULL,NULL,NULL,NULL,NULL,NULL,NULL
6,สมุทรปราการ,โรงพยาบาลเปาโล สมุทรปราการ,PAOLO  HOSPITAL SAMUTPRAKARN,11743,เอกชน,รพ.เอกชน,200,200,TRUE,NULL,0,"1.ศูนย์ส่งเสริมพัฒนาการเด็ก<br />2.ศูนย์ Refer ที่ปลอดภัยโดยทีมบุคลากรที่มีทักษะความรู้<br />3.ดูแลผู้ป่วยแบบ Humanize health care เน้นกลุ่มแม่และเด็ก, ผู้ป่วยโรคเรื้อรัง(DM ,HT), ผู้ป่วยมะเร็ง ผู้ป่วยหลังผ่าตัด และกลุ่มผู้ปวย Spine disease",110210,580949,563146,17803,166.81,6.84,"1.กลุ่มอุบัติเหตุ  : Traumatic brain injury ,  Multiple Trauma , Spine injury<br />2.กลุ่มโรคทางกระดูกและข้อ : ข้อเข่าเสื่อม  ข้อสะโพกเสื่อม  <br />3.กุล่มโรค Acute : โรคระบบทางเดินหายใจ<br />4.กลุ่มโรคเรื้อรัง : ไขมันในเลือดสูง , เบาหวาน , ความดันโลหิตสูง , มะเร็ง , ไตวายเริ้อรัง<br />5.กลุ่มโรคเสี่ยงสูง : Acute MI , Stroke , Sepsis <br />6.ภาวะแทรกซ้อนในกลุ่มมารดาและทารก  : PPH ,PIH , Severe preeclamsia , Ectopic pregnancy , birth asphyxia , Preterm  pregnancy<br />7.กลุ่มโรคเด็กและ ทารกแรกเกิด ได้แก่  Pneumonia , Febrile convulsion ,DHF , Gastroenteritis ,HFMD , Neonatal Jaundice "
6,สมุทรปราการ,โรงพยาบาลรัทรินทร์,NULL,11745,เอกชน,รพ.เอกชน,100,60,TRUE,NULL,NULL,NULL,NULL,NULL,NULL,NULL,NULL,NULL,NULL
6,สมุทรปราการ,โรงพยาบาลเปาโล พระประแดง,PAOLO HOSPITAL PHRAPRADAENG,11747,เอกชน,รพ.เอกชน,60,60,TRUE,ยืนยันการเยี่ยม,5,1.Cohort Hospital<br />2.ความเชี่ยวชาญเฉพาะด้านศัลยกรรม ศัลยกรรมอุบัติเหตุ <br />3.การผ่าตัดส่องกล้อง <br />4.ความสามารถในการปรับตัวของคนในองค์กร <br />,192311,2563 (มกราคม - ธันวาคม) ,145279,5211,53.22,31.93,"1.New Emerging Pandermic  Diseases : Covid-19<br />2.อุบัติเหตุจราจร<br />3.อุบัติเหตุจากการทำงานในโรงงานอุตสาหกรรม<br />3. เบาหวาน, ความดันโลหิตสูง, ไขมันในเลือดสูง<br />4.โรคหัวใจ<br />5.โรคมะเร็ง<br />6.ไข้เลือดออก<br />7.ไส้ติ่งอักเสบ<br />8.โรคระบบทางเดินอาหาร"
13,กรุงเทพมหานคร,โรงพยาบาลหัวเฉียว (มูลนิธิฮั่วเคี้ยวป่อเต็กเซี่ยงตึ๊ง),HUA CHIEW GENERAL HOSPITAL (POH TECK TUNG FOUNDATION),11750,เอกชน,รพ.เอกชน,338,338,TRUE,NULL,NULL,NULL,NULL,NULL,NULL,NULL,NULL,NULL,NULL
6,สมุทรปราการ,สถานพยาบาลจุฬาเวช,NULL,11752,เอกชน,รพ.เอกชน,25,0,TRUE,NULL,NULL,NULL,NULL,NULL,NULL,NULL,NULL,NULL,NULL
6,สมุทรปราการ,โรงพยาบาลเมืองสมุทรปากน้ำ,MUANGSAMUT PAKNAM HOSPITAL,11761,เอกชน,รพ.เอกชน,148,148,TRUE,NULL,NULL,NULL,NULL,NULL,NULL,NULL,NULL,NULL,NULL
6,สมุทรปราการ,สถานพยาบาลจุฬารัตน์สุวรรณภูมิ,NULL,11765,เอกชน,รพ.เอกชน,26,0,TRUE,NULL,NULL,NULL,NULL,NULL,NULL,NULL,NULL,NULL,NULL
6,สมุทรปราการ,สถานพยาบาลจุฬารัตน์ 5,NULL,11766,เอกชน,รพ.เอกชน,26,0,TRUE,NULL,NULL,NULL,NULL,NULL,NULL,NULL,NULL,NULL,NULL
6,สมุทรปราการ,โรงพยาบาลจุฬารัตน์ 9 แอร์พอร์ต,CHULARAT 9 AIRPORT HOSPITAL,11768,เอกชน,รพ.เอกชน,100,100,TRUE,NULL,NULL,NULL,NULL,NULL,NULL,NULL,NULL,NULL,NULL
6,สมุทรปราการ,โรงพยาบาลเซ็นทรัลปาร์ค,CENTRAL PARK HOSPITAL,11769,เอกชน,รพ.เอกชน,120,25,TRUE,NULL,NULL,NULL,NULL,NULL,NULL,NULL,NULL,NULL,NULL
6,สมุทรปราการ,โรงพยาบาลพริ้นซ์ สุวรรณภูมิ,PRINCSUVARNABHUMI HOSPITAL,11770,เอกชน,รพ.เอกชน,200,98,TRUE,NULL,NULL,NULL,NULL,NULL,NULL,NULL,NULL,NULL,NULL
6,สมุทรปราการ,โรงพยาบาลจุฬารัตน์ 3 เทพารักษ์,CHULARAT 3 THEPARAK HOSPITAL,11771,เอกชน,รพ.เอกชน,134,120,TRUE,NULL,NULL,NULL,NULL,NULL,NULL,NULL,NULL,NULL,NULL
6,สมุทรปราการ,โรงพยาบาลบางนา 2,BANGNA 2 HOSPITAL,11772,เอกชน,รพ.เอกชน,100,0,TRUE,NULL,NULL,NULL,NULL,NULL,NULL,NULL,NULL,NULL,NULL
6,สมุทรปราการ,โรงพยาบาลเมืองสมุทรปู่เจ้าฯ,MUANGSAMUT HOSPITAL,11775,เอกชน,รพ.เอกชน,140,140,TRUE,NULL,NULL,NULL,NULL,NULL,NULL,NULL,NULL,NULL,NULL
6,สมุทรปราการ,โรงพยาบาลบางปะกอก 3,BANGPAKOK 3 HOSPITAL,11777,เอกชน,รพ.เอกชน,200,105,TRUE,รอการจัดเยี่ยมสำรวจ,0,"อายุรกรรม, ศัลยกรรม, กุมารเวชกรรม, สูติ-นรีเวชกรรม และมีแพทย์เฉพาะทางสาขาที่จำเป็น ได้แก่จักษุ, อายุรกรรมโรคไต, อายุรกรรมระบบประสาท อายุรกรรมทางเดินอาหาร ศัลยกรรมระบบทางเดินปัสสาวะ",197547,"425,669",416522,9147,74.97,2.4,1. การดูแลผู้ป่วย Trauma  <br />2. การดูแลผู้ป่วย NCD (DM)   <br />3. การดูแลผู้ป่วย Palliative Care 
4,นนทบุรี,บริษัท โรงพยาบาลนนทเวช จำกัด (มหาชน),NONTHAVEJ HOSPITAL PUBLIC COMPANY LIMITED,11781,เอกชน,รพ.เอกชน,208,188,TRUE,อยู่ระหว่างต่ออายุ,0,1.ความสามารถและความเชี่ยวชาญ ด้านการดูแลรักษาผ่าตัดผ่านกล้อง<br />2.ความสามารถและความเชี่ยวชาญ ด้านการดูแลรักษาผู้ป่วยที่ซับซ้อน<br />3.เชี่ยวชาญการบริการเป็นเลิศ,0,ปี2564 (ม.ค.-ธ.ค.),377403,10358,38.34,2.76,1.ผู้ป่วยโรคกระดูกและข้อ<br />2.ผู้ป่วยโรคเรื้อรัง โรคหัวใจ โรคเส้นเลือดสมองตีบ โรคไต โรคเบาหวาน<br />3.ผู้ป่วยที่มารับการรักษาผ่าตัดผ่านกล้อง
4,นนทบุรี,โรงพยาบาลทั่วไปขนาดเล็กรัตนาธิเบศร์,NULL,11783,เอกชน,รพ.เอกชน,10,0,TRUE,NULL,NULL,NULL,NULL,NULL,NULL,NULL,NULL,NULL,NULL
4,นนทบุรี,โรงพยาบาลอนันต์พัฒนา 2,ANAN-PHATTHANA HOSPITAL,11786,เอกชน,รพ.เอกชน,50,50,TRUE,NULL,NULL,NULL,NULL,NULL,NULL,NULL,NULL,NULL,NULL
4,นนทบุรี,โรงพยาบาลเกษมราษฎร์ อินเตอร์เนชั่นแนล รัตนาธิเบศร์,KASEMRAD RATTANATIBETH GENERAL,11787,เอกชน,รพ.เอกชน,150,200,TRUE,NULL,NULL,NULL,NULL,NULL,NULL,NULL,NULL,NULL,NULL
4,ปทุมธานี,โรงพยาบาลแพทย์รังสิต,PATRANGSIT HOSPITAL,11789,เอกชน,รพ.เอกชน,155,155,TRUE,จัดทำใบประกาศนียบัตร,NULL,NULL,NULL,NULL,NULL,NULL,NULL,NULL,NULL
4,ปทุมธานี,โรงพยาบาลสถานพยาบาลเวชกรรมเมืองปทุม,NULL,11791,เอกชน,รพ.เอกชน,40,0,TRUE,NULL,NULL,NULL,NULL,NULL,NULL,NULL,NULL,NULL,NULL
4,ปทุมธานี,โรงพยาบาลการุญเวช ปทุมธานี,KARUNVEJ PATHUMTHANI HOSPITAL,11799,เอกชน,รพ.เอกชน,200,135,TRUE,NULL,NULL,NULL,NULL,NULL,NULL,NULL,NULL,NULL,NULL
4,ปทุมธานี,โรงพยาบาลปทุมเวช,PATHUMVECH HOSPITAL,11800,เอกชน,รพ.เอกชน,143,190,TRUE,จัดทำใบประกาศนียบัตร,NULL,NULL,NULL,NULL,NULL,NULL,NULL,NULL,NULL
4,ปทุมธานี,โรงพยาบาลทั่วไปขนาดใหญ่บางปะกอกรังสิต 2,BANGPAKOK-RANGSIT 2 HOSPITAL,11801,เอกชน,รพ.เอกชน,100,65,TRUE,NULL,NULL,NULL,NULL,NULL,NULL,NULL,NULL,NULL,NULL
4,พระนครศรีอยุธยา,โรงพยาบาลราชธานี,RAJTHANEE HOSPITAL,11806,เอกชน,รพ.เอกชน,253,194,TRUE,ยืนยันการเยี่ยม,NULL,NULL,NULL,NULL,NULL,NULL,NULL,NULL,NULL
13,กรุงเทพมหานคร,โรงพยาบาลสมิติเวช สุขุมวิท,SAMITIVEJ SUKHUMVIT HOSPITAL,11811,เอกชน,รพ.เอกชน,275,230,TRUE,NULL,NULL,NULL,NULL,NULL,NULL,NULL,NULL,NULL,NULL
4,ลพบุรี,โรงพยาบาลเบจรมย์,BENJAROM HOSPITAL,11812,เอกชน,รพ.เอกชน,30,30,TRUE,NULL,NULL,NULL,NULL,NULL,NULL,NULL,NULL,NULL,NULL
4,สิงห์บุรี,โรงพยาบาลสิงห์บุรีเวชการ(หมอประเจิด),NULL,11823,เอกชน,รพ.เอกชน,60,0,TRUE,NULL,NULL,NULL,NULL,NULL,NULL,NULL,NULL,NULL,NULL
3,ชัยนาท,โรงพยาบาลรวมแพทย์ชัยนาท,RUAMPHAT CHAINAT HOSPITAL,11828,เอกชน,รพ.เอกชน,59,59,TRUE,NULL,0,การดูแลผู้ป่วยกลุ่มโรคเรื้อรัง  การดูแลผู้ป่วยโรคเฉียบพลันและการส่งต่อที่มีประสิทธิภาพ โดยใช้การสมรรถนะหลัก Evidence base การทำงานเป็นทีม และการประสานกับเครือข่ายสุขภาพ,0,2564(1 ตุลาคม 2563-30 กันยายน 2564),589512,3196,37.35,2.01,โรคทางเดินอาหาร   โรคทางเดินหายใจ   โรคNCD  
4,สระบุรี,โรงพยาบาลเกษมราษฎร์ สระบุรี,KASEMRAD HOSPITAL SARABURI,11833,เอกชน,รพ.เอกชน,200,110,TRUE,จัดทำใบประกาศนียบัตร,1,1. การให้บริการโดยแพทย์ผู้เชี่ยวชาญหลากหลายสาขา<br />2. Stroke fast track<br />3. Mobile Check Up & Screening COVID-19<br />4. พฤติกรรมบริการที่ดี<br />5. ปรับตัวให้ทันความเปลี่ยนแปลงของโรคอุบัติใหม่ (COVID-19) ได้อย่างมีประสิทธิภาพ,0,ปี 2563 (เดือน มกราคม 2563 - เดือน ธันวาคม 2563),263088,7045,53.42,3.12,"1. โรคที่ยังเป็นปัญหาของโรงพยาบาล ในการที่จะพัฒนา คือ Sepsis, Stroke, STEMI, Multiple trauma<br />2. ปัญหาสุขภาพที่สาคัญในพื้นที่  DM HT DLD และอุบัติเหตุจราจร<br />3. การบริหารจัดการโรคอุบัติใหม่ COVID-19"
4,สระบุรี,โรงพยาบาลปภาเวช,PRABAWEJ HOSPITAL,11834,เอกชน,รพ.เอกชน,50,0,TRUE,NULL,NULL,NULL,NULL,NULL,NULL,NULL,NULL,NULL,NULL
4,สระบุรี,โรงพยาบาลมิตรภาพเมโมเรียล สระบุรี,MITTRAPHAP MEMORIAL HOSPITAL,11835,เอกชน,รพ.เอกชน,250,120,TRUE,รอการจัดเยี่ยมสำรวจ,NULL,NULL,NULL,NULL,NULL,NULL,NULL,NULL,NULL
6,ชลบุรี,สถานพยาบาลชลเวช,NULL,11845,เอกชน,รพ.เอกชน,28,0,TRUE,NULL,NULL,NULL,NULL,NULL,NULL,NULL,NULL,NULL,NULL
6,ชลบุรี,โรงพยาบาลเอกชล,AIKCHOL HOSPITAL,11847,เอกชน,รพ.เอกชน,262,194,TRUE,NULL,NULL,NULL,NULL,NULL,NULL,NULL,NULL,NULL,NULL
6,ชลบุรี,โรงพยาบาลกรุงเทพพัทยา,BANGKOK HOSPITAL PATTAYA,11850,เอกชน,รพ.เอกชน,300,300,TRUE,จัดทำใบประกาศนียบัตร,50,CoE Heart<br />CoE Brain<br />CoE Orthopedic<br />CoE Trauma<br />CoE Cancer,0,ปี 2564 (เดือนมกราคม-ธันวาคม),409280,16066,64.71,4.19,Acute Coronary Syndrome<br />Ischemic Stroke<br />Septic Shock<br />Traumatic Brain Injury<br />Multiple Trauma<br />Hip Fracture<br /> <br />
6,ชลบุรี,โรงพยาบาลพัทยาเมโมเรียล,PATTAYA MEMORIAL HOSPITAL,11851,เอกชน,รพ.เอกชน,50,50,TRUE,NULL,NULL,NULL,NULL,NULL,NULL,NULL,NULL,NULL,NULL
6,ชลบุรี,โรงพยาบาลพัทยาอินเตอร์เนชั่นแนลฮอสพิทอล,CHONBURI HOSPITAL,11852,เอกชน,รพ.เอกชน,100,0,TRUE,NULL,NULL,NULL,NULL,NULL,NULL,NULL,NULL,NULL,NULL
6,ชลบุรี,โรงพยาบาลสมิติเวช ศรีราชา,SAMITIVEJ SRIRACHA HOSPITAL,11853,เอกชน,รพ.เอกชน,100,184,TRUE,NULL,NULL,NULL,NULL,NULL,NULL,NULL,NULL,NULL,NULL
6,ชลบุรี,โรงพยาบาลวิภารามแหลมฉบังโรงพยาบาลทั่วไปขนาดใหญ่,VIBHARAM LAEMCHABANG HOSPITAL,11854,เอกชน,รพ.เอกชน,100,100,TRUE,NULL,NULL,NULL,NULL,NULL,NULL,NULL,NULL,NULL,NULL
6,ชลบุรี,โรงพยาบาลพญาไท ศรีราชา,PHYATHAI SRIRACHA HOSPITAL,11855,เอกชน,รพ.เอกชน,257,257,TRUE,จัดทำใบประกาศนียบัตร,NULL,NULL,NULL,NULL,NULL,NULL,NULL,NULL,NULL
6,ระยอง,โรงพยาบาลรวมแพทย์ระยอง,RUAMPAT RAYONG HOSPITAL,11864,เอกชน,รพ.เอกชน,50,0,TRUE,NULL,NULL,NULL,NULL,NULL,NULL,NULL,NULL,NULL,NULL
6,จันทบุรี,โรงพยาบาลสิริเวช จันทบุรี,SIRIVEJ CHANTHABURI HOSPITAL,11874,เอกชน,รพ.เอกชน,90,90,TRUE,อยู่ระหว่างต่ออายุ,0,มีความเชี่ยวชาญด้านกระดูกและข้อ ด้านทางเดินหายใจ ด้านจักษุ และด้าน TRAUMA,0,ปี 2564 (มกราคม - กันยายน),92007,5568,63.8,2.7,"1. กลุ่มโรคไม่ติดต่อเรื้อรัง NCDs ได้แก่ ความดันโลหิตสูง, เบาหวาน, ไขมันในเลือดสูง, โรคหัวใจและหลอดเลือด, โรคหลอดเลือดสมอง, โรคไตเรื้อรัง<br />2. โรคติดต่อตามรายงาน 506 ได้แก่ โควิด 19, ไข้เลือดออก, ไข้ชิคุนกุนย่า, อุจจาระร่วง <br />3. โรคที่มีความเสี่ยงสูง ได้แก่ ภาวะติดเชื้อในกระแสเลือด, ภาวะความดันโลหิตสูงที่เกิดขึ้นระหว่างตั้งครรภ์, การตั้งครรภ์นอกมดลูก, ภาวะตกเลือดหลังคลอด, ภาวะขาดออกซิเจนในทารกแรกเกิด, การบาดเจ็บที่ศีรษะ, โรคไส้ติ่งอักเสบ, โรคไข้ชัก<br />4. โรคและภัยสุขภาพอื่น ได้แก่ ต้อกระจก, โรคกระเพาะอาหารและลำไส้อักเสบ, โรคระบบทางเดินหายใจ, โรคทางระบบกระดูกและกล้ามเนื้อ, การบาดเจ็บหลายระบบ (Multiple Trauma), โรคทางนรีเวช "
6,จันทบุรี,โรงพยาบาลกรุงเทพจันทบุรี,BANGKOK HOSPITAL CHANTHABURI,11875,เอกชน,รพ.เอกชน,200,200,TRUE,NULL,3,..,0,"183,504",168307,16197,78.39,2.39,"Stroke  ,Acut MI ,Sepsis multiple truama"
6,ตราด,โรงพยาบาลกรุงเทพตราด,BANGKOK HOSPITAL TRAT,11876,เอกชน,รพ.เอกชน,100,100,TRUE,NULL,NULL,NULL,NULL,NULL,NULL,NULL,NULL,NULL,NULL
6,ฉะเชิงเทรา,โรงพยาบาลจุฬารัตน์ 11 อินเตอร์,CHULARAT 11 INTERNATIONAL  HOSPITAL,11878,เอกชน,รพ.เอกชน,100,100,TRUE,รอการจัดเยี่ยมสำรวจ,20,1. ศูนย์ดูแลผู้ป่วยอุบัติเหตุจราจรที่มีการบาดเจ็บหลายระบบ (MSI)<br />2. ศูนย์รักษผู้ป่วยบาดเจ็บทางศีรษะที่ต้องได้รับการผ่าตัด (HI)<br />3. รักษาโรคหัวใจ และหลอดเลือด (ACS)<br />4. ดูแลรักษาผู้ป่วย MIS (Minimal invasive surgery),99000,ปี 2564 (ม.ค.-ก.ย. ),156052,7393,76.2,7.3,1.HI<br />2.MSI<br />3.Sepsis<br />4.Stroke<br />5.ACS
6,ฉะเชิงเทรา,โรงพยาบาลเกษมราษฎร์ ฉะเชิงเทรา,KASEMRAD HOSPITAL CHACHOENGSAO,11879,เอกชน,รพ.เอกชน,100,100,TRUE,NULL,NULL,NULL,NULL,NULL,NULL,NULL,NULL,NULL,NULL
6,ปราจีนบุรี,โรงพยาบาลทั่วไปขนาดใหญ่ พีเอ็มจี,NULL,11882,เอกชน,รพ.เอกชน,10,0,TRUE,NULL,NULL,NULL,NULL,NULL,NULL,NULL,NULL,NULL,NULL
9,นครราชสีมา,โรงพยาบาลเดอะโกลเดนเกท,THE GOLDENGATE HOSPITAL,11885,เอกชน,รพ.เอกชน,60,30,TRUE,NULL,NULL,NULL,NULL,NULL,NULL,NULL,NULL,NULL,NULL
9,นครราชสีมา,โรงพยาบาลเซนต์เมรี่,"SAINT MARY""S HOSPITAL",11888,เอกชน,รพ.เอกชน,150,148,TRUE,NULL,1,ไม่มี,100000,"ปี2564(มกราคม-ตุลาคม) ประมาณ100,000ราย",400,80,40,2,Sepsis
9,นครราชสีมา,โรงพยาบาลราชสีมาฮอสพิทอล,KORATMEMORIAL HOSPITAL,11891,เอกชน,รพ.เอกชน,35,35,TRUE,รอการจัดเยี่ยมสำรวจ,2,1. ผ่าตัดตาต้อกระจก   2.ผ่าตัดทำเส้นฟอกไต  3.การผ่าตัดศัลยกรรมตกแต่ง,17901,ตุลาคม 2563- มิถุนายน 2564,0,1802,35,1.8,1.โรคไม่ติดต่อเรื้อรัง<br />2. โรคระบาดตามฤดูกาล
9,นครราชสีมา,โรงพยาบาลทั่วไปขนาดใหญ่ ป.แพทย์ 2,P.PHATHYA HOSPITAL,11897,เอกชน,รพ.เอกชน,132,125,TRUE,NULL,NULL,NULL,NULL,NULL,NULL,NULL,NULL,NULL,NULL
9,นครราชสีมา,โรงพยาบาลโรงพยาบาลรักษาโรคทั่วไปบัวใหญ่รวมแพทย์,NULL,11899,เอกชน,รพ.เอกชน,50,0,TRUE,NULL,NULL,NULL,NULL,NULL,NULL,NULL,NULL,NULL,NULL
9,นครราชสีมา,สถานพยาบาลเวชกรรมพิมายเมดิคอล,NULL,11900,เอกชน,รพ.เอกชน,28,0,TRUE,NULL,NULL,NULL,NULL,NULL,NULL,NULL,NULL,NULL,NULL
9,บุรีรัมย์,โรงพยาบาลเอกชนบุรีรัมย์,EKACHON BURIRAM HOSPITAL,11907,เอกชน,รพ.เอกชน,100,69,TRUE,NULL,NULL,NULL,NULL,NULL,NULL,NULL,NULL,NULL,NULL
9,สุรินทร์,โรงพยาบาลรวมแพทย์ (หมออนันต์),RUAMPAET (DR.ANAN) HOSPITAL,11908,เอกชน,รพ.เอกชน,210,100,TRUE,NULL,NULL,NULL,NULL,NULL,NULL,NULL,NULL,NULL,NULL
9,สุรินทร์,โรงพยาบาลสุรินทร์รวมแพทย์,SURINRUAMPHAET HOSPITAL,11910,เอกชน,รพ.เอกชน,60,60,TRUE,รอการจัดเยี่ยมสำรวจ,0,ดูแลผู้ป่วยแบบองค์รวม 4 มิติ ในด้านการรักษาพยาบาล,0,2564 (1 ตค 63- 30 กย. 64) ,80205,3883,19.59,2.33,"Pneumonia , DM, Sepsis ,Hypertension ,IHD"
10,ศรีสะเกษ,โรงพยาบาลประชารักษ์เวชการ,PRACHARAK HOSPITAL,11913,เอกชน,รพ.เอกชน,26,0,TRUE,NULL,NULL,NULL,NULL,NULL,NULL,NULL,NULL,NULL,NULL
10,อุบลราชธานี,โรงพยาบาลเอกชนร่มเกล้า,EKKACHONROAMKLAO HOSPITAL,11918,เอกชน,รพ.เอกชน,50,50,TRUE,NULL,NULL,NULL,NULL,NULL,NULL,NULL,NULL,NULL,NULL
10,อุบลราชธานี,โรงพยาบาลอุบลรักษ์ ธนบุรี,UBONRAK THONBURI HOSPITAL,11919,เอกชน,รพ.เอกชน,100,100,TRUE,จัดทำใบประกาศนียบัตร,NULL,NULL,NULL,NULL,NULL,NULL,NULL,NULL,NULL
10,อุบลราชธานี,โรงพยาบาลราชเวชอุบลราชธานี,RAJAVEJUBONRATCHATHANI HOSPITAL,11920,เอกชน,รพ.เอกชน,100,0,TRUE,NULL,NULL,NULL,NULL,NULL,NULL,NULL,NULL,NULL,NULL
10,ยโสธร,โรงพยาบาลนายแพทย์หาญ,DR.HAN HOSPITAL,11921,เอกชน,รพ.เอกชน,50,50,TRUE,NULL,NULL,NULL,NULL,NULL,NULL,NULL,NULL,NULL,NULL
8,หนองบัวลำภู,โรงพยาบาลวีระพลการแพทย์,VEERAPOLKANPAT HOSPITAL,11924,เอกชน,รพ.เอกชน,30,50,TRUE,NULL,NULL,NULL,NULL,NULL,NULL,NULL,NULL,NULL,NULL
7,ขอนแก่น,ศูนย์การแพทย์ โรงพยาบาลราชพฤกษ์,RATCHAPHRUEK HOSPITAL,11935,เอกชน,รพ.เอกชน,50,0,TRUE,NULL,NULL,NULL,NULL,NULL,NULL,NULL,NULL,NULL,NULL
7,ขอนแก่น,โรงพยาบาลขอนแก่นราม,KHONKAENRAM HOSPITAL,11936,เอกชน,รพ.เอกชน,100,0,TRUE,NULL,NULL,NULL,NULL,NULL,NULL,NULL,NULL,NULL,NULL
8,อุดรธานี,โรงพยาบาลชัยเกษมการแพทย์,CHAI KASEM MEDICAL HOSPITAL,11938,เอกชน,รพ.เอกชน,100,0,TRUE,NULL,NULL,NULL,NULL,NULL,NULL,NULL,NULL,NULL,NULL
8,อุดรธานี,โรงพยาบาลนอร์ทอีสเทอร์น วัฒนา,NORTH-EASTERN WATTANA GENERAL HOSPITAL,11939,เอกชน,รพ.เอกชน,100,60,TRUE,NULL,NULL,NULL,NULL,NULL,NULL,NULL,NULL,NULL,NULL
2,เพชรบูรณ์,โรงพยาบาลค่ายพ่อขุนผาเมือง,FORT PHOKHUNPHAMUEANG HOSPITAL,11946,กระทรวงกลาโหม,กรมแพทย์ทหารบก,90,30,TRUE,(คณะอนุกรรมการ)พิจารณารับรอง,4,การดูแลและป้องกัน Heat stroke ในกลุ่มทหารที่มีการฝึก,9023,"49,287",49106,181,5.14,2.38,"DM,HT,Stemi,Stroke,Sepsis,DHF,UGIB,Alc. withdrawal,Heat stroke,ESRD"
8,อุดรธานี,โรงพยาบาลเอกอุดร,AEKUDON HOSPITAL,11952,เอกชน,รพ.เอกชน,100,0,TRUE,NULL,NULL,NULL,NULL,NULL,NULL,NULL,NULL,NULL,NULL
8,อุดรธานี,โรงพยาบาลกรุงเทพอุดร,BANGKOK HOSPITAL UDON,11953,เอกชน,รพ.เอกชน,100,100,TRUE,NULL,2,ให้บริการด้านสุขภาพอย่างครบวงจรในผู้ป่วยทั่วไปและผู้ป่วยเฉพาะสาขา<br />-ผู้ป่วยอุบัติเหตุฉุกเฉิน เป็น Excellence  Center  of  Trauma<br />- สาขาศัลยกรรมทั่วไป ศัลยกรรมหัวใจและทรวงอก ศัลยกรรมยูโรวิทยา ศัลยกรรมตกแต่ง ศัลยกรรมประสาท ศัลยกรรมการผ่าตัดใส่สายสวนเพื่อรักษาภาวะหลอดเลือดแดงใหญ่โป่งพองในช่องท้อง<br />- สาขาศัลยกรรมกระดูกและข้อทั่วไป การผ่าตัดทางกล้องส่องข้อ ศัลยกรรมกระดูกสันหลัง ศัลยกรรมการบาดเจ็บทางออร์โธปิดิกส์ ศัลยกรรมเปลี่ยนข้อ เวชศาสตร์การกีฬา<br />- สาขาอายุรกรรมทั่วไป อายุรกรรมหัวใจและหลอดเลือด อายุรกรรมต่อมไร้ท่อ อายุรกรรมโรคทางเดินอาหารและตับ  อายุรกรรมโรคทรวงอก อายุรกรรมโรคไต อายุรกรรมโรคเลือด อายุรกรรมผิวหนัง                                                                              -  สาขาสูตินรีเวชกรรม เวชศาสตร์การเจริญพันธุ์ เวชศาสตร์มารดาและทารกในครรภ์ <br />- สาขากุมารเวชกรรมทั่วไป  กุมารเวชกรรมโรคหัวใจ กุมารเวชกรรมโรคติดเชื้อ กุมารเวชกรรมทารกแรกเกิด (Newborn)                                                                                                                                ,0,ปี 2563 (มกราคม - ธันวาคม ),108312,9031,85,2.7,1.กลุ่มผู้ป่วยอุบัติเหตุฉุกเฉิน                                                                                                      2.กลุ่มผู้โรคทางอายุกรรม                                                                                     3.กลุ่มผู้ป่วยโรคทางศัลยกรรมและศัลยกรรมกระดูก                                             4.กลุ่มผู้ป่วยแม่และเด็ก
8,เลย,โรงพยาบาลเมืองเลยราม,MUEANG LOEI RAM HOSPITAL,11955,เอกชน,รพ.เอกชน,100,0,TRUE,NULL,NULL,NULL,NULL,NULL,NULL,NULL,NULL,NULL,NULL
8,หนองคาย,โรงพยาบาลรวมแพทย์หนองคาย,RUAMPATNONGKHAI HOSPITAL,11956,เอกชน,รพ.เอกชน,50,0,TRUE,NULL,NULL,NULL,NULL,NULL,NULL,NULL,NULL,NULL,NULL
8,หนองคาย,โรงพยาบาลหนองคาย-วัฒนา,NONGKHAI WATTANA HOSPITAL,11957,เอกชน,รพ.เอกชน,100,50,TRUE,NULL,NULL,NULL,NULL,NULL,NULL,NULL,NULL,NULL,NULL
7,ร้อยเอ็ด,โรงพยาบาลร้อยเอ็ดธนบุรี,ROIETTHONBURI HOSPITAL,11963,เอกชน,รพ.เอกชน,100,0,TRUE,NULL,NULL,NULL,NULL,NULL,NULL,NULL,NULL,NULL,NULL
7,ร้อยเอ็ด,โรงพยาบาลทั่วไปขนาดใหญ่จุรีเวช,CHUREEVETCH HOSPITAL,11964,เอกชน,รพ.เอกชน,110,53,TRUE,NULL,NULL,NULL,NULL,NULL,NULL,NULL,NULL,NULL,NULL
7,กาฬสินธุ์,โรงพยาบาลธีรวัฒน์,THIRAWAT HOSPITAL,11965,เอกชน,รพ.เอกชน,50,0,TRUE,NULL,NULL,NULL,NULL,NULL,NULL,NULL,NULL,NULL,NULL
8,สกลนคร,โรงพยาบาลรักษ์สกล,RAKSAKOL HOSPITAL,11968,เอกชน,รพ.เอกชน,50,25,TRUE,NULL,NULL,NULL,NULL,NULL,NULL,NULL,NULL,NULL,NULL
10,มุกดาหาร,โรงพยาบาลมุกดาหารอินเตอร์เนชั่นแนล,MUKDAHAN  INTERNATIONAL HOSPITAL,11974,เอกชน,รพ.เอกชน,60,60,TRUE,จัดการทีมเยี่ยมสำรวจ,0,1. ศูนย์ไตเทียม<br />2. ศูนย์สลายนิ่ว<br />3. ศูนย์ผ่าตัดโดยการส่องกล้อง<br />4. ศูนย์การแพทย์เฉพาะทางด้านสูตินรีเวชกรรม<br />5. ศูนย์การแพทย์เฉพาะทางด้านกุมารเวชกรรม<br />6. ศูนย์การแพทย์เฉพาะทางด้านระบบทางเดินปัสสาวะ,0,ปี 2563 (วันที่ 1 มกราคม 2563 - วันที่ 31 ธันวาคม 2563),43876,2983,31.29,2.11,1. โรคเบาหวาน<br />2. โรคความดันโลหิตสูง<br />3. โรคติดเชื้อระบบทางเดินหายใจ<br />4. โรคติดต่อตามฤดูกาล<br />5. โรคติดเชื้อที่แพร่กระจายเฉพาะท้องถิ่น 
1,เชียงใหม่,โรงพยาบาลดารารัศมี,DARARASSAMEE HOSPITAL,11978,สนง.ตำรวจแห่งชาติ,สนง.ตำรวจแห่งชาติ,30,17,TRUE,NULL,16,1. พัฒนาการบริการด้านส่งเสริมสุขภาพ  ให้กับข้าราชการตำรวจสังกัดกองบัญชาการตำรวจภูธรภาค 5 และ ภาค 6 รวมจำนวน  17  จังหวัดภาคเหนือ<br />2.เป็นโรงพยาบาลชุมชนขนาดเล็ก  ที่ให้บริการตรวจรักษาโรคโดยแพทย์เฉพาะทางหลายสาขา   เช่น  อายุรแพทย์โรคไตและไตเทียม   จักษุแพทย์และการผ่าตัด   แพทย์หูคอจมูกและการผ่าตัด   แพทย์ออร์โธปิดิก   แพทย์ศัลยกรรมประสาท   ทันตแพทย์    นักกายภาพบำบัด   นวดแผนไทย   ,31704,ปี 2564 (ตุลาคม2563-กันยายน2564),42944,208,11.5,3.4,1. โรคไต<br />2. โรคความดันโลหิตสูง<br />3. โรคเบาหวาน<br />4. โรคไขมันในเลือดสูง
1,เชียงใหม่,โรงพยาบาลตาเซนต์ปีเตอร์,ST.PETER EYE HOSPITAL,11979,เอกชน,รพ.เอกชน,37,9,TRUE,NULL,NULL,NULL,NULL,NULL,NULL,NULL,NULL,NULL,NULL
1,เชียงใหม่,โรงพยาบาลแมคคอร์มิค,McCORMICK HOSPITAL,11980,เอกชน,รพ.เอกชน,400,340,TRUE,NULL,NULL,NULL,NULL,NULL,NULL,NULL,NULL,NULL,NULL
1,เชียงใหม่,โรงพยาบาลลานนา,LANNA HOSPITAL,11982,เอกชน,รพ.เอกชน,180,158,TRUE,NULL,NULL,NULL,NULL,NULL,NULL,NULL,NULL,NULL,NULL
1,เชียงใหม่,โรงพยาบาลทั่วไปขนาดเล็ก,NULL,11986,เอกชน,รพ.เอกชน,28,0,TRUE,NULL,NULL,NULL,NULL,NULL,NULL,NULL,NULL,NULL,NULL
1,เชียงใหม่,โรงพยาบาลราชเวช เชียงใหม่,RAJAVEJ CHIANGMAI HOSPITAL,11991,เอกชน,รพ.เอกชน,100,150,TRUE,NULL,NULL,NULL,NULL,NULL,NULL,NULL,NULL,NULL,NULL
1,เชียงใหม่,โรงพยาบาลเทพปัญญา 2 โรงพยาบาลทั่วไปขนาดกลาง,THEPPANYA HOSPITAL,11992,เอกชน,รพ.เอกชน,101,39,TRUE,NULL,NULL,NULL,NULL,NULL,NULL,NULL,NULL,NULL,NULL
1,เชียงใหม่,โรงพยาบาลทั่วไปขนาดใหญ่เทพปัญญา,THEPPANYA HOSPITAL,11994,เอกชน,รพ.เอกชน,109,109,TRUE,NULL,NULL,NULL,NULL,NULL,NULL,NULL,NULL,NULL,NULL
1,เชียงใหม่,โรงพยาบาลเซ็นทรัลเชียงใหม่ เมโมเรียล,CENTRAL CHIANGMAI MEMORIAL HOSPITAL,11995,เอกชน,รพ.เอกชน,120,60,TRUE,NULL,NULL,NULL,NULL,NULL,NULL,NULL,NULL,NULL,NULL
1,เชียงใหม่,โรงพยาบาลเชียงใหม่เมดิคอล เซ็นเตอร์,CHIANG MAI MEDICAL CENTER HOSPITAL,11999,เอกชน,รพ.เอกชน,100,60,TRUE,รอการจัดเยี่ยมสำรวจ,0,"การผ่าตัดศัลยกรรมทั่วไป, ศัลยกรรมกระดูก ",25746,"58,637 (เดือนมกราคม 2564 - เดือนธันวาคม 2564)",55038,3599,60.57,4.02,"1.โรคอุบัติใหม่  Covid-19<br />2.โรคฉุกเฉิน ได้แก่ STEMI, Stroke, Sepsis <br />3. โรคเรื้อรัง ได้แก่ เบาหวาน, ความดันโลหิตสูง, COPD, มะเร็ง, โรคพิษสุราเรื้อรัง (Alcoholism)<br />4. โรคติดเชื้อ ได้แก่ TB, HIV, DHF, การติดเชื้อทางเดินหายใจส่วนบน,  ภาวะติดเชื้อในกระแสโลหิต (Sepsis), Acute Gastro, Acute Diarrhea<br />5. โรคตามฤดูกาล เช่น ไข้เลือดออก, ระบบทางเดินอาหาร, ระบบทางเดินหายใจ, ผู้ป่วยติดเตียง, ติดสุรา <br />6. อุบัติเหตุทางการจราจร"
1,ลำพูน,โรงพยาบาลหริภุญชัย  เมโมเรียล,HARIPHUNCHAI MEMORIAL HOSPITAL,12000,เอกชน,รพ.เอกชน,80,100,TRUE,NULL,0,"เป็นโรงพยาบาลทั่วไประดับทุติยภูมิขั้นสูงที่มีแพทย์ผู้เชี่ยวชาญครบทุกสาขาหลัก  มีความเชี่ยวชาญเฉพาะด้านการดูแลผู้ป่วยทั่วไป ,ผู้ป่วยเฉพาะทางที่มีปัญหาซับซ้อน  ,ศูนย์ EMS ระดับ 2  , Trauma unit ,ศูนย์ผ่าตัดส่องกล้อง",0,ปี 2564 (1 มกราคม - 31 ธันวาคม ),216925,9895,83.3,0,"o	High Risk - Traumatic Brain, Multiple Injury, Acute appendicitis, Ectopic Pregnancy, MI, Sepsis, UGIH<br />o	High Volume -  URI/Pharyngitis, Diarrhea, Headache, Muscle strain, PU<br />o	Chronic Disease  - DM, HT, Dyslipidemia, Thalassemia, Thyrotoxicosis, CRF, Asthma/COPD<br />o	ติดต่อ  ระบาด – DHF, Influenza,  TB,  HIV/PCP, COVID-19<br />"
1,ลำปาง,โรงพยาบาลเขลางค์นครราม,KHELANGNAKORN HOSPITAL,12003,เอกชน,รพ.เอกชน,174,101,TRUE,NULL,NULL,NULL,NULL,NULL,NULL,NULL,NULL,NULL,NULL
1,ลำปาง,สถานพยาบาลแวนแซนต์วูร์ด,VANSANTVOORD HOSPITAL,12005,เอกชน,รพ.เอกชน,29,0,TRUE,NULL,NULL,NULL,NULL,NULL,NULL,NULL,NULL,NULL,NULL
1,แพร่,โรงพยาบาลแพร่คริสเตียน,PHRAECHISTIAN HOSPITAL,12011,เอกชน,รพ.เอกชน,60,43,TRUE,NULL,NULL,NULL,NULL,NULL,NULL,NULL,NULL,NULL,NULL
1,พะเยา,โรงพยาบาลพะเยาราม,PHAYAORAM HOSPITAL,12020,เอกชน,รพ.เอกชน,100,100,TRUE,NULL,NULL,NULL,NULL,NULL,NULL,NULL,NULL,NULL,NULL
1,เชียงราย,โรงพยาบาลโอเวอร์บรุ๊ค,OVERBROOK HOSPITAL,12024,เอกชน,รพ.เอกชน,246,238,TRUE,จัดทำใบประกาศนียบัตร,0,Humanize care,0,ปี 2563 ( 1 พฤษภาคม 2563 - 30 เมษายน 2064),175282,159000,44.89,2.47,กลุ่มโรคสำคัญ<br />AMI<br />SEPSIS<br />STROKE<br />TBI<br />PPH
1,เชียงราย,โรงพยาบาลเกษมราษฎร์ ศรีบุรินทร์,KASEMRAD SRIBURIN HOSPITAL,12026,เอกชน,รพ.เอกชน,120,120,TRUE,NULL,NULL,NULL,NULL,NULL,NULL,NULL,NULL,NULL,NULL
3,นครสวรรค์,โรงพยาบาลพริ้นซ์ ปากน้ำโพ 1 โรงพยาบาลทั่วไปขนาดใหญ่,PRINC HOSPITAL PAKNAMPO,12030,เอกชน,รพ.เอกชน,100,68,TRUE,NULL,NULL,NULL,NULL,NULL,NULL,NULL,NULL,NULL,NULL
3,นครสวรรค์,โรงพยาบาลรวมแพทย์นครสวรรค์,RUAMPHAT HOSPITAL NAKHONSAWAN,12033,เอกชน,รพ.เอกชน,53,0,TRUE,NULL,NULL,NULL,NULL,NULL,NULL,NULL,NULL,NULL,NULL
3,นครสวรรค์,โรงพยาบาลพริ้นซ์ ปากน้ำโพ 2 โรงพยาบาลทั่วไปขนาดใหญ่,PRINC HOSPITAL PAKNAMPO 2,12034,เอกชน,รพ.เอกชน,100,60,TRUE,NULL,0,NULL,0,NULL,0,0,0,0,NULL
3,นครสวรรค์,โรงพยาบาลร่มฉัตร,ROM CHAT HOSPITAL,12042,เอกชน,รพ.เอกชน,100,100,TRUE,NULL,NULL,NULL,NULL,NULL,NULL,NULL,NULL,NULL,NULL
3,นครสวรรค์,โรงพยาบาลศรีสวรรค์,SRISAWAN HOSPITAL,12044,เอกชน,รพ.เอกชน,100,0,TRUE,NULL,NULL,NULL,NULL,NULL,NULL,NULL,NULL,NULL,NULL
3,นครสวรรค์,สถานพยาบาลเวชกรรมพาเลช,NULL,12046,เอกชน,รพ.เอกชน,10,0,TRUE,NULL,NULL,NULL,NULL,NULL,NULL,NULL,NULL,NULL,NULL
3,กำแพงเพชร,สถานพยาบาลนายแพทย์บัณฑิต,NULL,12049,เอกชน,รพ.เอกชน,10,0,TRUE,NULL,NULL,NULL,NULL,NULL,NULL,NULL,NULL,NULL,NULL
3,กำแพงเพชร,โรงพยาบาลเอกชนเมืองกำแพง,AIKACHONMUENGKAMPANG HOSPITAL,12050,เอกชน,รพ.เอกชน,120,50,TRUE,รอการจัดเยี่ยมสำรวจ,5,-,727807,ปี 2563 (เดือนมกราคม - ธันวาคม),28405,4840,59.01,2,High Risk Patient<br />1.Stroke<br />2.STEMI<br />3.Sepsis<br />4.HI<br />5.Multiple truma
2,ตาก,โรงพยาบาลแม่สอดราม,MAESOTRAM HOSPITAL,12055,เอกชน,รพ.เอกชน,100,0,TRUE,NULL,NULL,NULL,NULL,NULL,NULL,NULL,NULL,NULL,NULL
2,สุโขทัย,สถานพยาบาลหมออาคม,NULL,12056,เอกชน,รพ.เอกชน,23,0,TRUE,NULL,NULL,NULL,NULL,NULL,NULL,NULL,NULL,NULL,NULL
2,สุโขทัย,โรงพยาบาลพัฒนเวชสุโขทัย,PHATTHANAWET HOSPITAL,12057,เอกชน,รพ.เอกชน,50,0,TRUE,NULL,NULL,NULL,NULL,NULL,NULL,NULL,NULL,NULL,NULL
2,สุโขทัย,โรงพยาบาลรวมแพทย์สุโขทัย,RUAMPHAT HOSPITAL SUKHOTHAI,12058,เอกชน,รพ.เอกชน,60,0,TRUE,NULL,NULL,NULL,NULL,NULL,NULL,NULL,NULL,NULL,NULL
2,พิษณุโลก,โรงพยาบาลพิษณุโลกฮอสพิทอล,INTERMEDICAL HOSPITAL,12063,เอกชน,รพ.เอกชน,100,60,TRUE,NULL,NULL,NULL,NULL,NULL,NULL,NULL,NULL,NULL,NULL
2,พิษณุโลก,โรงพยาบาลรังสีรักษาและเวชศาสตร์นิวเคลียร,NULL,12064,เอกชน,รพ.เอกชน,26,0,TRUE,NULL,NULL,NULL,NULL,NULL,NULL,NULL,NULL,NULL,NULL
2,พิษณุโลก,โรงพยาบาลรวมแพทย์พิษณุโลก,RUAMPHAT PHISANULOK HOSPITAL,12065,เอกชน,รพ.เอกชน,100,0,TRUE,NULL,NULL,NULL,NULL,NULL,NULL,NULL,NULL,NULL,NULL
2,พิษณุโลก,โรงพยาบาลโรงพยาบาลเด็กกรุงเทพพิษณุโลกโรงพยาบาลเฉพาะทางขนาดเล็ก,NULL,12066,เอกชน,รพ.เอกชน,60,0,TRUE,NULL,NULL,NULL,NULL,NULL,NULL,NULL,NULL,NULL,NULL
2,พิษณุโลก,โรงพยาบาลกรุงเทพพิษณุโลก,BANGKOK HOSPITAL PHITSANULOK,12067,เอกชน,รพ.เอกชน,100,159,TRUE,NULL,NULL,NULL,NULL,NULL,NULL,NULL,NULL,NULL,NULL
2,พิษณุโลก,โรงพยาบาลพิษณุเวช,PITSANUVEJ HOSPITAL,12069,เอกชน,รพ.เอกชน,150,0,TRUE,NULL,NULL,NULL,NULL,NULL,NULL,NULL,NULL,NULL,NULL
3,พิจิตร,โรงพยาบาลสหเวช,SAHAVEJ HOSPITAL,12071,เอกชน,รพ.เอกชน,90,90,TRUE,NULL,NULL,NULL,NULL,NULL,NULL,NULL,NULL,NULL,NULL
3,พิจิตร,สถานพยาบาลเวชกรรมทัศนเวช,NULL,12072,เอกชน,รพ.เอกชน,10,0,TRUE,NULL,NULL,NULL,NULL,NULL,NULL,NULL,NULL,NULL,NULL
2,เพชรบูรณ์,สถานพยาบาลเวชกรรมนครหล่ม,NULL,12076,เอกชน,รพ.เอกชน,30,10,TRUE,NULL,NULL,NULL,NULL,NULL,NULL,NULL,NULL,NULL,NULL
2,เพชรบูรณ์,โรงพยาบาลเมืองเพชร,NULL,12078,เอกชน,รพ.เอกชน,50,50,TRUE,NULL,NULL,NULL,NULL,NULL,NULL,NULL,NULL,NULL,NULL
2,เพชรบูรณ์,โรงพยาบาลเพชรรัตน์,PHETCHARAT HOSPITAL,12079,เอกชน,รพ.เอกชน,50,50,TRUE,NULL,NULL,NULL,NULL,NULL,NULL,NULL,NULL,NULL,NULL
5,ราชบุรี,สถานพยาบาลหมอสงวน,NULL,12086,เอกชน,รพ.เอกชน,10,0,TRUE,NULL,NULL,NULL,NULL,NULL,NULL,NULL,NULL,NULL,NULL
5,ราชบุรี,สถานพยาบาลแพทย์ประดิษฐ์,NULL,12093,เอกชน,รพ.เอกชน,10,0,TRUE,NULL,NULL,NULL,NULL,NULL,NULL,NULL,NULL,NULL,NULL
5,ราชบุรี,โรงพยาบาลพร้อมแพทย์,NULL,12097,เอกชน,รพ.เอกชน,50,0,TRUE,NULL,NULL,NULL,NULL,NULL,NULL,NULL,NULL,NULL,NULL
5,ราชบุรี,โรงพยาบาลกรุงเทพเมืองราช โรงพยาบาลทั่วไปขนาดใหญ่,BANGKOK HOSPITAL MUANGRAJ,12098,เอกชน,รพ.เอกชน,186,100,TRUE,ยืนยันการเยี่ยม,NULL,NULL,NULL,NULL,NULL,NULL,NULL,NULL,NULL
5,ราชบุรี,โรงพยาบาลซานคามิลโล,SANCAMILLO HOSPITAL,12103,เอกชน,รพ.เอกชน,100,100,TRUE,NULL,45,ผ่าตัดข้อเข่าโดยใช้กล้อง,50000,2564,0,0,0,0,กลุ่มโรคเบาหวาน ความดันโลหิตสูง Sepsis
5,กาญจนบุรี,สถานพยาบาลท่าเรือ,NULL,12104,เอกชน,รพ.เอกชน,29,0,TRUE,NULL,NULL,NULL,NULL,NULL,NULL,NULL,NULL,NULL,NULL
5,กาญจนบุรี,โรงพยาบาลธนกาญจน์,NULL,12107,เอกชน,รพ.เอกชน,100,0,TRUE,NULL,NULL,NULL,NULL,NULL,NULL,NULL,NULL,NULL,NULL
5,กาญจนบุรี,โรงพยาบาลกาญจนบุรีเมโมเรียล,NULL,12110,เอกชน,รพ.เอกชน,100,0,TRUE,NULL,NULL,NULL,NULL,NULL,NULL,NULL,NULL,NULL,NULL
5,กาญจนบุรี,สถานพยาบาลคริสเตียนแม่น้ำแควน้อย,NULL,12113,เอกชน,รพ.เอกชน,25,0,TRUE,NULL,NULL,NULL,NULL,NULL,NULL,NULL,NULL,NULL,NULL
5,สุพรรณบุรี,โรงพยาบาลศุภมิตรโรงพยาบาลทั่วไปขนาดใหญ่,SUPAMITR HOSPITAL,12119,เอกชน,รพ.เอกชน,179,179,TRUE,NULL,NULL,NULL,NULL,NULL,NULL,NULL,NULL,NULL,NULL
5,สุพรรณบุรี,โรงพยาบาลหมอสำเริงโรงพยาบาลทั่วไปขนาดเล็ก,NULL,12120,เอกชน,รพ.เอกชน,26,0,TRUE,NULL,NULL,NULL,NULL,NULL,NULL,NULL,NULL,NULL,NULL
5,สุพรรณบุรี,โรงพยาบาลธนบุรี – อู่ทอง,THON BURI - U THONG HOSPITAL,12122,เอกชน,รพ.เอกชน,30,30,TRUE,NULL,NULL,NULL,NULL,NULL,NULL,NULL,NULL,NULL,NULL
5,สุพรรณบุรี,โรงพยาบาลวิภาวดี - ปิยะราษฏร์,VIBHAVADI - PIYARAT HOSPITAL,12123,เอกชน,รพ.เอกชน,60,0,TRUE,NULL,NULL,NULL,NULL,NULL,NULL,NULL,NULL,NULL,NULL
5,นครปฐม,โรงพยาบาลกรุงเทพคริสเตียน,THE BANGKOK CHRISTIAN HOSPITAL,12126,เอกชน,รพ.เอกชน,100,244,TRUE,NULL,NULL,NULL,NULL,NULL,NULL,NULL,NULL,NULL,NULL
5,นครปฐม,โรงพยาบาลเทพากร,TEPAKORN HOSPITAL,12127,เอกชน,รพ.เอกชน,30,0,TRUE,NULL,NULL,NULL,NULL,NULL,NULL,NULL,NULL,NULL,NULL
5,นครปฐม,โรงพยาบาลกรุงเทพสนามจันทร์,BANGKOK HOSPITAL SANAMCHAN,12128,เอกชน,รพ.เอกชน,220,220,TRUE,NULL,0,"Trauma , Cardiovascular , Neuroscience , Orthopedic,Medical Transportation , Hemodialysis .",0,ปี 2564 ,200886,12590,100,3,"กลุ่มโรคเรื้อรัง( non communicable diseases): ความดันโลหิตสูง , เบาหวาน , โรคหลอดเลือดสมอง , โรคไตเรื้อรัง , โรคหลอดเลือดหัวใจ <br />ผู้ป่วยอุบัติเหตุจราจร , Fall ."
5,นครปฐม,โรงพยาบาลศาลายา,SALAYA HOSPITAL,12131,เอกชน,รพ.เอกชน,30,0,TRUE,NULL,NULL,NULL,NULL,NULL,NULL,NULL,NULL,NULL,NULL
5,สมุทรสาคร,โรงพยาบาลทั่วไปขนาดเล็กเจษฎาเวชการ,JESSADA HOSPITAL,12137,เอกชน,รพ.เอกชน,10,10,TRUE,NULL,NULL,NULL,NULL,NULL,NULL,NULL,NULL,NULL,NULL
5,สมุทรสาคร,โรงพยาบาลมหาชัย,MAHACHAI HOSPITAL,12139,เอกชน,รพ.เอกชน,100,108,TRUE,NULL,NULL,NULL,NULL,NULL,NULL,NULL,NULL,NULL,NULL
5,สมุทรสาคร,โรงพยาบาลวิชัยเวช อินเตอร์เนชั่นแนล สมุทรสาคร,VICHAIVEJ INTERNATIONAL HOSPITAL SAMUTSAKHON,12140,เอกชน,รพ.เอกชน,120,106,TRUE,รอการจัดเยี่ยมสำรวจ,10,งานอาชีวเวชศาสตร์,688,"100,000",249768,4260,76.76,6.31,Stoke Trauma AMI Sepsis 
5,สมุทรสาคร,โรงพยาบาลมหาชัย 2,MAHACHAI 2 HOSPITAL,12143,เอกชน,รพ.เอกชน,200,200,TRUE,รอการจัดเยี่ยมสำรวจ,230,บริการทางการแพทย์ที่หลากหลาย พฤติกรรมบริการที่ดี,0,ปี 2564 (มกราคม 2564-กันยายน 2564),342560,16265,107,6.89,"Covid19/Malignancy/Acute MI/Acute Stroke/Head injury/DM/HT,Pre term new born"
5,สมุทรสาคร,โรงพยาบาลวิชัยเวช อินเตอร์เนชั่นแนล อ้อมน้อย,VICHAIVEJ INTERNATIONAL HOSPITAL OMNOI,12144,เอกชน,รพ.เอกชน,196,185,TRUE,รอการจัดเยี่ยมสำรวจ,0,การดูแลผู้ป่วย Trauma และผู้ป่วยโรคหลอดเลือดสมอง,111457,2564 (ตุลาคม 2563 - มิถุนายน 2564),324638,9410,70.28,4.15,"Sepsis , STEMI , Stroke , DM , Multiple Trauma , TB , Open Fracture long bone , Ectopic pregnancy , Febrile convulsion , Covid-19"
5,สมุทรสงคราม,โรงพยาบาลมหาชัยแม่กลองโรงพยาบาลทั่วไปขนาดกลาง,MAHACHAI MAE KLONG HOSPITAL,12145,เอกชน,รพ.เอกชน,60,34,TRUE,NULL,NULL,NULL,NULL,NULL,NULL,NULL,NULL,NULL,NULL
5,เพชรบุรี,สถานพยาบาลผลกำเนิดศิริ,NULL,12149,เอกชน,รพ.เอกชน,10,0,TRUE,NULL,NULL,NULL,NULL,NULL,NULL,NULL,NULL,NULL,NULL
5,เพชรบุรี,โรงพยาบาลมหาชัยเพชรรัชต์โรงพยาบาลทั่วไปขนาดใหญ่,MAHACHAIPETCHARAT HOSPITAL,12159,เอกชน,รพ.เอกชน,100,30,TRUE,NULL,NULL,NULL,NULL,NULL,NULL,NULL,NULL,NULL,NULL
5,ประจวบคีรีขันธ์,สถานพยาบาลชีวาศรม,NULL,12164,เอกชน,รพ.เอกชน,59,0,TRUE,NULL,NULL,NULL,NULL,NULL,NULL,NULL,NULL,NULL,NULL
11,นครศรีธรรมราช,โรงพยาบาลนครินทร์,NAKHARIN HOSPITAL,12167,เอกชน,รพ.เอกชน,157,120,TRUE,NULL,5,"การให้บริการที่สร้างความพึงพอใจ , รักษาผู้ป่วยโรคทั่วไป",130000,"131,596",130000,147850,61.97,2.47,"ACS, Sepsis, STROKE, COVID-19"
11,นครศรีธรรมราช,สถานพยาบาลรวมแพทย์ทุ่งสง,NULL,12168,เอกชน,รพ.เอกชน,25,0,TRUE,NULL,NULL,NULL,NULL,NULL,NULL,NULL,NULL,NULL,NULL
11,นครศรีธรรมราช,โรงพยาบาลนครคริสเตียน,NULL,12169,เอกชน,รพ.เอกชน,50,0,TRUE,NULL,NULL,NULL,NULL,NULL,NULL,NULL,NULL,NULL,NULL
11,กระบี่,สถานพยาบาลรวมแพทย์,NULL,12175,เอกชน,รพ.เอกชน,25,0,TRUE,NULL,NULL,NULL,NULL,NULL,NULL,NULL,NULL,NULL,NULL
11,ภูเก็ต,โรงพยาบาลสิริโรจน์,NULL,12180,เอกชน,รพ.เอกชน,105,0,TRUE,NULL,NULL,NULL,NULL,NULL,NULL,NULL,NULL,NULL,NULL
11,ภูเก็ต,โรงพยาบาลกรุงเทพภูเก็ต,BANGKOK HOSPITAL PHUKET,12184,เอกชน,รพ.เอกชน,200,230,TRUE,NULL,NULL,NULL,NULL,NULL,NULL,NULL,NULL,NULL,NULL
11,ภูเก็ต,โรงพยาบาลมิชชั่นภูเก็ต,MISSION  HOSPITAL  PHUKET,12185,เอกชน,รพ.เอกชน,50,82,TRUE,รอการจัดเยี่ยมสำรวจ,0,"การดูแลผู้ป่วยกลุ่มแม่และเด็ก , การส่งเสริมสุขภาพด้วยอาหารมังสวิรัติ   ,เชี่ยวชาญโรคTB HIV, ศัลยกรรมผ่าตัดผ่านกล้อง Arthroscope  endospine TOETVA Laparoscopic cholecystectomy ,รพ.เอกชนรับผู้ป่วยประกันสังคม ให้บริการด้วยหัวใจและความรักแบบคริสเตียน",0,ปี2564,208610,4274,0,0,"1.	โรคกลุ่มฉุกเฉิน ได้แก่  MI severe head injury<br />2.	โรคกลุ่มอุบัติเหตุจราจร<br />3.	โรคเรื้อรัง ได้แก่ โรคเบาหวาน<br />4.	โรคระบาด/ติดเชื้อได้แก่  TB ,HIV . covid-19<br />5.	 โรคที่มีข้อจำกัดในการให้บริการ / ต้องส่งต่อ:โรคมะเร็งทุกระบบ โรคจิตเวชที่รุนแรง โรคไตวาย โรคทางศัลยกรรมหลอดเลือด  ระบบประสาท  จักษุ  MI"
11,สุราษฎร์ธานี,โรงพยาบาลทักษิณ,THAKSIN  HOSPITAL,12188,เอกชน,รพ.เอกชน,190,0,TRUE,NULL,NULL,NULL,NULL,NULL,NULL,NULL,NULL,NULL,NULL
11,สุราษฎร์ธานี,โรงพยาบาลศรีวิชัย สุราษฎร์ธานี,SRIVICHAI HOSPITAL SURATTHANI,12189,เอกชน,รพ.เอกชน,50,0,TRUE,NULL,NULL,NULL,NULL,NULL,NULL,NULL,NULL,NULL,NULL
11,สุราษฎร์ธานี,โรงพยาบาลบ้านดอนอินเตอร์,BANDON INTERNATIONAL HOSPITAL,12195,เอกชน,รพ.เอกชน,32,0,TRUE,NULL,NULL,NULL,NULL,NULL,NULL,NULL,NULL,NULL,NULL
11,สุราษฎร์ธานี,โรงพยาบาลเวียงเวช,VIENGVECH HOSPITAL,12196,เอกชน,รพ.เอกชน,10,0,TRUE,NULL,NULL,NULL,NULL,NULL,NULL,NULL,NULL,NULL,NULL
11,ชุมพร,โรงพยาบาลวิรัชศิลป์,VIRAJSILP HOSPITAL,12204,เอกชน,รพ.เอกชน,100,88,TRUE,NULL,NULL,NULL,NULL,NULL,NULL,NULL,NULL,NULL,NULL
11,ชุมพร,สถานพยาบาลหมอเล็ก ชุมพร,NULL,12205,เอกชน,รพ.เอกชน,30,0,TRUE,NULL,NULL,NULL,NULL,NULL,NULL,NULL,NULL,NULL,NULL
12,สงขลา,โรงพยาบาลมิตรภาพสามัคคี (มูลนิธิท่งเซียเซี่ยงตึ้ง),NULL,12212,เอกชน,รพ.เอกชน,56,0,TRUE,NULL,NULL,NULL,NULL,NULL,NULL,NULL,NULL,NULL,NULL
12,สงขลา,สถานพยาบาลพัทยเวช,NULL,12218,เอกชน,รพ.เอกชน,30,0,TRUE,NULL,NULL,NULL,NULL,NULL,NULL,NULL,NULL,NULL,NULL
12,สงขลา,โรงพยาบาลศิครินทร์ หาดใหญ่,SIKARIN HATYAI HOSPITAL,12221,เอกชน,รพ.เอกชน,200,200,TRUE,รอการจัดเยี่ยมสำรวจ,0,ศูนย์อุบัติเหตุ,0,ปี2563(มกราคม-ธันวาคม),171859,15924,48.6,2,"Acute myocardia infarction,Stroke,Trauma ,Sepsis"
12,สงขลา,โรงพยาบาลราษฎร์ยินดี,RAJYINDEE HOSPITAL,12222,เอกชน,รพ.เอกชน,196,139,TRUE,จัดทำใบประกาศนียบัตร,31,Stroke,0,2564(Q1),29752,2546,5410,2.22,Stroke
12,สงขลา,โรงพยาบาลกรุงเทพหาดใหญ่,BANGKOK HOSPITAL HATYAI,12223,เอกชน,รพ.เอกชน,180,180,TRUE,รอการจัดเยี่ยมสำรวจ,0,• Heart<br />• Neuro<br />• Wellness & Occ health<br />• Women's health<br />• Ortho & Trauma<br />• Medicine & NDCs,0,217935,188234,29701,114,1.42,• กลุ่มผู้ป่วยโรคหัวใจ (รักษาเร็ว ปลอดภัย)<br />• กลุ่มผู้ป่วยผ่าตัดผ่านกล้อง ( แผลเล็ก เจ็บน้อย)<br />• กลุ่มผู้ป่วยโรคระบบประสาทและสมอง (รักษาเร็ว ปลอดภัย ลดความพิการ)<br />• กลุ่มผู้ป่วยอุบัติเหตุ (รักษาเร็ว ปลอดภัย) <br />• กลุ่มผู้รับบริการตรวจสุขภาพ (คัดกรองสุขภาพถูกต้อง)<br />• กลุ่มผู้ป่วยผู้สูงอายุ (รักษาเร็ว ปลอดภัย)<br />• กลุ่มผู้ป่วยเด็ก (รักษาเร็ว ปลอดภัย)<br />• กลุ่มผู้ป่วยใหม่ (รักษาเร็ว บริการดี ปลอดภัย)<br />• กลุ่มผู้ป่วยระดับมงกุฏ (บริการดี ปลอดภัย)
12,ตรัง,โรงพยาบาลวัฒนแพทย์ตรัง,WATTANAPAT HOSPITAL TRANG,12226,เอกชน,รพ.เอกชน,120,120,TRUE,NULL,NULL,NULL,NULL,NULL,NULL,NULL,NULL,NULL,NULL
12,ตรัง,โรงพยาบาลราชดำเนิน,NULL,12228,เอกชน,รพ.เอกชน,50,0,TRUE,NULL,NULL,NULL,NULL,NULL,NULL,NULL,NULL,NULL,NULL
12,ตรัง,โรงพยาบาลทีอาร์พีเอช,TRPH HOSPITAL,12230,เอกชน,รพ.เอกชน,200,120,TRUE,NULL,5,"Interventional cardiology, Neurointerventional radiology, Interventional radiology, ERCP: Endoscopic retrograde cholangio pancreatography",0,ปี 2563 (เดือนมกราคม 2563 - เดือนธันวาคม 2563,82001,10469,50.48,2.35,(1) AMI (2) Stroke (3) Gallstone or Biliarystone (4) Cesarean section (5) Appendiccitis (6) Head injury (7) Pneumonia (8) Sepsis (9) DHF (10) DHF: Dengue hemorrhagic fever) 
12,ตรัง,สถานพยาบาลเอกชนห้วยยอด,NULL,12232,เอกชน,รพ.เอกชน,10,0,TRUE,NULL,NULL,NULL,NULL,NULL,NULL,NULL,NULL,NULL,NULL
12,พัทลุง,สถานพยาบาลรวมแพทย์ พัทลุง,NULL,12233,เอกชน,รพ.เอกชน,26,0,TRUE,NULL,NULL,NULL,NULL,NULL,NULL,NULL,NULL,NULL,NULL
12,พัทลุง,โรงพยาบาลปิยะรักษ์,PIYARAK HOSPITAL,12235,เอกชน,รพ.เอกชน,50,0,TRUE,NULL,NULL,NULL,NULL,NULL,NULL,NULL,NULL,NULL,NULL
12,ยะลา,โรงพยาบาลทั่วไปขนาดกลางสิโรรส ยะลา,SIROROS HOSPITAL,12238,เอกชน,รพ.เอกชน,100,60,TRUE,ยืนยันการเยี่ยม,0,-,0,-,0,0,0,0,-
13,กรุงเทพมหานคร,โรงพยาบาลส่งเสริมสุขภาพ ศูนย์อนามัยที่ 13,"HEALTH PROMOTING HOSPITAL, REGIONAL HEALTH CENTER 13",12243,รัฐในสังกัดกระทรวงสาธารณสุข (สธ.),กรมอนามัย,50,0,TRUE,NULL,NULL,NULL,NULL,NULL,NULL,NULL,NULL,NULL,NULL
13,กรุงเทพมหานคร,สถาบันจิตเวชศาสตร์สมเด็จเจ้าพระยา,SOMDETCHAOPRAYA INSTITUTE OF PSYCHIATRY,12244,รัฐในสังกัดกระทรวงสาธารณสุข (สธ.),กรมสุขภาพจิต,500,500,TRUE,NULL,NULL,NULL,NULL,NULL,NULL,NULL,NULL,NULL,NULL
13,กรุงเทพมหานคร,สถาบันราชานุกูล,RAJANUKUL INSTITUTE,12246,รัฐในสังกัดกระทรวงสาธารณสุข (สธ.),กรมสุขภาพจิต,300,300,TRUE,ยืนยันการเยี่ยม,0,จิตเวชเด็กและวัยรุ่น (บริการเพื่อเด็กบกพร่องทางสติปัญญา),5701394, ปี 2563(เดือนมกราคม 2563- เดือนธันวาคม 2563),38243,14794,56.08,5,1)PDDs 2)Mental Retardation 3)Developmental Disorders <br />4)ADHD 5)Learning Disorders 6)Down's Syndrome 7)โรคจิตเวชอื่นๆ
13,กรุงเทพมหานคร,สถาบันพยาธิวิทยา กรมการแพทย์ กระทรวงสาธารณสุข,"INSTITUTE OF PATHOLOGY DEPARTMENT OF MEDICAL SERVICES, MINISTRY OF PUBLIC HEALTH",12248,รัฐในสังกัดกระทรวงสาธารณสุข (สธ.),กรมการแพทย์,0,0,TRUE,NULL,NULL,NULL,NULL,NULL,NULL,NULL,NULL,NULL,NULL
13,กรุงเทพมหานคร,สถาบันโรคผิวหนัง,THE INSTITUTE OF DERMATOLOGY,12249,รัฐในสังกัดกระทรวงสาธารณสุข (สธ.),กรมการแพทย์,43,43,TRUE,NULL,NULL,NULL,NULL,NULL,NULL,NULL,NULL,NULL,NULL
13,กรุงเทพมหานคร,สถาบันมะเร็งแห่งชาติ,NATIONAL CANCER INSTITUTE,12250,รัฐในสังกัดกระทรวงสาธารณสุข (สธ.),กรมการแพทย์,200,163,TRUE,จัดการทีมเยี่ยมสำรวจ,0,ให้บริการตรวจ วินิจฉัยรักษาผู้ป่วยโรคมะเร็ง ให้บริการทางวิชาการด้านโรคมะเร็ง  ให้การสนับสนุน จัดทำแผนการป้องกันและควบคุมโรคมะเร็งของประเทศ,0,ปี 2564 (ตุลาคม 2563-มีนาคม 2564),112652,3140,51.6,5.23,โรคมะเร็งทุกระบบ
6,สมุทรปราการ,โรงพยาบาลยุวประสาทไวทโยปถัมภ์,YUWAPRASART WAITAYOPATHUM CHILD AND ADOLESCENT PSYCHIATRIC HOSPITAL,12251,รัฐในสังกัดกระทรวงสาธารณสุข (สธ.),กรมสุขภาพจิต,150,150,TRUE,NULL,NULL,NULL,NULL,NULL,NULL,NULL,NULL,NULL,NULL
6,สมุทรปราการ,โรงพยาบาลสถาบันราชประชาสมาสัย,RAJPRACHASAMASAI INSTITUBE,12252,รัฐในสังกัดกระทรวงสาธารณสุข (สธ.),กรมควบคุมโรค,200,150,TRUE,NULL,15,การดูแลรักษาผู้ป่วยโรคเรื้อนโรคเรื้อน,424,"จำนวนผู้รับบริการ ปี 2564   (ตุลาคม 2563 – 30 กันยายน 2564) 97,729",97729,561,31.9,18.5,"NCD, Dermatitis, Senile Catarct, Chronic Ulcer, Sepsis"
4,นนทบุรี,สถาบันโรคทรวงอก,CENTRAL CHEST INSTITUTE OF THAILAND,12256,รัฐในสังกัดกระทรวงสาธารณสุข (สธ.),กรมการแพทย์,313,330,TRUE,จัดทำใบประกาศนียบัตร,NULL,NULL,NULL,NULL,NULL,NULL,NULL,NULL,NULL
4,นนทบุรี,โรงพยาบาลสถาบันบำราศนราดูร,BAMRASARADURA INFECTIOUS DISEASES INSTUTUTE,12257,รัฐในสังกัดกระทรวงสาธารณสุข (สธ.),กรมควบคุมโรค,650,230,TRUE,NULL,0,"ให้บริการป้องกัน ควบคุม ตรวจวินิจฉัย รักษา พยาบาลโดยเฉพาะผู้ป่วยโรคติดต่อและโรคอุบัติใหม่/ อุบัติซ้ำ ผู้ติดเชื้อ HIV/ AIDS, ผู้ป่วยโรคติดเชื้อทางเดินหายใจ, โรคติดเชื้อในโรงพยาบาล เพื่อนำไปสู่การศึกษาวิจัยและถ่ายทอดองค์ความรู้, การบริหารจัดการเพื่อตอบโต้ภาวะฉุกเฉินด้านการสาธารณสุข",0,จำนวนผู้รับบริการ ปี 2563 (1 ตุลาคม 2562 – 30 มิถุนายน 2563)  ,175095,4404,41.35,6.27,"ได้แก่ ผู้ป่วยโรคติดต่อและโรคอุบัติใหม่/ อุบัติซ้ำ ผู้ติดเชื้อ HIV/ AIDS, ผู้ป่วยโรคติดเชื้อทางเดินหายใจ"
4,นนทบุรี,สถาบันสิรินธรเพื่อการฟื้นฟูสมรรถภาพทางการแพทย์แห่งชาติ,SIRINDHORN NATIONAL MEDICAL REHABILITATION INSTITUTE,12258,รัฐในสังกัดกระทรวงสาธารณสุข (สธ.),กรมการแพทย์,60,60,TRUE,NULL,0,บริการฟื้นฟูสมรรถภาพทางการแพทย์สำหรับผู้ป่วย,0,ปี 2564,113644,382,73.28,16.11,Hemiplegia
4,นนทบุรี,โรงพยาบาลศรีธัญญา,SRITHANYAHOSPITAL,12260,รัฐในสังกัดกระทรวงสาธารณสุข (สธ.),กรมสุขภาพจิต,1430,750,TRUE,จัดทำใบประกาศนียบัตร,NULL,NULL,NULL,NULL,NULL,NULL,NULL,NULL,NULL
4,นนทบุรี,โรงพยาบาลสถาบันทันตกรรม,INSTITUTE of DENTISTRY,12261,รัฐในสังกัดกระทรวงสาธารณสุข (สธ.),กรมการแพทย์,0,0,TRUE,NULL,NULL,NULL,NULL,NULL,NULL,NULL,NULL,NULL,NULL
4,ปทุมธานี,สถาบันบำบัดรักษาและฟื้นฟูผู้ติดยาเสพติดแห่งชาติบรมราชชนนี,PRINCESS MOTHER NATIONAL INSTITUTE ON DRUG ABUSE TREATMENT,12262,รัฐในสังกัดกระทรวงสาธารณสุข (สธ.),กรมการแพทย์,700,550,TRUE,NULL,5,1. ให้การบำบัดฟื้นฟูผู้ติดยาและสารเสพติดระดับตติยภูมิ ด้วยหัวใจของความเป็นมนุษย์                                                                                 2. การอบรมถ่ายทอดเทคโนโลยีด้านการบำบัดรักษาแก่บุคคลากรทั้งระดับวิชาชีพ และ ไม่ใช่วิชาชีพ                                                          3. ตรวจประเมินเพื่อจัดตั้ง และ รับรองคุณภาพสถานพยาบาลยาเสพติด,0,ปีงบประมาณ 2562,35079,2011,64.15,65.8,"ผู้ป่วยเสพติด ยาบ้า  ยาไอซ์,ผู้ป่วยเสพติดสุรา  บุหรี่และผู้ป่วยเสพติดเฮโรอีน"
4,สระบุรี,โรงพยาบาลส่งเสริมสุขภาพ ศูนย์อนามัยที่ 4 สระบุรี,HEALTH PROMOTION HOSPITAL REGIONAL HEALTH PROMOTION CENTER 4 SARABURI,12266,รัฐในสังกัดกระทรวงสาธารณสุข (สธ.),กรมอนามัย,30,0,TRUE,NULL,NULL,NULL,NULL,NULL,NULL,NULL,NULL,NULL,NULL
9,นครราชสีมา,โรงพยาบาลส่งเสริมสุขภาพ ศูนย์อนามัยที่ 9 นครราชสีมา,"HEALTH PROMOTION HOSPITAL, REGIONAL CENTER 5 NAKHONRATCHASIMA",12267,รัฐในสังกัดกระทรวงสาธารณสุข (สธ.),กรมอนามัย,30,30,TRUE,จัดการทีมเยี่ยมสำรวจ,NULL,NULL,NULL,NULL,NULL,NULL,NULL,NULL,NULL
9,นครราชสีมา,โรงพยาบาลจิตเวชนครราชสีมาราชนครินทร์,NAKHONRATCHASIMA RAJANAGARINDRA PSYCHIATRIC HOSPITAL,12268,รัฐในสังกัดกระทรวงสาธารณสุข (สธ.),กรมสุขภาพจิต,300,270,TRUE,NULL,NULL,NULL,NULL,NULL,NULL,NULL,NULL,NULL,NULL
10,อุบลราชธานี,โรงพยาบาลพระศรีมหาโพธิ์,PRASRIMAHABHODI PSYCHIATRIC HOSPITAL,12269,รัฐในสังกัดกระทรวงสาธารณสุข (สธ.),กรมสุขภาพจิต,550,360,TRUE,NULL,NULL,NULL,NULL,NULL,NULL,NULL,NULL,NULL,NULL
10,อุบลราชธานี,โรงพยาบาลส่งเสริมสุขภาพ ศูนย์อนามัยที่ 10 อุบลราชธานี,"HEALTH PROMOTION HOSPITAL, REGIONAL CENTER 10 UBONRATCHATHANI",12270,รัฐในสังกัดกระทรวงสาธารณสุข (สธ.),กรมอนามัย,15,0,TRUE,NULL,NULL,NULL,NULL,NULL,NULL,NULL,NULL,NULL,NULL
7,ขอนแก่น,โรงพยาบาลจิตเวชขอนแก่นราชนครินทร์,KHON KAEN RAJANAGARINDRA PSYCHIATRIC HOSPITAL,12272,รัฐในสังกัดกระทรวงสาธารณสุข (สธ.),กรมสุขภาพจิต,250,250,TRUE,อยู่ระหว่างต่ออายุ,2,-การป้องกันและช่วยเหลือผู้ที่มีปัญหาการฆ่าตัวตาย<br />-การดูแลรักษาผู้ป่วยยุ่งยาก ซับซ้อน,5054166,"94,267",94267,3359,63.84,18,-จิตเภท<br />-ผู้ป่วยจิตเวชที่เสี่ยงต่อการฆ่าตัวตาย
7,ขอนแก่น,โรงพยาบาลส่งเสริมสุขภาพ ศูนย์อนามัยที่ 7 ขอนแก่น,"HEALTH PROMOTING HOSPITAL, REGIONAL HEALTH CENTER 7 KHONKAEN",12273,รัฐในสังกัดกระทรวงสาธารณสุข (สธ.),กรมอนามัย,60,10,TRUE,NULL,0,ให้บริการดูแล รักษา ส่งเสริม ฟื้นฟู สุขภาพทุกกกลุ่มวัย เพื่อให้ผู้รับบริการปลอดภัย ไม่มีภาวะแทรกซ้อน พึงพอใจ และมีความรอบรู้ด้านสุขภาพ ,0,ต.ค. 2560- เม.ย. 2564,0,0,0,0,"กลุ่มวัยแม่และเด็ก	Anemia in pregnancy,  DM, Anemia in childhood , Delayed  development, ท่อน้ำนมอุดตัน <br />กลุ่มวัยรุ่น		Unwanted prg. , STID <br />กลุ่มวัยทำงาน		ไขมันในเลือดสูง , Office Syndrome , Breast mass<br />กลุ่มวัยผู้สูงอายุ	กระดูกพรุน , เบาหวาน <br />"
7,ขอนแก่น,โรงพยาบาลสิรินธร,SIRINDHORN HOSPITAL,12275,สำนักงานปลัดกระทรวงสาธารณสุข (สป.สธ.),โรงพยาบาลทั่วไป(รพท.),250,130,TRUE,จัดทำใบประกาศนียบัตร,NULL,NULL,NULL,NULL,NULL,NULL,NULL,NULL,NULL
8,อุดรธานี,โรงพยาบาลมะเร็งอุดรธานี,UDONTHANI CANCER HOSPITAL,12276,รัฐในสังกัดกระทรวงสาธารณสุข (สธ.),กรมการแพทย์,150,103,TRUE,NULL,NULL,NULL,NULL,NULL,NULL,NULL,NULL,NULL,NULL
8,นครพนม,โรงพยาบาลจิตเวชนครพนมราชนครินทร์,NAKHONPHANOM RAJANAGARINDRA PSYCHIATRIC HOSPITAL,12277,รัฐในสังกัดกระทรวงสาธารณสุข (สธ.),กรมสุขภาพจิต,90,90,TRUE,NULL,NULL,NULL,NULL,NULL,NULL,NULL,NULL,NULL,NULL
1,เชียงใหม่,โรงพยาบาลส่งเสริมสุขภาพ ศูนย์อนามัยที่ 1 เชียงใหม่,"HEALTH PROMOTING HOSPITAL, HEALTH PROMOTION CENTER REGION  1 CHIANGMAI",12279,รัฐในสังกัดกระทรวงสาธารณสุข (สธ.),กรมอนามัย,60,60,TRUE,จัดทำใบประกาศนียบัตร,NULL,NULL,NULL,NULL,NULL,NULL,NULL,NULL,NULL
1,เชียงใหม่,โรงพยาบาลสวนปรุง,SUANPRUNG HOSPITAL,12280,รัฐในสังกัดกระทรวงสาธารณสุข (สธ.),กรมสุขภาพจิต,700,415,TRUE,จัดทำใบประกาศนียบัตร,NULL,NULL,NULL,NULL,NULL,NULL,NULL,NULL,NULL
1,เชียงใหม่,โรงพยาบาลประสาทเชียงใหม่,CHIANGMAI NEUROLOGICAL HOSPITAL,12281,รัฐในสังกัดกระทรวงสาธารณสุข (สธ.),กรมการแพทย์,240,107,TRUE,ยืนยันการเยี่ยม,0,"โรงพยาบาลมีความเชี่ยวชาญใน 5 กลุ่มโรคทางระบบประสาทคือStroke, Spinal disorders, Neurodegenerative diseases (Dementia, Parkinson disease, Alzheimer disease), Epilepsy และBrainSurgery และได้ดำเนินการพัฒนาระบบบริการมุ่งสร้างความเชี่ยวชาญ2ด้านคือ<br />1) การบริการด้านระบบประสาทในระดับตติยภูมิขั้นสูง (Super Tertiary)<br />2) การสนับสนุนและเสริมสร้างศักยภาพหน่วยบริการในเขตสุขภาพที่1, 2 และ3 เพื่อการดูแลผู้ป่วย<br />",33,2564 ตุลาคม 2563- พค.2564,62440,1276,107,22,"Dementia, Parkinson disease, Alzheimer disease), Epilepsy และBrainSurgery "
1,ลำปาง,โรงพยาบาลมะเร็งลำปาง,LAMPANG CANCER HOSPITAL,12283,รัฐในสังกัดกระทรวงสาธารณสุข (สธ.),กรมการแพทย์,200,100,TRUE,NULL,10,1. ให้บริการตรวจ วินิจฉัย บำบัดรักษาผู้ป่วยโรคมะเร็งด้วยวิธีเคมีบำบัด ผ่าตัด รังสีรักษา และเวชศาสตร์นิวเคลียร์ในเขตพื้นที่รับผิดชอบ 12 จังหวัดภาคเหนือตอนบน<br />2. จัดระบบการให้บริการเพื่อรองรับการส่งต่อผู้ป่วยโรคมะเร็ง<br />3. รวบรวมข้อมูลสถิติผู้ป่วยโรคมะเร็งและจัดทำทะเบียนโรคมะเร็งในเขตพื้นที่คววามรับผิดชอบ<br />4. สนับสนุนภารกิจด้านพัฒนาวิชาการ การถายทอดความรู้และเทคโนโลยีทางการแพทย์ การเพิ่มพูนความรู้ทักาะการปฏิบัติงานด้านการบำบัดรักษา<br />5. พัฒนาวิชาการและประเมินการใช้เทคโนโลยีทางการแพทย์ด้านการบำบัดรักษาผู้ป่วยโรคมะเร็งในเขตพื้นที่ความรับผิดชอบ,4335861,ปี 2564 (ต.ค.-กย.) 79938,75859,4079,42.1,30,กลุ่มผู้ป่วยโรคมะเร็ง
3,นครสวรรค์,โรงพยาบาลส่งเสริมสุขภาพ ศูนย์อนามัยที่ 3 นครสวรรค์,"HEALTH PROMOTION HOSPITAL, REGIONAL HEALTH PROMOTION CENTER 3 NAKHONSAWAN",12284,รัฐในสังกัดกระทรวงสาธารณสุข (สธ.),กรมอนามัย,65,60,TRUE,NULL,NULL,NULL,NULL,NULL,NULL,NULL,NULL,NULL,NULL
5,ราชบุรี,โรงพยาบาลส่งเสริมสุขภาพ ศูนย์อนามัยที่ 5 ราชบุรี,HEALTH PROMOTION HOSPITAL REGIONAL HEALTH PROMOTION CENTER 5 RATCHABURI,12286,รัฐในสังกัดกระทรวงสาธารณสุข (สธ.),กรมอนามัย,60,54,TRUE,จัดทำใบประกาศนียบัตร,NULL,NULL,NULL,NULL,NULL,NULL,NULL,NULL,NULL
11,นครศรีธรรมราช,โรงพยาบาลส่งเสริมสุขภาพ ศูนย์อนามัยที่ 11 นครศรีธรรมราช,"HEALTH PROMOTING HOSPITAL, REGIONAL HEALTH CENTER 11",12287,รัฐในสังกัดกระทรวงสาธารณสุข (สธ.),กรมอนามัย,30,0,TRUE,NULL,NULL,NULL,NULL,NULL,NULL,NULL,NULL,NULL,NULL
11,สุราษฎร์ธานี,โรงพยาบาลสวนสราญรมย์,SUANSARANROM PSYCHIATRIC HOSPITAL,12289,รัฐในสังกัดกระทรวงสาธารณสุข (สธ.),กรมสุขภาพจิต,970,450,TRUE,NULL,NULL,NULL,NULL,NULL,NULL,NULL,NULL,NULL,NULL
12,สงขลา,โรงพยาบาลจิตเวชสงขลาราชนครินทร์,SONGKHLA RAJANAGARINDRA PSYCHIATRIC HOSPITAL,12290,รัฐในสังกัดกระทรวงสาธารณสุข (สธ.),กรมสุขภาพจิต,300,200,TRUE,รอการจัดเยี่ยมสำรวจ,0,ความเป็นเลิศด้านสุขภาพจิตและจิตเวช เขตสุขภาพที่ 12,4999305,"42,306 (ปี 2564, ตุลาคม 2563 - พฤษภาคม 2564)",40927,1379,80.68,27,ผู้ป่วยสุขภาพจิตและจิตเวช
13,กรุงเทพมหานคร,สถาบันสุขภาพเด็กแห่งชาติมหาราชินี กรมการแพทย์,QUEEN SIRIKIT NATIONAL INSTITUTE OF CHILD HEALTH,12438,รัฐในสังกัดกระทรวงสาธารณสุข (สธ.),กรมการแพทย์,538,450,TRUE,NULL,0,-การให้บริการทางการแพทย์ระดับตติยภูมิ ระดับกลาง ความสัมพันธ์กับภาคีเครือข่ายเข็มแข็ง<br />,0,123456,234554,10866,0,0,-
13,กรุงเทพมหานคร,สถาบันประสาทวิทยา,NEUROLOGICAL INSTITUTE OF THAILAND,12439,รัฐในสังกัดกระทรวงสาธารณสุข (สธ.),กรมการแพทย์,300,225,TRUE,NULL,0,โรงพยาบาลเฉพาะทางโรคสมองและระบบประสาทไขสันหลัง,0,ปี 2563 (ตุลาคม 2562 - กันยายน 2563),195344,3832,61.11,130,cerebrovascular diseases 
6,ชลบุรี,โรงพยาบาลสมเด็จพระสังฆราชญาณสังวรเพื่อผู้สูงอายุ จังหวัดชลบุรี,"SOMDEJ PHRA SANGHARAJ NYANASAMVARA GERIATRIC HOSPITAL, CHONBURI PROVINCE",12442,รัฐในสังกัดกระทรวงสาธารณสุข (สธ.),กรมการแพทย์,10,10,TRUE,รอการจัดเยี่ยมสำรวจ,80,โรงพยาบาลเฉพาะทางเวชศาสตร์ฟื้นฟูและเวชศาสตร์ผู้สูงอายุ,0,ปี 2564 (1 ตุลาคม 2563 - 30 กันยายน 2564),60,10,60,12,โรคหลอดเลือดสมอง ระยะฟื้นฟู
6,ชลบุรี,แผนกแพทย์ศูนย์ฝึกทหาร,NULL,12453,กระทรวงกลาโหม,กรมแพทย์ทหารเรือ,50,0,TRUE,NULL,NULL,NULL,NULL,NULL,NULL,NULL,NULL,NULL,NULL
6,ชลบุรี,แผนกแพทย์ฯรร.ทหารเกล็ดแก้ว,NULL,12454,กระทรวงกลาโหม,กรมแพทย์ทหารเรือ,50,0,TRUE,NULL,NULL,NULL,NULL,NULL,NULL,NULL,NULL,NULL,NULL
6,ชลบุรี,กองพันพยาบาล สนับสนุน,NULL,12456,กระทรวงกลาโหม,กรมแพทย์ทหารบก,12,0,TRUE,NULL,NULL,NULL,NULL,NULL,NULL,NULL,NULL,NULL,NULL
5,ประจวบคีรีขันธ์,สถานีกาชาดหัวหินเฉลิมพระเกียรติ,NULL,12471,หน่วยงานอิสระ,หน่วยราชการอิสระ,10,0,TRUE,NULL,NULL,NULL,NULL,NULL,NULL,NULL,NULL,NULL,NULL
11,นครศรีธรรมราช,สถานีกาชาดสิริธร (สถานีกาชาดที่ 12 ทุ่งสง),NULL,12472,หน่วยงานอิสระ,หน่วยราชการอิสระ,10,0,TRUE,NULL,NULL,NULL,NULL,NULL,NULL,NULL,NULL,NULL,NULL
13,กรุงเทพมหานคร,ศูนย์บริการสาธารณสุข 1 สะพานมอญ,PUBLIC HEALTH CENTER 1,13646,สังกัด กทม.,ศูนย์บริการสาธารณสุข,0,0,TRUE,NULL,NULL,NULL,NULL,NULL,NULL,NULL,NULL,NULL,NULL
13,กรุงเทพมหานคร,ศูนย์บริการสาธารณสุข 2 ราชปรารภ,PUBLIC HEALTH CENTER 2,13647,สังกัด กทม.,ศูนย์บริการสาธารณสุข,0,0,TRUE,NULL,NULL,NULL,NULL,NULL,NULL,NULL,NULL,NULL,NULL
13,กรุงเทพมหานคร,ศูนย์บริการสาธารณสุข 3 บางซื่อ,PUBLIC HEALTH CENTER 3,13648,สังกัด กทม.,ศูนย์บริการสาธารณสุข,0,0,TRUE,NULL,NULL,NULL,NULL,NULL,NULL,NULL,NULL,NULL,NULL
13,กรุงเทพมหานคร,ศูนย์บริการสาธารณสุข 4 ดินแดง,PUBLIC HEALTH CENTER 4,13649,สังกัด กทม.,ศูนย์บริการสาธารณสุข,0,0,TRUE,NULL,NULL,NULL,NULL,NULL,NULL,NULL,NULL,NULL,NULL
13,กรุงเทพมหานคร,ศูนย์บริการสาธารณสุข 5 จุฬาลงกรณ์,PUBLIC HEALTH CENTER 5,13650,สังกัด กทม.,ศูนย์บริการสาธารณสุข,0,0,TRUE,NULL,NULL,NULL,NULL,NULL,NULL,NULL,NULL,NULL,NULL
13,กรุงเทพมหานคร,ศูนย์บริการสาธารณสุข 6 สโมสรวัฒนธรรมหญิง,PUBLIC HEALTH CENTER 6 SAMOSORNWATTANATUMYING,13651,สังกัด กทม.,ศูนย์บริการสาธารณสุข,0,0,TRUE,NULL,NULL,NULL,NULL,NULL,NULL,NULL,NULL,NULL,NULL
13,กรุงเทพมหานคร,ศูนย์บริการสาธารณสุข 7 บุญมี  ปุรุราชรังสรรค์,PUBLIC HEALTH CENTER 7 BOONMEE PURURATCHRANGSAN,13652,สังกัด กทม.,ศูนย์บริการสาธารณสุข,0,0,TRUE,NULL,NULL,NULL,NULL,NULL,NULL,NULL,NULL,NULL,NULL
13,กรุงเทพมหานคร,ศูนย์บริการสาธารณสุข 8 บุญรอด รุ่งเรือง,PUBLIC HEALTH CENTER 8,13653,สังกัด กทม.,ศูนย์บริการสาธารณสุข,0,0,TRUE,NULL,NULL,NULL,NULL,NULL,NULL,NULL,NULL,NULL,NULL
13,กรุงเทพมหานคร,ศูนย์บริการสาธารณสุข 9 ประชาธิปไตย,PUBLIC HEALTH CENTER 9 PRACHATHIPATAI,13654,สังกัด กทม.,ศูนย์บริการสาธารณสุข,0,0,TRUE,NULL,NULL,NULL,NULL,NULL,NULL,NULL,NULL,NULL,NULL
13,กรุงเทพมหานคร,ศูนย์บริการสาธารณสุข 10 สุขุมวิท,PUBLIC HEALTH CENTER 10,13655,สังกัด กทม.,ศูนย์บริการสาธารณสุข,0,0,TRUE,NULL,NULL,NULL,NULL,NULL,NULL,NULL,NULL,NULL,NULL
13,กรุงเทพมหานคร,ศูนย์บริการสาธารณสุข 11 ประดิพัทธ์,PUBLIC HEALTH CENTER 11,13656,สังกัด กทม.,ศูนย์บริการสาธารณสุข,0,0,TRUE,NULL,NULL,NULL,NULL,NULL,NULL,NULL,NULL,NULL,NULL
13,กรุงเทพมหานคร,ศูนย์บริการสาธารณสุข 12 จันทร์เที่ยง เนตรวิเศษ,PUBLIC HEALTH CENTER 12,13657,สังกัด กทม.,ศูนย์บริการสาธารณสุข,0,0,TRUE,NULL,NULL,NULL,NULL,NULL,NULL,NULL,NULL,NULL,NULL
13,กรุงเทพมหานคร,ศูนย์บริการสาธารณสุข 13 ไมไตรีวานิช,PUBLIC HEALTH CENTER 13,13658,สังกัด กทม.,ศูนย์บริการสาธารณสุข,0,0,TRUE,NULL,NULL,NULL,NULL,NULL,NULL,NULL,NULL,NULL,NULL
13,กรุงเทพมหานคร,ศูนย์บริการสาธารณสุข 14 แก้ว สีบุญเรือง,PUBLIC HEALTH CENTER 14,13659,สังกัด กทม.,ศูนย์บริการสาธารณสุข,0,0,TRUE,NULL,NULL,NULL,NULL,NULL,NULL,NULL,NULL,NULL,NULL
13,กรุงเทพมหานคร,ศูนย์บริการสาธารณสุข 15 ลาดพร้าว,PUBLIC HEALTH CENTER 15,13660,สังกัด กทม.,ศูนย์บริการสาธารณสุข,0,0,TRUE,NULL,NULL,NULL,NULL,NULL,NULL,NULL,NULL,NULL,NULL
13,กรุงเทพมหานคร,ศูนย์บริการสาธารณสุข 16 ลุมพินี,PUBLIC HEALTH CENTER 16 LUMPINI,13661,สังกัด กทม.,ศูนย์บริการสาธารณสุข,0,0,TRUE,NULL,NULL,NULL,NULL,NULL,NULL,NULL,NULL,NULL,NULL
13,กรุงเทพมหานคร,ศูนย์บริการสาธารณสุข 17 ประชานิเวศน์,PUBLIC HEALTH CENTER 17,13662,สังกัด กทม.,ศูนย์บริการสาธารณสุข,0,0,TRUE,NULL,NULL,NULL,NULL,NULL,NULL,NULL,NULL,NULL,NULL
13,กรุงเทพมหานคร,ศูนย์บริการสาธารณสุข 18 มงคล วอน วังตาล,PUBLIC HEALTH CENTER 18,13663,สังกัด กทม.,ศูนย์บริการสาธารณสุข,0,0,TRUE,NULL,NULL,NULL,NULL,NULL,NULL,NULL,NULL,NULL,NULL
13,กรุงเทพมหานคร,ศูนย์บริการสาธารณสุข 19 วงศ์สว่าง,PUBLIC HEALTH CENTER 19,13664,สังกัด กทม.,ศูนย์บริการสาธารณสุข,0,0,TRUE,NULL,NULL,NULL,NULL,NULL,NULL,NULL,NULL,NULL,NULL
13,กรุงเทพมหานคร,ศูนย์บริการสาธารณสุข 20 บมจ.ธนาคารนครหลวงไทย,PUBLIC HEALTH CENTER 20,13665,สังกัด กทม.,ศูนย์บริการสาธารณสุข,0,0,TRUE,NULL,NULL,NULL,NULL,NULL,NULL,NULL,NULL,NULL,NULL
13,กรุงเทพมหานคร,ศูนย์บริการสาธารณสุข 21 วัดธาตุทอง,PUBLIC HEALTH CENTER 21 WADTATTONG,13666,สังกัด กทม.,ศูนย์บริการสาธารณสุข,0,0,TRUE,NULL,NULL,NULL,NULL,NULL,NULL,NULL,NULL,NULL,NULL
13,กรุงเทพมหานคร,ศูนย์บริการสาธารณสุข 22 วัดปากบ่อ,PUBLIC HEALTH CENTER 22,13667,สังกัด กทม.,ศูนย์บริการสาธารณสุข,0,0,TRUE,NULL,NULL,NULL,NULL,NULL,NULL,NULL,NULL,NULL,NULL
13,กรุงเทพมหานคร,ศูนย์บริการสาธารณสุข 23 สี่พระยา,PUBLIC HEALTH CENTER 23,13668,สังกัด กทม.,ศูนย์บริการสาธารณสุข,0,0,TRUE,NULL,NULL,NULL,NULL,NULL,NULL,NULL,NULL,NULL,NULL
13,กรุงเทพมหานคร,ศูนย์บริการสาธารณสุข 24 บางเขน,PUBLIC HEALTH CENTER 24 BANGKHEN,13669,สังกัด กทม.,ศูนย์บริการสาธารณสุข,0,0,TRUE,NULL,NULL,NULL,NULL,NULL,NULL,NULL,NULL,NULL,NULL
13,กรุงเทพมหานคร,ศูนย์บริการสาธารณสุข 25 ห้วยขวาง,PUBLIC HEALTH CENTER 25,13670,สังกัด กทม.,ศูนย์บริการสาธารณสุข,0,0,TRUE,NULL,NULL,NULL,NULL,NULL,NULL,NULL,NULL,NULL,NULL
13,กรุงเทพมหานคร,ศูนย์บริการสาธารณสุข 26 เจ้าคุณพระประยุรวงศ์,PUBLIC HEALTH CENTER 26,13671,สังกัด กทม.,ศูนย์บริการสาธารณสุข,0,0,TRUE,NULL,NULL,NULL,NULL,NULL,NULL,NULL,NULL,NULL,NULL
13,กรุงเทพมหานคร,ศูนย์บริการสาธารณสุข 27 จันทร์ ฉิมไพบูลย์,PUBLIC HEALTH CENTER 27,13672,สังกัด กทม.,ศูนย์บริการสาธารณสุข,0,0,TRUE,NULL,NULL,NULL,NULL,NULL,NULL,NULL,NULL,NULL,NULL
13,กรุงเทพมหานคร,ศูนย์บริการสาธารณสุข 28 กรุงธนบุรี,PUBLIC HEALTH CENTER 28,13673,สังกัด กทม.,ศูนย์บริการสาธารณสุข,0,0,TRUE,NULL,NULL,NULL,NULL,NULL,NULL,NULL,NULL,NULL,NULL
13,กรุงเทพมหานคร,ศูนย์บริการสาธารณสุข 29 ช่วง นุชเนตร,PUBLIC HEALTH CENTER 29,13674,สังกัด กทม.,ศูนย์บริการสาธารณสุข,0,0,TRUE,ยืนยันการเยี่ยม,NULL,NULL,NULL,NULL,NULL,NULL,NULL,NULL,NULL
13,กรุงเทพมหานคร,ศูนย์บริการสาธารณสุข 30 วัดเจ้าจอม,PUBLIC HEALTH CENTER 30,13675,สังกัด กทม.,ศูนย์บริการสาธารณสุข,0,0,TRUE,NULL,NULL,NULL,NULL,NULL,NULL,NULL,NULL,NULL,NULL
13,กรุงเทพมหานคร,ศูนย์บริการสาธารณสุข 31 เอิบ-จิตร ทังสุบุตร,PUBLIC HEALTH CENTER 31,13676,สังกัด กทม.,ศูนย์บริการสาธารณสุข,0,0,TRUE,NULL,NULL,NULL,NULL,NULL,NULL,NULL,NULL,NULL,NULL
13,กรุงเทพมหานคร,ศูนย์บริการสาธารณสุข 32 มาริษ ตินตมุสิก,PUBLIC HEALTH CENTER 32,13677,สังกัด กทม.,ศูนย์บริการสาธารณสุข,0,0,TRUE,NULL,NULL,NULL,NULL,NULL,NULL,NULL,NULL,NULL,NULL
13,กรุงเทพมหานคร,ศูนย์บริการสาธารณสุข 33 วัดหงส์รัตนาราม,PUBLIC HEALTH CENTER 33,13678,สังกัด กทม.,ศูนย์บริการสาธารณสุข,0,0,TRUE,NULL,NULL,NULL,NULL,NULL,NULL,NULL,NULL,NULL,NULL
13,กรุงเทพมหานคร,ศูนย์บริการสาธารณสุข 34 โพธิ์ศรี,PUBLIC HEALTH CENTER 34,13679,สังกัด กทม.,ศูนย์บริการสาธารณสุข,0,0,TRUE,NULL,NULL,NULL,NULL,NULL,NULL,NULL,NULL,NULL,NULL
13,กรุงเทพมหานคร,ศูนย์บริการสาธารณสุข 35 หัวหมาก,PUBLIC HEALTH CENTER 35,13680,สังกัด กทม.,ศูนย์บริการสาธารณสุข,0,0,TRUE,NULL,NULL,NULL,NULL,NULL,NULL,NULL,NULL,NULL,NULL
13,กรุงเทพมหานคร,ศูนย์บริการสาธารณสุข 36 บุคคโล,PUBLIC HEALTH CENTER 36,13681,สังกัด กทม.,ศูนย์บริการสาธารณสุข,0,0,TRUE,NULL,NULL,NULL,NULL,NULL,NULL,NULL,NULL,NULL,NULL
13,กรุงเทพมหานคร,ศูนย์บริการสาธารณสุข 37 ประสงค์-สุดสาคร ตู้จินดา,NULL,13682,สังกัด กทม.,ศูนย์บริการสาธารณสุข,0,0,TRUE,NULL,NULL,NULL,NULL,NULL,NULL,NULL,NULL,NULL,NULL
13,กรุงเทพมหานคร,ศูนย์บริการสาธารณสุข 38 จี๊ด ทองคำ บำเพ็ญ,PUBLIC HEALTH CENTER 38,13683,สังกัด กทม.,ศูนย์บริการสาธารณสุข,0,0,TRUE,NULL,NULL,NULL,NULL,NULL,NULL,NULL,NULL,NULL,NULL
13,กรุงเทพมหานคร,ศูนย์บริการสาธารณสุข 39 ราษฎร์บูรณะ,PUBLIC HEALTH CENTER 39 RADBURANA,13684,สังกัด กทม.,ศูนย์บริการสาธารณสุข,0,0,TRUE,NULL,NULL,NULL,NULL,NULL,NULL,NULL,NULL,NULL,NULL
13,กรุงเทพมหานคร,ศูนย์บริการสาธารณสุข 40 บางแค,PUBLIC HEALTH CENTER 40 BANGKHAE,13685,สังกัด กทม.,ศูนย์บริการสาธารณสุข,0,0,TRUE,NULL,NULL,NULL,NULL,NULL,NULL,NULL,NULL,NULL,NULL
13,กรุงเทพมหานคร,ศูนย์บริการสาธารณสุข 41 คลองเตย,PUBLIC HEALTH CENTER 41 KHLONGTOEY,13686,สังกัด กทม.,ศูนย์บริการสาธารณสุข,0,0,TRUE,NULL,NULL,NULL,NULL,NULL,NULL,NULL,NULL,NULL,NULL
13,กรุงเทพมหานคร,ศูนย์บริการสาธารณสุข 42 ถนอม ทองสิมา,PUBLIC HEALTH CENTER 42,13687,สังกัด กทม.,ศูนย์บริการสาธารณสุข,0,0,TRUE,NULL,NULL,NULL,NULL,NULL,NULL,NULL,NULL,NULL,NULL
13,กรุงเทพมหานคร,ศูนย์บริการสาธารณสุข 43 มีนบุรี,PUBLIC HEALTH CENTER 43,13688,สังกัด กทม.,ศูนย์บริการสาธารณสุข,0,0,TRUE,NULL,NULL,NULL,NULL,NULL,NULL,NULL,NULL,NULL,NULL
13,กรุงเทพมหานคร,ศูนย์บริการสาธารณสุข 46 กันตารัติอุทิศ,PUBLIC HEALTH CENTER 46,13689,สังกัด กทม.,ศูนย์บริการสาธารณสุข,0,0,TRUE,NULL,NULL,NULL,NULL,NULL,NULL,NULL,NULL,NULL,NULL
13,กรุงเทพมหานคร,ศูนย์บริการสาธารณสุข 47 คลองขวาง,PUBLIC HEALTH CENTER 47 KLONGKWANG,13690,สังกัด กทม.,ศูนย์บริการสาธารณสุข,0,0,TRUE,NULL,NULL,NULL,NULL,NULL,NULL,NULL,NULL,NULL,NULL
13,กรุงเทพมหานคร,ศูนย์บริการสาธารณสุข 48 นาควัชระอุทิศ,PUBLIC HEALTH CENTER 48,13691,สังกัด กทม.,ศูนย์บริการสาธารณสุข,0,0,TRUE,NULL,NULL,NULL,NULL,NULL,NULL,NULL,NULL,NULL,NULL
13,กรุงเทพมหานคร,ศูนย์บริการสาธารณสุข 49 วัดชัยพฤกษมาลา,PUBLIC HEALTH CENTER 49,13692,สังกัด กทม.,ศูนย์บริการสาธารณสุข,0,0,TRUE,NULL,NULL,NULL,NULL,NULL,NULL,NULL,NULL,NULL,NULL
13,กรุงเทพมหานคร,ศูนย์บริการสาธารณสุข 50 บึงกุ่ม,PUBLIC HEALTH CENTER 50,13693,สังกัด กทม.,ศูนย์บริการสาธารณสุข,0,0,TRUE,NULL,NULL,NULL,NULL,NULL,NULL,NULL,NULL,NULL,NULL
13,กรุงเทพมหานคร,ศูนย์บริการสาธารณสุข 51 วัดไผ่ตัน,PUBLIC HEALTH CENTER 51,13694,สังกัด กทม.,ศูนย์บริการสาธารณสุข,0,0,TRUE,NULL,NULL,NULL,NULL,NULL,NULL,NULL,NULL,NULL,NULL
13,กรุงเทพมหานคร,ศูนย์บริการสาธารณสุข 52 สามเสนนอก,PUBLIC HEALTH CENTER 52 SAMSENNOK,13695,สังกัด กทม.,ศูนย์บริการสาธารณสุข,0,0,TRUE,NULL,NULL,NULL,NULL,NULL,NULL,NULL,NULL,NULL,NULL
13,กรุงเทพมหานคร,ศูนย์บริการสาธารณสุข 53 ทุ่งสองห้อง,PUBLIC HEALTH CENTER 53,13696,สังกัด กทม.,ศูนย์บริการสาธารณสุข,0,0,TRUE,NULL,NULL,NULL,NULL,NULL,NULL,NULL,NULL,NULL,NULL
13,กรุงเทพมหานคร,ศูนย์บริการสาธารณสุข 54 ทัศนเอี่ยม,PUBLIC HEALTH CENTER 54,13697,สังกัด กทม.,ศูนย์บริการสาธารณสุข,0,0,TRUE,NULL,NULL,NULL,NULL,NULL,NULL,NULL,NULL,NULL,NULL
13,กรุงเทพมหานคร,ศูนย์บริการสาธารณสุข 55 เตชะสัมพันธ์,PUBLIC HEALTH CENTER 55,13698,สังกัด กทม.,ศูนย์บริการสาธารณสุข,0,0,TRUE,NULL,NULL,NULL,NULL,NULL,NULL,NULL,NULL,NULL,NULL
13,กรุงเทพมหานคร,ศูนย์บริการสาธารณสุข 56 ทับเจริญ,PUBLIC HEALTH CENTER 56 TABCHAROEN,13699,สังกัด กทม.,ศูนย์บริการสาธารณสุข,0,0,TRUE,NULL,NULL,NULL,NULL,NULL,NULL,NULL,NULL,NULL,NULL
13,กรุงเทพมหานคร,ศูนย์บริการสาธารณสุข 57 บุญเรือง ล้ำเลิศ,PUBLIC HEALTH CENTER 57,13700,สังกัด กทม.,ศูนย์บริการสาธารณสุข,0,0,TRUE,NULL,NULL,NULL,NULL,NULL,NULL,NULL,NULL,NULL,NULL
13,กรุงเทพมหานคร,ศูนย์บริการสาธารณสุข 58 ล้อม-พิมเสน ฟักอุดม,PUBLIC HEALTH CENTER 58 LOM-PIMSEN FUGUDOM,13701,สังกัด กทม.,ศูนย์บริการสาธารณสุข,0,0,TRUE,ยืนยันการเยี่ยม,NULL,NULL,NULL,NULL,NULL,NULL,NULL,NULL,NULL
13,กรุงเทพมหานคร,ศูนย์บริการสาธารณสุข 59 ทุ่งครุ,PUBLIC HEALTH CENTER 59,13702,สังกัด กทม.,ศูนย์บริการสาธารณสุข,0,0,TRUE,NULL,NULL,NULL,NULL,NULL,NULL,NULL,NULL,NULL,NULL
13,กรุงเทพมหานคร,ศูนย์บริการสาธารณสุข 60 รสสุคนธ์  มโนชญากร,PUBLIC HEALTH CENTER 60,13703,สังกัด กทม.,ศูนย์บริการสาธารณสุข,0,0,TRUE,NULL,NULL,NULL,NULL,NULL,NULL,NULL,NULL,NULL,NULL
13,กรุงเทพมหานคร,ศูนย์บริการสาธารณสุข 61 สังวาล ทัสนารมย์,PUBLIC HEALTH CENTER 61,13704,สังกัด กทม.,ศูนย์บริการสาธารณสุข,0,0,TRUE,NULL,NULL,NULL,NULL,NULL,NULL,NULL,NULL,NULL,NULL
13,กรุงเทพมหานคร,ศูนย์บริการสาธารณสุข 62 ตวงรัชฎ์ ศศะนาวิน ภักดี ฐานปัญญา,PUBLIC HEALTH CENTER 62 TUANGRAT,13705,สังกัด กทม.,ศูนย์บริการสาธารณสุข,0,0,TRUE,NULL,0,งานบริการปฐมภูมิ,0,1,130,0,0,0,โรคเรื้อรัง
6,ฉะเชิงเทรา,โรงพยาบาลราชสาส์น,RATCHASAN HOSPITAL,13747,สำนักงานปลัดกระทรวงสาธารณสุข (สป.สธ.),โรงพยาบาลชุมชน(รพช.),30,13,TRUE,จัดทำใบประกาศนียบัตร,46,ให้บริการส่งเสริมสุขภาพ ป้องกันโรค ตรวจรักษา และฟื้นฟูสุขภาพ ด้วยการแพทย์แผนปัจจุบันและแพทย์ทางเลือกแก่ผู้ป่วย รวมทั้งให้การดูแลขั้นปฐมภูมิถึงทุติยภูมิ  ให้กับประชาชน<br />,10321,ปี 2564 (ตุลาคม 2563 - สิงหาคม 2564),49195,517,50.41,4.63,"DM,HT,Sepsis,STEMI,DHF,TB,STROKE,Preterm<br /><br />"
12,สงขลา,คณะทันตแพทย์ศาสตร์ มหาวิทยาลัยสงขลานครินทร์,FACULTY OF DENTISTRY PRINCE OF SONGKLA UNIVERSITY,13753,กระทรวงศึกษาธิการ,กระทรวงศึกษาธิการ,10,10,TRUE,รอการจัดเยี่ยมสำรวจ,26,รักษาทางทันตกรรมระดับตติยภูมิสหสาขาด้วยเครื่องมือที่ทันสมัย โดยความร่วมมือจากสาขาวิชาที่มีบุคลากรที่มีความเชี่ยวชาญเฉพาะทาง ,0,"ปี 2564 มีผู้รับบริการ จำนวน 91,717 ราย",91615,102,3.05,3.87,1. Dental caries <br />2. Dentofacial anomalies (included malocclusion)<br />3. Gingivitis & Periodontal diseases<br />4. Disease of pulp & periapical tissue<br />5. Other disorders of teeth & supporting structures<br />6. Cleft lift & cleft palate
6,ชลบุรี,โรงพยาบาลสมเด็จพระบรมราชเทวี ณ ศรีราชา สภากาชาดไทย,QUEEN SAVANG VADHANA MEMORIAL HOSPITAL,13754,สภากาชาดไทย,สภากาชาดไทย,500,460,TRUE,รอการจัดเยี่ยมสำรวจ,26,ให้บริการระดับความเชี่ยวชาญระดับสูง ได้แก่<br />1. Orthopedic: Hand / Sport medicine / Spine / Tumor / Microsurgery / Arthroplasty<br />2. Oncology / Rheumatology / Hematology / Neuro Medicine / Cardiac Catheterization <br />3. Cardio-Vascular-Thoracic surgery / Laparoscopic Surgery<br />4. Interventional Radiology<br />5. Pediatrics: Newborn care / Growth and Development  <br />6. Occupational Medicine<br />7. Hyperbaric Oxygen Therapy  <br />,339057,ปี 2564 (ตุลาคม 63 - กันยายน 64) ,648957,28571,81.9,5.9,"1. กลุ่มโรคเรื้อรัง เช่น DM, Hypertension, CKD ที่ต้องรับยาต่อเนื่อง<br />2. กลุ่มโรคติดเชื้อ AIDS, TB , Sepsis<br />3. โรคที่มีอัตราการตายสูง ได้แก่ Stroke, STEMI , Preterm baby, Trauma, CA <br />4. กลุ่มค่าใช้จ่ายสูง เช่น การติดเชื้อดื้อยา <br />5. อุบัติเหตุและฉุกเฉิน จากการทำงานและจราจร<br />6. กลุ่มโรคผู้ป่วยแม่และเด็ก (PPH, PIH, Teenage pregnancy)<br />7. กลุ่มโรคจิตเวช<br />8. โรคอุบัติใหม่ อุบัติซ้ำ<br />9. กลุ่มโรคระบาดตามฤดูกาลในท้องถิ่น เช่น ไข้เลือดออก ไข้หวัดใหญ่ โรคมือเท้าปาก<br />10. มะเร็งระบบต่างๆ<br />"
12,ตรัง,โรงพยาบาลโรคผิวหนังเขตร้อนภาคใต้ จังหวัดตรัง,SOUTHERN REGIONAL HOSPITAL OF TROPICAL DERMATOLOGY - TRANG PROVINCE,13755,รัฐในสังกัดกระทรวงสาธารณสุข (สธ.),กรมการแพทย์,60,30,TRUE,NULL,NULL,NULL,NULL,NULL,NULL,NULL,NULL,NULL,NULL
13,กรุงเทพมหานคร,โรงพยาบาลจุฬาลงกรณ์ สภากาชาดไทย,CHULALONGKORN HOSPITAL,13756,สภากาชาดไทย,โรงเรียนแพทย์,1450,1324,TRUE,รอเข้าคณะอนุกรรมการพิจารณา,NULL,NULL,NULL,NULL,NULL,NULL,NULL,NULL,NULL
13,กรุงเทพมหานคร,โรงพยาบาลเวชศาสตร์เขตร้อน คณะเวชศาสตร์เขตร้อน มหาวิทยาลัยมหิดล,HOSPITAL FOR TROPICAL DISEASES,13757,กระทรวงศึกษาธิการ,กระทรวงศึกษาธิการ,250,106,TRUE,รอการจัดเยี่ยมสำรวจ,0,โรคเขตร้อน,0,ปีงบประมาณ 2564 (1 ตุลาคม 2563-30 กันยายน 2564),123631,1242,49.06,12.83,อายุรกรรม กุมารเวชกรรม เวชศาสตร์เขตร้อน เวชศาสตร์การเดินทางและท่องเที่ยว 
6,ชลบุรี,โรงพยาบาลสมเด็จพระนางเจ้าสิริกิติ์ กรมแพทย์ทหารเรือ,SOMDEJPRANANGCHAOSIRIKIT HOSPITAL,13758,กระทรวงกลาโหม,กรมแพทย์ทหารเรือ,420,470,TRUE,รอการจัดเยี่ยมสำรวจ,NULL,NULL,NULL,NULL,NULL,NULL,NULL,NULL,NULL
6,ชลบุรี,โรงพยาบาลมะเร็งชลบุรี,CHONBURI CANCER HOSPITAL,13760,รัฐในสังกัดกระทรวงสาธารณสุข (สธ.),กรมการแพทย์,200,110,TRUE,รอการจัดเยี่ยมสำรวจ,2,ด้านโรคมะเร็ง,6000000,ปี 2564 (มกราคม-ธันวาคม),43006,5550,60,6,มะเร็งศีรษะและคอ  มะเร็งเต้านม  มะเร็งลำไส้  มะเร็งปากมดลูก มะเร็งปอด
6,ชลบุรี,โรงพยาบาลมหาวิทยาลัยบูรพา,BURAPHA UNIVERSITY HOSPITAL,13766,มหาวิทยาลัย,โรงเรียนแพทย์,200,206,TRUE,NULL,NULL,NULL,NULL,NULL,NULL,NULL,NULL,NULL,NULL
1,เชียงใหม่,สถาบันพัฒนาการเด็กราชนครินทร์,RAJANAGARINDRA INSTITUTE OF CHILD DEVELOPMENT,13775,รัฐในสังกัดกระทรวงสาธารณสุข (สธ.),กรมสุขภาพจิต,75,70,TRUE,NULL,9,1.คัดกรอง ประเมิน ส่งเสริม รักษา ฟื้นฟู ศึกษา วิจัยและถ่ายทอดนวัตกรรมด้านพัฒนาการเด็กล่าช้า <br />2.รักษาฟื้นฟู ศึกษาวิจัยด้านจิตเวชเด็กและวัยรุ่น ,881767,ปี 2564 (เดือนตุลาคม 2563 - เดือนพฤษภาคม 2564),22922,1053,52.26,6.9,1.Autism Spectrum Disorder (ASD)<br />2.Attention Deficit/Hyperactivity Disorder (ADHD)<br />3.Global Developmental Delay(GDD)<br />4.Cerebral Palsy (CP)<br />5.Mood Disorder
7,ขอนแก่น,โรงพยาบาลศรีนครินทร์ คณะแพทยศาสตร์ มหาวิทยาลัยขอนแก่น,SRINAGARIND HOSPITAL FACULTY  OF MEDICINE KHON KAEN UNIVERSITY,13777,มหาวิทยาลัย,โรงเรียนแพทย์,1200,1128,TRUE,จัดการทีมเยี่ยมสำรวจ,10,โรงพยาบาลมหาวิทยาลัย ระดับเหนือตติยภูมิ และมีศูนย์ความเป็นเลิศบริการทางการแพทย์  ได้แก่ ศูนย์โรคไต ศูนย์ปลูกถ่ายอวัยวะ ศูนย์ปากแหว่งเพดานโหว่ ศูนย์มะเร็งท่อน้ำดี  ศูนย์ทารกแรกเกิด ศูนย์ผ่าตัดส่องกล้อง ศูนย์การดูแลผู้ป่วยระยะสุดท้าย  ศูนย์รักษาภาวะมีบุตรยาก ศูนย์การรักษามะเร็ง  ศูนย์ CT&MRI  และศูนย์ Breast Imaging,19550,ปี 2563 (มกราคม - ธันวาคม),1001930,44419,65.43,6.2,ให้บริการผู้ป่วยที่ครอบคลุมในทุกกลุ่มสาขาวิชาทางการแพทย์แผนปัจจุบัน ทั้งสาขาอายุรกรรม  กุมารเวชกรรม สูติ-นรีเวชกรรม ศัลยกรรมกระดูกและข้อ ศัลยกรรม  รังสีวิทยา จักษุวิทยา  โสต ศอ นาสิก เวชศาสตร์ฟื้นฟู จิตเวช วิสัญญี  เวชปฏิบัติครอบครัว และให้การบริการอุบัติเหตุ-ฉุกเฉิน การบริการห้องผ่าตัด การบริการผู้ป่วยนอก
4,ปทุมธานี,โรงพยาบาลธรรมศาสตร์เฉลิมพระเกียรติ,THAMMASAT UNIVERSITY HOSPITAL,13778,มหาวิทยาลัย,โรงเรียนแพทย์,823,757,TRUE,NULL,NULL,NULL,NULL,NULL,NULL,NULL,NULL,NULL,NULL
12,สงขลา,โรงพยาบาลสงขลานครินทร์,SONGKLANAGARIND HOSPITAL,13779,มหาวิทยาลัย,โรงเรียนแพทย์,967,859,TRUE,รอการจัดเยี่ยมสำรวจ,25,โรคที่ส่งต่อมาจาก รพ ใน 14 จังหวัดภาคใต้ เช่น โรคมะเร็งทุกชนิด โรคหัวใจ โรคอุบัติเหตุ ฉุกเฉิน ทารกแรกเกิด VLBW ตั้งครรภ์เสี่ยงสูง โรคยากและซับซ้อนทางจักษุ โสต ศอ นาสิกวิทยา ออร์โธปิดิกส์ เป็นต้น,1401303,"ปี 2564 (เดือนมกราคม - เมษายน) 358,432 ",1037389,41355,81.34,5.89,โรคมะเร็งทุกชนิด โรคหัวใจ โรคอุบัติเหตุ
1,เชียงใหม่,โรงพยาบาลมหาราชนครเชียงใหม่,MAHARAJ NAKORN CHIANGMAI HOSPITAL,13780,มหาวิทยาลัย,โรงเรียนแพทย์,1400,840,TRUE,ยืนยันการเยี่ยม,NULL,NULL,NULL,NULL,NULL,NULL,NULL,NULL,NULL
13,กรุงเทพมหานคร,คณะแพทยศาสตร์โรงพยาบาลรามาธิบดี มหาวิทยาลัยมหิดล,FACULTY OF MEDICINE RAMATHIBODI HOSPITAL,13781,มหาวิทยาลัย,โรงเรียนแพทย์,1109,600,TRUE,NULL,NULL,NULL,NULL,NULL,NULL,NULL,NULL,NULL,NULL
1,เชียงใหม่,โรงพยาบาลธัญญารักษ์เชียงใหม่,CHIANGMAI DRUG DEPENDENCE TREATMENT CENTER,13785,รัฐในสังกัดกระทรวงสาธารณสุข (สธ.),กรมการแพทย์,70,350,TRUE,NULL,NULL,NULL,NULL,NULL,NULL,NULL,NULL,NULL,NULL
12,ยะลา,โรงพยาบาลกาบัง,KABANG HOSPITAL,13806,สำนักงานปลัดกระทรวงสาธารณสุข (สป.สธ.),โรงพยาบาลชุมชน(รพช.),30,30,TRUE,NULL,NULL,NULL,NULL,NULL,NULL,NULL,NULL,NULL,NULL
13,กรุงเทพมหานคร,โรงพยาบาลซังฮี้,NULL,13807,เอกชน,รพ.เอกชน,36,0,TRUE,NULL,NULL,NULL,NULL,NULL,NULL,NULL,NULL,NULL,NULL
13,กรุงเทพมหานคร,โรงพยาบาลศิริราช คณะแพทยศาสตร์ศิริราชพยาบาล มหาวิทยาลัยมหิดล,SIRIRAJ HOSPITAL,13814,มหาวิทยาลัย,โรงเรียนแพทย์,2241,2136,TRUE,(คณะอนุกรรมการ)พิจารณารับรอง,NULL,NULL,NULL,NULL,NULL,NULL,NULL,NULL,NULL
4,นนทบุรี,โรงพยาบาลศูนย์การแพทย์ปัญญานันทภิกขุ ชลประทาน,PANYANUNTHAPHIKKHU CHONPRATHAN MEDICAL CENTER,13815,มหาวิทยาลัย,โรงเรียนแพทย์,320,321,TRUE,จัดทำใบประกาศนียบัตร,NULL,NULL,NULL,NULL,NULL,NULL,NULL,NULL,NULL
6,ตราด,โรงพยาบาลเกาะช้าง,KOH CHANG HOSPITAL,13816,สำนักงานปลัดกระทรวงสาธารณสุข (สป.สธ.),โรงพยาบาลชุมชน(รพช.),30,26,TRUE,NULL,NULL,NULL,NULL,NULL,NULL,NULL,NULL,NULL,NULL
6,สระแก้ว,โรงพยาบาลเขาฉกรรจ์,KHAOCHAKAN HOSPITAL,13817,สำนักงานปลัดกระทรวงสาธารณสุข (สป.สธ.),โรงพยาบาลชุมชน(รพช.),30,51,TRUE,NULL,NULL,NULL,NULL,NULL,NULL,NULL,NULL,NULL,NULL
12,นราธิวาส,โรงพยาบาลจะแนะ,CHANAE HOSPITAL,13818,สำนักงานปลัดกระทรวงสาธารณสุข (สป.สธ.),โรงพยาบาลชุมชน(รพช.),30,30,TRUE,NULL,NULL,NULL,NULL,NULL,NULL,NULL,NULL,NULL,NULL
5,นครปฐม,โรงพยาบาลหลวงพ่อเปิ่น,LAUNGPORPERN HOSPITAL,13819,สำนักงานปลัดกระทรวงสาธารณสุข (สป.สธ.),โรงพยาบาลชุมชน(รพช.),30,30,TRUE,(คณะอนุกรรมการ)พิจารณารับรอง,NULL,NULL,NULL,NULL,NULL,NULL,NULL,NULL,NULL
7,ขอนแก่น,โรงพยาบาลซำสูง,SAMSOONG HOSPITAL,14132,สำนักงานปลัดกระทรวงสาธารณสุข (สป.สธ.),โรงพยาบาลชุมชน(รพช.),30,30,TRUE,เขียนรายงาน,35,1.มีความสามารถในการทำงานกับภาคีเครือข่าย 2.มีความสามารถในการทำงานครอบคลุมทั้ง 4 มิติ (ส่งเสริม ป้องกัน รักษา ฟื้นฟู) ,24604,ปี 2564 ( เดือนตุลาคม 2563  -  พฤ็ษภาคม 2564 ),35751,1854,53.28,2.37,กลุ่มโรคสำคัญแบ่งเป็น<br />1. โรคเรื้อรัง  ได้แก่  เบาหวาน ความดันโลหิตสูง CKD  <br />2. กลุ่มโรค Fast Track ได้แก่ Stroke ACS Sepsis Trauma<br />3. โรคติดต่อ  TB  DHF<br />4.กลุ่มโรคระบาดและโรคอุบัติใหม่   ไข้หวัดใหญ่ และ COVID-19<br />5. กลุ่มแม่และเด็ก<br />6. กลุ่มปัญหาสุขภาพจิต และยาเสพติด
8,เลย,โรงพยาบาลเอราวัณ,ERAWAN HOSPITAL,14133,สำนักงานปลัดกระทรวงสาธารณสุข (สป.สธ.),โรงพยาบาลชุมชน(รพช.),30,36,TRUE,NULL,NULL,NULL,NULL,NULL,NULL,NULL,NULL,NULL,NULL
3,กำแพงเพชร,โรงพยาบาลบึงสามัคคี,BEUNGSAMAKKE HOSPITAL,14135,สำนักงานปลัดกระทรวงสาธารณสุข (สป.สธ.),โรงพยาบาลชุมชน(รพช.),30,36,TRUE,NULL,0,ทดสอบ,0,ปี 2563 ,0,0,0,0,ทดสอบ
5,กาญจนบุรี,โรงพยาบาลศุกร์ศิริศรีสวัสดิ์,SUKSIRISRISAWAT HOSPITAL,14136,สำนักงานปลัดกระทรวงสาธารณสุข (สป.สธ.),โรงพยาบาลชุมชน(รพช.),10,16,TRUE,NULL,NULL,NULL,NULL,NULL,NULL,NULL,NULL,NULL,NULL
11,สุราษฎร์ธานี,โรงพยาบาลท่าโรงช้าง,THARONGCHANG HOSPITAL,14138,สำนักงานปลัดกระทรวงสาธารณสุข (สป.สธ.),โรงพยาบาลชุมชน(รพช.),60,72,TRUE,NULL,NULL,NULL,NULL,NULL,NULL,NULL,NULL,NULL,NULL
12,ตรัง,โรงพยาบาลรัษฎา,RATSADA  HOSPITAL,14139,สำนักงานปลัดกระทรวงสาธารณสุข (สป.สธ.),โรงพยาบาลชุมชน(รพช.),30,30,TRUE,NULL,NULL,NULL,NULL,NULL,NULL,NULL,NULL,NULL,NULL
6,ระยอง,กองบินทหารเรือ,NULL,14160,กระทรวงกลาโหม,กรมแพทย์ทหารเรือ,10,0,TRUE,NULL,NULL,NULL,NULL,NULL,NULL,NULL,NULL,NULL,NULL
9,นครราชสีมา,โรงพยาบาลกองบิน กองบิน 1,WING 1 HOSPITAL,14161,กระทรวงกลาโหม,กรมแพทย์ทหารอากาศ,30,7,TRUE,NULL,6,เวชศาสตร์การบิน,3561,ปี 2563 (ต.ค.62 - ก.ย.63),12491,0,0,0,Anaphylactic shock<br />Heat stroke<br />Dengue hemorrhagic shock syndrome<br />Stork<br />Intracranial heamorhage
3,นครสวรรค์,โรงพยาบาลจิตเวชนครสวรรค์ราชนครินทร์,NAKHONSAWAN RAJANAGARINDRA PSYCHIATRIC HOSPITAL,14171,รัฐในสังกัดกระทรวงสาธารณสุข (สธ.),กรมสุขภาพจิต,300,60,TRUE,NULL,NULL,NULL,NULL,NULL,NULL,NULL,NULL,NULL,NULL
13,กรุงเทพมหานคร,โรงพยาบาลตำรวจ,POLICE GENERAL HOSPITAL,14173,สนง.ตำรวจแห่งชาติ,สนง.ตำรวจแห่งชาติ,800,559,TRUE,NULL,NULL,NULL,NULL,NULL,NULL,NULL,NULL,NULL,NULL
12,สงขลา,โรงพยาบาลธัญญารักษ์สงขลา,THANYARAKSONGKHLA  HOSPITAL,14194,รัฐในสังกัดกระทรวงสาธารณสุข (สธ.),กรมการแพทย์,200,220,TRUE,จัดทำใบประกาศนียบัตร,0,1.Residential program รูปแบบการบำบัดรักษาและฟื้นฟูสมรรถภาพระยะยาว ทั้งผู้ป่วยชายและหญิง ระยะเวลา 4 เดือน<br />2.การสร้างความร่วมมือกับชุมชน หน่วยงานภายนอกและภาคีเครือข่ายด้านการบำบัดรักษายาเสพติดและการรับส่ง-ต่อ,5809102,ปี2564(1ตุลาคม 2563-30กันยายน2564),175150,906,68.42,136.85,1. Delirium tremens with aspiration pneumonia<br />2. Drugs deprndence with drug induced psychosis<br />3. Drugs dependence with Pulmonary TB
12,ปัตตานี,โรงพยาบาลธัญญารักษ์ปัตตานี,THANYARAK PATTANI HOSPITAL,14195,รัฐในสังกัดกระทรวงสาธารณสุข (สธ.),กรมการแพทย์,30,30,TRUE,NULL,NULL,NULL,NULL,NULL,NULL,NULL,NULL,NULL,NULL
7,ขอนแก่น,โรงพยาบาลธัญญารักษ์ขอนแก่น,THANYARAK KHONKAEN HOSPITAL,14196,รัฐในสังกัดกระทรวงสาธารณสุข (สธ.),กรมการแพทย์,110,140,TRUE,NULL,NULL,NULL,NULL,NULL,NULL,NULL,NULL,NULL,NULL
1,แม่ฮ่องสอน,โรงพยาบาลธัญญารักษ์แม่ฮ่องสอน,THANYARAK MAEHONGSON HOSPITAL,14197,รัฐในสังกัดกระทรวงสาธารณสุข (สธ.),กรมการแพทย์,90,90,TRUE,ยืนยันการเยี่ยม,NULL,NULL,NULL,NULL,NULL,NULL,NULL,NULL,NULL
4,ลพบุรี,โรงพยาบาลมะเร็งลพบุรี,LOP BURI CANCER HOSPITAL,14199,รัฐในสังกัดกระทรวงสาธารณสุข (สธ.),กรมการแพทย์,200,187,TRUE,NULL,NULL,NULL,NULL,NULL,NULL,NULL,NULL,NULL,NULL
10,อุบลราชธานี,โรงพยาบาลมะเร็งอุบลราชธานี,UBONRATCHATHANI CANCER HOSPITAL,14201,รัฐในสังกัดกระทรวงสาธารณสุข (สธ.),กรมการแพทย์,200,143,TRUE,จัดการทีมเยี่ยมสำรวจ,5,บริการตรวจรักษาผู้ป่วยโรคมะเร็งทั้งก่อน ขณะ และหลังการรักษาด้วยการผ่าตัด  รังสีรักษา รังสีร่วมรักษา  เคมีบำบัด  และแบบผสมผสาน  รวมทั้งให้การดูแลแบบประคับประคองผู้ป่วยโรคมะเร็งในระยะสุดท้าย,0,ปี 2564 ( ตุลาคม2563-กรกฎาคม2564),33800,5266,70.05,5.78,โรคมะเร็ง
11,สุราษฎร์ธานี,โรงพยาบาลมะเร็งสุราษฎร์ธานี,SURATTHANI CANCER HOSPITAL,14203,รัฐในสังกัดกระทรวงสาธารณสุข (สธ.),กรมการแพทย์,200,90,TRUE,NULL,NULL,NULL,NULL,NULL,NULL,NULL,NULL,NULL,NULL
4,ปทุมธานี,โรงพยาบาลภัทร-ธนบุรี,PHATARA-THONBURI HOSPITAL,14354,เอกชน,รพ.เอกชน,100,112,TRUE,NULL,NULL,NULL,NULL,NULL,NULL,NULL,NULL,NULL,NULL
6,สมุทรปราการ,สถานพยาบาลเมืองสมุทรบางปู,NULL,14374,เอกชน,รพ.เอกชน,10,0,TRUE,NULL,NULL,NULL,NULL,NULL,NULL,NULL,NULL,NULL,NULL
1,เชียงใหม่,โรงพยาบาลเทศบาลนครเชียงใหม่,CHIANGMAI MUNICIPAL HOSPITAL,14465,องค์การปกครองส่วนท้องถิ่น (อปท.),องค์การปกครองส่วนท้องถิ่น (อปท.),22,22,TRUE,NULL,NULL,NULL,NULL,NULL,NULL,NULL,NULL,NULL,NULL
11,ชุมพร,โรงพยาบาลธนบุรี - ชุมพร,THONBURI - CHUMPHON HOSPITAL,14534,เอกชน,รพ.เอกชน,100,0,TRUE,NULL,NULL,NULL,NULL,NULL,NULL,NULL,NULL,NULL,NULL
11,ระนอง,สถานพยาบาลอันดามันระนองการแพทย์,NULL,14536,เอกชน,รพ.เอกชน,5,0,TRUE,NULL,NULL,NULL,NULL,NULL,NULL,NULL,NULL,NULL,NULL
1,เชียงใหม่,โรงพยาบาลทั่วไปขนาดใหญ่เชียงใหม่ใกล้หมอ,CHIANGMAI KLAIMOR HOSPITAL,14550,เอกชน,รพ.เอกชน,56,119,TRUE,(คณะอนุกรรมการ)พิจารณารับรอง,NULL,NULL,NULL,NULL,NULL,NULL,NULL,NULL,NULL
1,เชียงใหม่,โรงพยาบาลผู้สูงอายุแมคเคนขนาดเล็ก,MCKEAN SENIOR CENTER,14551,เอกชน,รพ.เอกชน,60,0,TRUE,NULL,NULL,NULL,NULL,NULL,NULL,NULL,NULL,NULL,NULL
1,ลำพูน,โรงพยาบาลศิริเวช ลำพูน,SIRIVEJ LAMPHUN HOSPITAL,14555,เอกชน,รพ.เอกชน,59,59,TRUE,NULL,NULL,NULL,NULL,NULL,NULL,NULL,NULL,NULL,NULL
9,นครราชสีมา,สถานพยาบาลปากช่องเมดิคอล,NULL,14556,เอกชน,รพ.เอกชน,10,0,TRUE,NULL,NULL,NULL,NULL,NULL,NULL,NULL,NULL,NULL,NULL
8,หนองคาย,โรงพยาบาลพิสัยเวช,PHISAIVETCH HOSPITAL,14558,เอกชน,รพ.เอกชน,50,50,TRUE,NULL,NULL,NULL,NULL,NULL,NULL,NULL,NULL,NULL,NULL
13,กรุงเทพมหานคร,โรงพยาบาลบี.แคร์ เมดิคอลเซ็นเตอร์,B.CARE MEDICAL CENTER HOSPITAL,14572,เอกชน,รพ.เอกชน,136,136,TRUE,จัดทำใบประกาศนียบัตร,NULL,NULL,NULL,NULL,NULL,NULL,NULL,NULL,NULL
13,กรุงเทพมหานคร,โรงพยาบาลพญาไท 3,PHYATHAI 3 HOSPITAL,14574,เอกชน,รพ.เอกชน,230,230,TRUE,NULL,NULL,NULL,NULL,NULL,NULL,NULL,NULL,NULL,NULL
13,กรุงเทพมหานคร,โรงพยาบาลวิภาราม,VIBHARAM HOSPITAL,14577,เอกชน,รพ.เอกชน,150,187,TRUE,รอการจัดเยี่ยมสำรวจ,0,"1.	เชี่ยวชาญด้านโรคหัวใจและหลอดเลือด , โรคระบบประสาทและสมอง, แม่และเด็ก , อุบัติเหตุฉุกเฉิน, ส่องกล้องทางเดินอาหาร , กระดูกและข้อโรคไต , โรคไตและโรคมะเร็ง  <br />2.	ดูแลผู้ประกันตน 160,382 ราย (ข้อมูล ณ วันที่ 16 มีนาคม 2564)<br />",0,2564 (มกราคม-มีนาคม),144911,2087,110.03,7.73,1. Upper Respiratory track Infection <br />2.  NCDs<br />3. Trauma<br />4. Gastroenteritis and Colitis<br />5. ANC
13,กรุงเทพมหานคร,สถานพยาบาลศุขเวชเนอสซิ่งโฮม(ราม 21),NULL,14578,เอกชน,รพ.เอกชน,40,0,TRUE,NULL,NULL,NULL,NULL,NULL,NULL,NULL,NULL,NULL,NULL
7,ขอนแก่น,ศูนย์หัวใจสิริกิติ์ ภาคตะวันออกเฉียงเหนือ คณะแพทยศาสตร์ มหาวิทยาลัยขอนแก่น,"QUEEN SIRIKIT HEART CENTER OF THE NORTHEAST, FACULTY OF MEDICINE, KHON KAEN UNIVERSITY",14584,กระทรวงศึกษาธิการ,รพ.สังกัดกระทรวงมหาวิทยาลัย,200,200,TRUE,NULL,0,ดูแลผู้ป่วยโรคหัวใจทุกช่วงอายุ ทุกชนิด ทุกระดับการเจ็บป่วย ครบวงจร ยกเว้นเปลี่ยนหัวใจ,0,ปี 2563 ( 1 ตุลาคม 2562-30 กันยายน 2563),64086,6569,47.3,5.52,โรคหัวใจ หลอดเลือดและทรวงอก
4,พระนครศรีอยุธยา,โรงพยาบาลศุภมิตรเสนา,SUPAMITRSENA HOSPITAL,14588,เอกชน,รพ.เอกชน,100,100,TRUE,NULL,NULL,NULL,NULL,NULL,NULL,NULL,NULL,NULL,NULL
6,สมุทรปราการ,โรงพยาบาลรวมชัยประชารักษ์,RUAMCHAI PRACHARAG HOSPITAL,14590,เอกชน,รพ.เอกชน,100,70,TRUE,NULL,NULL,NULL,NULL,NULL,NULL,NULL,NULL,NULL,NULL
6,สมุทรปราการ,โรงพยาบาลสำโรงการแพทย์,SAMRONG GENERAL HOSPITAL,14591,เอกชน,รพ.เอกชน,250,129,TRUE,รอเข้าคณะอนุกรรมการพิจารณา,NULL,NULL,NULL,NULL,NULL,NULL,NULL,NULL,NULL
5,สุพรรณบุรี,โรงพยาบาลพรชัยโรงพยาบาลทั่วไปขนาดกลาง,PORNCHAI HOSPITAL,14595,เอกชน,รพ.เอกชน,45,59,TRUE,NULL,NULL,NULL,NULL,NULL,NULL,NULL,NULL,NULL,NULL
6,ระยอง,โรงพยาบาลมงกุฎระยอง,MONGKUT RAYONG HOSPITAL,14607,เอกชน,รพ.เอกชน,122,100,TRUE,NULL,NULL,NULL,NULL,NULL,NULL,NULL,NULL,NULL,NULL
5,ราชบุรี,สถานพยาบาลวัฒนเวช,NULL,14609,เอกชน,รพ.เอกชน,30,0,TRUE,NULL,NULL,NULL,NULL,NULL,NULL,NULL,NULL,NULL,NULL
5,ประจวบคีรีขันธ์,โรงพยาบาลซานเปาโลหัวหิน,SANPAULOHUAHIN HOSPITAL,14617,เอกชน,รพ.เอกชน,56,45,TRUE,รอการจัดเยี่ยมสำรวจ,0,- การดูแลผู้ป่วยกลุ่มโรคเฉียบพลันและการประสานส่งต่อที่ปลอดภัย <br />- การรักษาพยาบาลผู้ป่วยฉุกเฉิน<br />- ศัลยกรรมทั่วไป ศัลยกรรมกระดูกและข้อ <br />- การดูแลผู้ป่วยกุมารเวชกรรม<br />- ศูนย์ตรวจสุขภาพ  <br />โดยใช้ Evidence base  การทำงานเป็นทีม และการทำงานร่วมกับชุมชน,550568,"ปี 2564 (มกราคม - ธันวาคม) 41,375 ครั้ง",39790,1585,28.13,2.62,ผู้ป่วยกลุ่มโรค NCD กลุ่มผู้ป่วยติดเชื้อตามฤดูกาล เช่น ไข้เลือดออก ไข้หวัดใหญ่ ท้องเสีย กลุ่มผู้ป่วยด้านศัลยกรรม และกลุ่มผู้ป่วยอุบัติเหตุทางจราจรเป็นต้น
9,นครราชสีมา,โรงพยาบาลกรุงเทพปากช่อง,BANGKOK HOSPITALl PAKCHONG,14630,เอกชน,รพ.เอกชน,31,31,TRUE,NULL,NULL,NULL,NULL,NULL,NULL,NULL,NULL,NULL,NULL
1,เชียงใหม่,โรงพยาบาลเชียงใหม่ ราม,CHIANGMAIRAM HOSPITAL,14636,เอกชน,รพ.เอกชน,350,220,TRUE,NULL,NULL,NULL,NULL,NULL,NULL,NULL,NULL,NULL,NULL
13,กรุงเทพมหานคร,โรงพยาบาลราชพิพัฒน์,RATCHAPHIPHAT HOSPITAL,14641,สังกัด กทม.,สังกัด กทม.,200,177,TRUE,NULL,NULL,NULL,NULL,NULL,NULL,NULL,NULL,NULL,NULL
8,เลย,โรงพยาบาลจิตเวชเลยราชนครินทร์,LOEI RAJANAGARINDRA PSYCHIATRIC HOSPITAL,14644,รัฐในสังกัดกระทรวงสาธารณสุข (สธ.),กรมสุขภาพจิต,120,120,TRUE,NULL,0,โรคทางจิตเวชที่มีความรุนแรงยุ่งยากซับซ้อน,3233624,28160,26308,1852,117.83,20.84,จิตเภท ซึมเศร้า วิตกกังวล อารมณ์สองขั้ว สารเสพติด สุรา สมาธิสั้น สมองเสื่อม
2,พิษณุโลก,โรงพยาบาลส่งเสริมสุขภาพ ศูนย์อนามัยที่ 2 พิษณุโลก,HEALTH PROMOTING HOSPITAL REGIONAL HEALTH PROMOTION CENTER 2,14662,รัฐในสังกัดกระทรวงสาธารณสุข (สธ.),กรมอนามัย,0,0,TRUE,รอการจัดเยี่ยมสำรวจ,13,ด้านการส่งเสริมสุขภาพวัยทำงานและวัยสูงอายุ,0,"ปี 2564 (ตุลาคม 2563 ถึง พฤศจิกายน 2564) 12,557 ครั้ง",5500,0,0,0,โรคไม่ติดต่อเรื้อรัง (โรคความดันโลหิตสูง โรคเบาหวาน โรคไขมันในเลือดสูง)
12,ยะลา,โรงพยาบาลส่งเสริมสุขภาพ ศูนย์อนามัยที่ 12 ยะลา,"HEALTH PROMOTING HOSPITAL , REGIONAL HEALTH CENTER 12",14663,รัฐในสังกัดกระทรวงสาธารณสุข (สธ.),กรมอนามัย,60,60,TRUE,NULL,NULL,NULL,NULL,NULL,NULL,NULL,NULL,NULL,NULL
5,นครปฐม,โรงพยาบาลตุลาการเฉลิมพระเกียรติ,TULAKARN CHALERMPRAKIAT HOSPITAL,14678,หน่วยงานอิสระ,หน่วยราชการอิสระ,60,0,TRUE,NULL,NULL,NULL,NULL,NULL,NULL,NULL,NULL,NULL,NULL
11,สุราษฎร์ธานี,โรงพยาบาลสมุยอินเตอร์เนชั่นแนล,SAMUI INTERNATIONAL HOSPITAL,14682,เอกชน,รพ.เอกชน,50,0,TRUE,NULL,NULL,NULL,NULL,NULL,NULL,NULL,NULL,NULL,NULL
4,ปทุมธานี,โรงพยาบาลกรุงสยามเซนต์คาร์ลอส,KRUNG SIAM St.CARLOS MEDICAL CENTRE,14683,เอกชน,รพ.เอกชน,100,100,TRUE,รอการจัดเยี่ยมสำรวจ,0,ตรวจรักษาโรคทั่วไป อุบัติเหตุจราจร / ทั่วไป และสร้างเสริมสุขภาพ <br />,0,2564(เดือน มกราคม 2564 - มิุนายน 2564),4366,1747,19.82,4.14,Top 10 Diagnosis (OPD)<br />Muscle sprain<br />Hypertension<br />Acute nasopharyngitis (Common cold)<br />Acute upper respiratory infection (URI)<br />Gastroenteritis and colitis<br />Dyslipidemia<br />Type2 diabetes mellitus<br />Cerebral concussion<br />Contusion of knee<br />Upper abdominal pain (Dyspepsia)<br />____________________________<br />Top 10 Diagnosis (IPD)<br />Isolation  (COVID-19)<br />Viral pneumonia (COVID-19)<br />Cerebral concussion<br />Acute pharyngitis (COVID-19)<br />Acute upper respiratory infection (URI)<br />Gastroenteritis and colitis<br />Infection gastroenteritis and colitis<br />Sprain of knee<br />Contusion of thorax<br />Upper abdominal pain (Dyspepsia)<br /><br /><br /><br /><br /><br /><br /><br /><br /><br /><br /><br /><br /><br /><br /><br /><br /><br /><br /><br />
6,สระแก้ว,โรงพยาบาลค่ายสุรสิงหนาท,FORT SURASINGHANAT HOSPITAL,14689,กระทรวงกลาโหม,กรมแพทย์ทหารบก,60,30,TRUE,NULL,50,เชี่ยวชาญด้านเวชศาสตร์ทหาร (การส่งกลับทางอากาศยาน การดูแลผู้ป่วยเจ็บจากโรคลมร้อน  การค้นหาและช่วยเหลือผู้ประสบภัยภิบัติในพื้นที่ยากลำบาก),6676,2564 (01 ต.ค.63- 21 มิ.ย.64)       ,41282,172,14.87,7.08,"Acute nasopharyngitis [common cold], Gastroenteritis, Pneumonia , Hyperventilation,<br />Urinary tract infection, Cellulitis , Asymtomatic covid19 , Acute pharyngitis , Acute bronchitis , Congestive heart failure <br />"
6,สระแก้ว,โรงพยาบาลจิตเวชสระแก้วราชนครินทร์,SAKAEO RAJANAKARINDRA PSYCHIATRIC HOSPITAL,14717,รัฐในสังกัดกระทรวงสาธารณสุข (สธ.),กรมสุขภาพจิต,120,102,TRUE,รอการจัดเยี่ยมสำรวจ,12,สุขภาพจิตและจิตเวชยุ่งยากซับซ้อน,2533684,39638,39638,1562,95.25,23.29,Schizophrenia
13,กรุงเทพมหานคร,ศูนย์บริการสาธารณสุข 63 สมาคมแต้จิ๋วแห่งประเทศไทย,PUBLIC HEALTH CENTER 63,14818,สังกัด กทม.,ศูนย์บริการสาธารณสุข,0,0,TRUE,NULL,NULL,NULL,NULL,NULL,NULL,NULL,NULL,NULL,NULL
11,สุราษฎร์ธานี,โรงพยาบาลกองบิน 7,WING 7 HOSPITAL,14862,กระทรวงกลาโหม,กรมแพทย์ทหารอากาศ,30,20,TRUE,จัดทำใบประกาศนียบัตร,30,เวชศาสตร์การบิน เวชศาสตร์ทหาร และเวชศาสตร์ป้องกัน,3221,พ.ศ.2563 (มกราคม-ธันวาคม),15811,47,0,0.35,"Muscle strain<br />Essential (primary) hypertension<br />Acute nasopharyngitis [common cold]<br />Hyperlipidaemia, unspecified<br />Non-insulin-dependent diabetes mellitus, without complications<br />"
11,สุราษฎร์ธานี,โรงพยาบาลค่ายวิภาวดีรังสิต,FORT VIBHAVADIRANGSIT HOSPITAL,14901,กระทรวงกลาโหม,กรมแพทย์ทหารบก,30,27,TRUE,จัดทำใบประกาศนียบัตร,5,เวชศาสตร์ทหาร,3817,2563 (1 ต.ค.2562-30 ก.ย.2563),70805,680,14.55,2,Stroke<br />MI<br />Sepsis<br />DM<br />HT<br />Hemodialy<br />DHF<br />Heat Stroke<br />Cataract<br />Influenza<br />Covid-19
4,นครนายก,ศูนย์การแพทย์สมเด็จพระเทพรัตนราชสุดาฯ สยามบรมราชกุมารี,HRH PRINCESS MAHA CHAKRI SIRINDHORN MEDICAL CENTER,14904,มหาวิทยาลัย,โรงเรียนแพทย์,500,402,TRUE,รอการจัดเยี่ยมสำรวจ,35,"1. มีความสามารถในการให้บริการระดับตติยภูมิขั้นสูง โดยมีความเชี่ยวชาญพิเศษในระดับ Excellence Center ได้แก่ 1) ด้านหัวใจและหลอดเลือด 2) ด้านทารกแรกเกิดน้ำหนักตัวน้อยกว่า 1,500 กรัม 3) ด้านการผ่าตัดกระดูกแขนและมือส่วนบน 4) ด้านส่องกล้องทางเดินอาหาร 5) ด้านประสาทหูเทียม 6) ด้านเวชศาสตร์มารดาและทารกในครรภ์ 7) ด้านมะเร็งตับ 8) ด้านโรคไตครบวงจร<br /><br /> 2. เป็นโรงพยาบาลระดับโรงเรียนแพทย์ซึ่งเน้นงานด้านวิชาการ งานวิจัย การเรียนการสอนด้านวิทยาศาสตร์สุขภาพ ซึ่งทำให้เกิดความร่วมมือทางวิชาการและเครือข่ายทั้งภายในและภายนอกมหาวิทยาลัย   ",16157,ปี 2563 (เดือนตุลาคม 2562-เดือนกันยายน 2563),351059,23413,67.46,3.89,1. ACS<br />2. Maternal fetal medicine<br />3. VLBW<br />4. CKD & ESRD<br />5. Sepsis<br />5. Pneumonia<br />6. multiple trauma <br />7. Head injury <br />
13,กรุงเทพมหานคร,โรงพยาบาลเกษมราษฎร์ รามคำแหง,NULL,14908,เอกชน,รพ.เอกชน,100,100,TRUE,NULL,NULL,NULL,NULL,NULL,NULL,NULL,NULL,NULL,NULL
1,เชียงใหม่,โรงพยาบาลทั่วไปขนาดกลางเชียงใหม่ ฮอสพิทอล,SIAMRAD CHIANGMAI HOSPITAL,14916,เอกชน,รพ.เอกชน,50,30,TRUE,NULL,NULL,NULL,NULL,NULL,NULL,NULL,NULL,NULL,NULL
11,นครศรีธรรมราช,โรงพยาบาลค่ายเทพสตรีศรีสุนทร,FORT THEPSATRISRISUNTHON HOSPITAL,14918,กระทรวงกลาโหม,กรมแพทย์ทหารบก,60,30,TRUE,อยู่ระหว่างต่ออายุ,NULL,NULL,NULL,NULL,NULL,NULL,NULL,NULL,NULL
11,พังงา,ฐานทัพเรือพังงา,NULL,14919,กระทรวงกลาโหม,กรมแพทย์ทหารเรือ,10,0,TRUE,NULL,NULL,NULL,NULL,NULL,NULL,NULL,NULL,NULL,NULL
1,เชียงใหม่,โรงพยาบาลทันตกรรม คณะทันตแพทยศาสตร์  มหาวิทยาลัยเชียงใหม่,CHIANG MAI DENTAL HOSPITAL,14922,กระทรวงศึกษาธิการ,กระทรวงศึกษาธิการ,12,12,TRUE,NULL,NULL,NULL,NULL,NULL,NULL,NULL,NULL,NULL,NULL
4,ปทุมธานี,โรงพยาบาลมหาวชิราลงกรณธัญบุรี กรมการแพทย์,MAHA VAJIRALONGKORN THANYABURI HOSPITAL,14923,รัฐในสังกัดกระทรวงสาธารณสุข (สธ.),กรมการแพทย์,126,116,TRUE,NULL,NULL,NULL,NULL,NULL,NULL,NULL,NULL,NULL,NULL
4,สระบุรี,สถานพยาบาลอภิณพเวชกรรม,NULL,14926,เอกชน,รพ.เอกชน,10,0,TRUE,NULL,NULL,NULL,NULL,NULL,NULL,NULL,NULL,NULL,NULL
4,ลพบุรี,โรงพยาบาลกองบิน 2,WING 2 HOSPITAL,14928,กระทรวงกลาโหม,กรมแพทย์ทหารอากาศ,30,50,TRUE,NULL,NULL,NULL,NULL,NULL,NULL,NULL,NULL,NULL,NULL
1,เชียงราย,โรงพยาบาลค่ายเม็งรายมหาราช,FORT MENGRAIMAHARAJ HOSPITAL,14933,กระทรวงกลาโหม,กรมแพทย์ทหารบก,60,60,TRUE,NULL,NULL,NULL,NULL,NULL,NULL,NULL,NULL,NULL,NULL
4,ลพบุรี,โรงพยาบาลเมืองนารายณ์,MEUNGNARAI HOSPITAL,14948,เอกชน,รพ.เอกชน,57,57,TRUE,NULL,NULL,NULL,NULL,NULL,NULL,NULL,NULL,NULL,NULL
13,กรุงเทพมหานคร,สำนักงานบรรเทาทุกข์และประชานามัยพิทักษ์,NULL,14953,หน่วยงานอิสระ,หน่วยราชการอิสระ,61,0,TRUE,NULL,NULL,NULL,NULL,NULL,NULL,NULL,NULL,NULL,NULL
13,กรุงเทพมหานคร,สถาบันสุขภาพจิตเด็กและวัยรุ่นราชนครินทร์,CHILD AND ADOLESCENT MENTAL HEALTH RAJANAGARINDRA INSTITUTE,14955,รัฐในสังกัดกระทรวงสาธารณสุข (สธ.),กรมสุขภาพจิต,0,0,TRUE,จัดการทีมเยี่ยมสำรวจ,0,การให้บริการจิตเวชเด็ก วัยรุ่น และครอบครัว,5000,ปี 2563 (ต.ค.2563 - ก.ย. 2564),9022,0,0,0,1. กลุ่มอาการด้านอารมณ์ (Clinical Unit-Mood) <br />2.กลุ่มอาการพฤติกรรมเสพติด (Clinical Unit-Addiction) <br />3.กลุ่มปัญหาพฤติกรรม (Clinical Unit-Behavior) 
5,เพชรบุรี,โรงพยาบาลกรุงเทพเพชรบุรี,BANGKOK HOSPITAL PHETCHABURI,14961,เอกชน,รพ.เอกชน,100,60,TRUE,NULL,NULL,NULL,NULL,NULL,NULL,NULL,NULL,NULL,NULL
13,กรุงเทพมหานคร,กองเวชศาสตร์ป้องกัน กรมแพทย์ทหารอากาศ กองทัพอากาศ (กวป.พอ),NULL,14966,กระทรวงกลาโหม,กรมแพทย์ทหารอากาศ,0,0,TRUE,NULL,NULL,NULL,NULL,NULL,NULL,NULL,NULL,NULL,NULL
2,พิษณุโลก,โรงพยาบาลมหาวิทยาลัยนเรศวร คณะแพทยศาสตร์,NARESUAN UNIVERSITY HOSPITAL,14972,มหาวิทยาลัย,โรงเรียนแพทย์,400,362,TRUE,NULL,15,CC1. การสร้างเครือข่ายระบบสุขภาพที่มุ่งเน้นชุมชน (Community Network)<br />CC2. การดูแลรักษาโรคซับซ้อน (Super Tertiary Care),69278,ปี 2564 (ตุลาคม 2563-กันยายน 2564),371911,13345,66.99,5.64,"อายุรกรรม  Stroke, STEMI,  Hepatoma,  Sepsis,  BMT(Bone marrow transplant), Lymphoma,  CA lung,  CKD,  UGIH <br />สูตินรีเวช  GDM,  PPH,  Preterm,  CA cervix,  infertile<br />ศัลยกรรม   Cerebral aneurysm  Head injury,   CABG, Vascular Heart Disease,  Trauma, Head injury, Colorectal cancer, breast cancer, ureteric calculi, vascular surgery cleft lip cleft palate<br />กุมารเวชกรรม  Premature  baby,  Delay development, Febrile  convulsion, Newborn congenital heart disease, asthma  in pediatric, Pneumonia in Pediatric, Obesity in pediatric<br />จักษุ  Corneal transplant, Cataract , trabeculectomy, Diabetic retinopathy<br />โสต ศอ นาสิก  Severe OSA, congenital hearing loss, upper  airway obstruction, Immunotherapy<br />ศัลยกรรมกระดูกและข้อ  TKA, Laminectomy, Fracture ankle, Total Hip arthroplasty, Arthroscopy, Bone tumor, Compressive  neuropathy<br />จิตเวช  Suicide<br />นิสิต  อุบัติเหตุจราจร  โรคติดต่อทางเพศสัมพันธ์  ตั้งครรภ์ไม่พึงประสงค์  จิตเวช"
12,นราธิวาส,โรงพยาบาลเจาะไอร้อง,CHO AI-RONG HOSPITAL,15010,สำนักงานปลัดกระทรวงสาธารณสุข (สป.สธ.),โรงพยาบาลชุมชน(รพช.),30,34,TRUE,จัดทำใบประกาศนียบัตร,NULL,NULL,NULL,NULL,NULL,NULL,NULL,NULL,NULL
1,เชียงราย,โรงพยาบาลสมเด็จพระญาณสังวร,SOMDEJPRAYANNASANGWORN HOSPITAL,15012,สำนักงานปลัดกระทรวงสาธารณสุข (สป.สธ.),โรงพยาบาลชุมชน(รพช.),30,45,TRUE,NULL,15,- การดูแลผู้ป่วยไตเรื้อรังระยะสุดท้ายที่วางสายทางหน้าท้อง ร่วมกับโรงพยาบาลเชียงรายประชานุเคราะห์<br />- การดูแลผู้ป่วย Infectd CAPD ในจังหวัดเชียงราย<br />- การฟื้นฟูสมรรถภาพคนพิการทางการมองเห็นด้านการฝึกทักษะและทำความคุ้นเคยกับสภาพแวดล้อมและการเคลื่อนไหว (Orientation & Mobility)<br />- การดูแลผู้ป่วยประคับประคอง,35050,ปี 2564 (1ตุลาคม 2563- 30 กันยายน 2564),205733,2934,92.11,3.44,"ACS, CKD, DM, HT.Trauma, Stroke, sepsis , TB , PPH, COVID 19"
13,กรุงเทพมหานคร,โรงพยาบาลสิรินธร กรุงเทพมหานคร,SIRINDHORN HOSPITAL,15049,สังกัด กทม.,สังกัด กทม.,400,366,TRUE,NULL,0,ให้การดูแลรักษาผู้ป่วยครอบคลุมทุกสาขาหลัก โดยแพทย์ผู้เชี่ยวชาญเฉพาะทาง และรับส่งต่อผู้ป่วยของโรงพยาบาลสังกัดสำนักการแพทย์ ในเขตกรุงเทพมหานครฝั่งตะวันออก ,0,2563,584025,23146,84.69,3,TOP 10 IPD<br />1. PNEUMONIA (844)<br />2. URINARY TRACT INFECTION (642)<br />3. GASTROENTERITIS (607)<br />4. STROKE (558)<br />5. CONGESTIVE HEART FAILURE (469)<br />6. SENILE CATARACT (451)<br />7. ACUTE APPENDICITIS (418)<br />8. NEONATAL JAUNDICE (409)<br />9. RENAL FAILURE (402)<br />10. DIABETES MILLITUS (395)<br />TOP 10 OPD<br />1. HYPERTENSION (51153)<br />2. DIABETES MILLITUS (35050)<br />3. CHRONIC RENAL FAILURE (28640)<br />4. HYPERLIPIDAEMIA (38479)<br />5. ACUTE NASOPHARYNX (18314)<br />6. MUSCLE STRAIN (11313)<br />7. GONATHROSIS (10621)<br />8. GASTROENTERITIS (9563)<br />9. FEVER (7572)<br />10. DYSPEPSIA (7556)<br />TOP 5 MAJOR OPERATION<br />1. LOW CESAREAN SECTION (1071)<br />2. BILAT TUBAL RESECTION (690)<br />3. APPENDECTOMY (388)<br />4. PHACOEMULSFICATION AND INSERT LENS (361)<br />5. ORIF Tibia And Fibula (106)
4,พระนครศรีอยุธยา,โรงพยาบาลการุญเวช อยุธยา,KARUNVEJ AYUTHAYA HOSPITAL,15096,เอกชน,รพ.เอกชน,105,55,TRUE,รอการจัดเยี่ยมสำรวจ,7,2 P Safety (Patient and Personnel) การคัดกรองโรคติดเชื้อทางเดินหายใจที่มีประสิทธิภาพ<br /> (Smart Screening of all airborne  infections ) ,91756,55602,53960,1642,123.39,12.4,1.STEMI<br />2.Stroke<br />3.Head  Injury<br />4.Ectopic Pregnancy<br />5.Acute Appendecitis<br />
6,สมุทรปราการ,โรงพยาบาลเมืองสมุทรบางปูโรงพยาบาลทั่วไปขนาดเล็ก,NULL,15138,เอกชน,รพ.เอกชน,10,0,TRUE,NULL,NULL,NULL,NULL,NULL,NULL,NULL,NULL,NULL,NULL
1,พะเยา,โรงพยาบาลค่ายขุนเจืองธรรมิกราช,FORT KHUNCHUEANGTHAMMIKKARAT HOSPITAL,15140,กระทรวงกลาโหม,กรมแพทย์ทหารบก,30,13,TRUE,อยู่ระหว่างต่ออายุ,NULL,NULL,NULL,NULL,NULL,NULL,NULL,NULL,NULL
13,กรุงเทพมหานคร,โรงพยาบาลบางปะกอก 8 โรงพยาบาลทั่วไปขนาดใหญ่,BANGKOK 8 HOSPITAL,15147,เอกชน,รพ.เอกชน,120,110,TRUE,NULL,NULL,NULL,NULL,NULL,NULL,NULL,NULL,NULL,NULL
6,สมุทรปราการ,ศูนย์เวชศาสตร์ฟื้นฟูสภากาชาดไทย,Thairedcross Rehabilitation Center,15198,หน่วยงานอิสระ,หน่วยราชการอิสระ,60,60,TRUE,NULL,5,บริการเฉพาะทางเวชศาสตร์ฟื้นฟู โดยสหสาขาวิชาชีพ,0,ปี 2564 เดือนตุลาคม 2563 - มีนาคม 2564,1434,143,28,30,1. Stroke<br />2.Traumatic Brain<br />3. Traumatic Spinal Cord injury<br />4. Non-Traumatic Spinal Cord injury<br />5. Degenerative Central Nervous<br />6. Pediatric<br />7. Orthopedic and Musculoskeletal Problem<br />8. Other<br />
13,กรุงเทพมหานคร,โรงพยาบาลคณะทันตแพทยศาสตร์ จุฬาลงกรณ์มหาวิทยาลัย,FACULTY OF DENTISTRY CHULALONGKORN UNIVERSITY,15199,กระทรวงศึกษาธิการ,กระทรวงศึกษาธิการ,40,28,TRUE,รอการจัดเยี่ยมสำรวจ,0,โรงพยาบาลเฉพาะทางทันตกรรม ระดับตติยภูมิ,0,2564 (มกราคม-ตุลาคม2564),18432,133,9.9,3.03,โรคฟันผุ โรคปริทันต์ และโรคระบบบดเคี้ยว
6,ระยอง,โรงพยาบาลกรุงเทพระยอง,BANGKOK HOSPITAL RAYONG,15219,เอกชน,รพ.เอกชน,160,156,TRUE,NULL,NULL,NULL,NULL,NULL,NULL,NULL,NULL,NULL,NULL
6,สมุทรปราการ,โรงพยาบาลป้อมพระจุลจอมเกล้า ฐานทัพเรือกรุงเทพ,NULL,15229,กระทรวงกลาโหม,กรมแพทย์ทหารเรือ,10,0,TRUE,NULL,NULL,NULL,NULL,NULL,NULL,NULL,NULL,NULL,NULL
13,กรุงเทพมหานคร,โรงพยาบาลสินแพทย์,SYNPHAET HOSPITAL,15260,เอกชน,รพ.เอกชน,287,287,TRUE,NULL,NULL,NULL,NULL,NULL,NULL,NULL,NULL,NULL,NULL
7,ขอนแก่น,โรงพยาบาลทันตกรรม คณะทันตแพทยศาสตร์  มหาวิทยาลัยขอนแก่น,"FACULTY OF DENTISTRY, KHON KAEN UNIVERSITY",15270,มหาวิทยาลัย,โรงเรียนแพทย์,10,10,TRUE,รอการจัดเยี่ยมสำรวจ,4,โรงพยาบาลทันตกรรมเป็นโรงพยาบาลเฉพาะทางด้านทันตกรรม สังกัดคณะทันตแพทยศาสตร์ ม.ขอนแก่น มีความเชี่ยวชาญการให้บริการทางทันตกรรมแบบครบวงจร รวมทั้งให้บริการทางทันตกรรมขั้นสูง*** โดยแบ่งเป็น (1) คลินิกการเรียนการสอน (Student Clinic) เพื่อสนับสนุนการจัดการเรียนการสอนวิชาปฏิบัติการคลินิก และการวิจัยในคลินิกสำหรับนักศึกษาระดับปริญญาตรีและระดับบัณฑิตศึกษา (2) คลินิกอาจารย์/ คลินิกพิเศษ (Faculty/ Special Clinic) ให้บริการรักษาทางทันตกรรมทั่วไปและเฉพาะทางโดยอาจารย์ และทันตแพทย์ (3) ศูนย์ความเป็นเลิศทางทันตกรรม 5 ศูนย์ ได้แก่ ศูนย์ทันตกรรมรากเทียม ศูนย์เลเซอร์ทางทันตกรรม ศูนย์การดูแลผู้ป่วยปากแหว่งเพดานโหว่ฯ คลินิกบำบัดความเจ็บปวดช่องปากและใบหน้า และ คลินิกทันตกรรมผู้สูงอายุและผู้ป่วยความต้องการพิเศษ โดยมุ่งเน้นให้บริการผู้ป่วยที่มีความซับซ้อนในรูปแบบสหสาขา<br /><br />***บริการทางทันตกรรมขั้นสูง หมายถึง งานทันตกรรมที่มีความซับซ้อน ต้องการความเชี่ยวชาญเฉพาะทาง และให้บริการในรูปแบบสหสาขา โดยผู้ป่วยในกลุ่มนี้ที่มีความเสี่ยงสูง ถือเป็น กลุ่มผู้ป่วยโรคสำคัญ ได้แก่  กลุ่มผู้ป่วยปากแหว่งเพดานโหว่ กลุ่มผู้ป่วยศัลยกรรมช่องปากและแม็กซิลโลเฟเชียล กลุ่มผู้ป่วยเด็กโรคหัวใจที่ต้องรับการรักษาทางทันตกรรม และกลุ่มผู้ป่วยความเจ็บปวดช่องปากและใบหน้า <br />,1678,ปี 2564 (ตุลาคม 2563 - กันยายน 2564),91574,66,7.11,1.68,กำหนดกลุ่มผู้ป่วยโรคสำคัญโดยใช้เกณฑ์ดังนี้ คือ ผู้ป่วยที่มีความเสี่ยงสูง ต้องการการรักษาด้วยเทคโนโลยีขั้นสูง และต้องการการรักษาแบบสหสาขา แบ่งได้เป็น 4 กลุ่ม ได้แก่ (1) กลุ่มผู้ป่วยปากแหว่งเพดานโหว่ (2) กลุ่มผู้ป่วยศัลยกรรมช่องปากและแม็กซิลโลเฟเชียล (3) กลุ่มผู้ป่วยเด็กโรคหัวใจที่ต้องรับการรักษาทางทันตกรรม (4) กลุ่มผู้ป่วยความเจ็บปวดช่องปากและใบหน้า 
8,สกลนคร,โรงพยาบาลพระอาจารย์แบน ธนากโร,PRAARJANBAN TANAKARO HOSPITAL,21323,สำนักงานปลัดกระทรวงสาธารณสุข (สป.สธ.),โรงพยาบาลชุมชน(รพช.),90,0,TRUE,อยู่ระหว่างต่ออายุ,NULL,NULL,NULL,NULL,NULL,NULL,NULL,NULL,NULL
13,กรุงเทพมหานคร,โรงพยาบาลบางปะกอก 9 อินเตอร์เนชั่นแนล,BANGPAKOK 9 INTERNATIONAL HOSPITAL,21339,เอกชน,รพ.เอกชน,200,170,TRUE,NULL,NULL,NULL,NULL,NULL,NULL,NULL,NULL,NULL,NULL
8,หนองคาย,โรงพยาบาลสระใคร,SAKHRAI HOSPITAL,21356,สำนักงานปลัดกระทรวงสาธารณสุข (สป.สธ.),โรงพยาบาลชุมชน(รพช.),30,30,TRUE,จัดทำใบประกาศนียบัตร,NULL,NULL,NULL,NULL,NULL,NULL,NULL,NULL,NULL
13,กรุงเทพมหานคร,โรงพยาบาลทันตกรรม คณะทันตแพทยศาสตร์  มหาวิทยาลัยมหิดล,DENTAL HOSPITAL FACULTY OF DENTISTRY MAHIDOL UNIVERSITY,21434,กระทรวงศึกษาธิการ,กระทรวงศึกษาธิการ,26,11,TRUE,อยู่ระหว่างต่ออายุ,0,การศึกษา<br />การวิจัย<br />การบริการวิชาการ<br />การให้บริการทางทันตกรรม,0,2563,401640,345,19.43,3.18,โรคทางทันตกรรม ใบหน้า ขากรรไกร
13,กรุงเทพมหานคร,ศูนย์บริการสาธารณสุข 65 รักษาศุข บางบอน,PUBLIC HEALTH CENTER 65,21486,สังกัด กทม.,ศูนย์บริการสาธารณสุข,0,0,TRUE,NULL,NULL,NULL,NULL,NULL,NULL,NULL,NULL,NULL,NULL
13,กรุงเทพมหานคร,ศูนย์บริการสาธารณสุข 44 ลำผักชี หนองจอก,PUBLIC HEALTH CENTER 44,21526,สังกัด กทม.,ศูนย์บริการสาธารณสุข,0,0,TRUE,NULL,NULL,NULL,NULL,NULL,NULL,NULL,NULL,NULL,NULL
4,อ่างทอง,โรงพยาบาลอ่างทองเวชการ,ANGTHONGVECHAKARN HOSPITAL,21598,เอกชน,รพ.เอกชน,59,0,TRUE,NULL,NULL,NULL,NULL,NULL,NULL,NULL,NULL,NULL,NULL
6,ชลบุรี,สถานพยาบาลเมดิคอลเวชการ,NULL,21610,เอกชน,รพ.เอกชน,7,0,TRUE,NULL,NULL,NULL,NULL,NULL,NULL,NULL,NULL,NULL,NULL
11,สุราษฎร์ธานี,โรงพยาบาลไทยอินเตอร์เนชั่นแนล,PHRASEANG HOSPITAL,21614,เอกชน,รพ.เอกชน,50,0,TRUE,NULL,NULL,NULL,NULL,NULL,NULL,NULL,NULL,NULL,NULL
11,สุราษฎร์ธานี,โรงพยาบาลกรุงเทพสมุย,BANGKOK HOSPITAL SAMUI,21615,เอกชน,รพ.เอกชน,50,0,TRUE,NULL,0,NULL,0,NULL,0,0,0,0,NULL
13,กรุงเทพมหานคร,ซีจีเอช สายไหม โรงพยาบาลทั่วไปขนาดใหญ่,CGH HOSPITAL,21673,เอกชน,รพ.เอกชน,100,100,TRUE,NULL,NULL,NULL,NULL,NULL,NULL,NULL,NULL,NULL,NULL
13,กรุงเทพมหานคร,ศูนย์บริการสาธารณสุข 66 ตำหนักพระแม่กวนอิม โชคชัย 4,PUBLIC HEALTH CENTER 66 KUAN-IM BODHISATTAVA'S HALL CHOKCHAI 4,21748,สังกัด กทม.,ศูนย์บริการสาธารณสุข,0,0,TRUE,NULL,NULL,NULL,NULL,NULL,NULL,NULL,NULL,NULL,NULL
13,กรุงเทพมหานคร,ศูนย์บริการสาธารณสุข 45 ร่มเกล้า ลาดกระบัง,PUBLIC HEALTH CENTER 45 ROMKLAO LADKRABANG,21755,สังกัด กทม.,ศูนย์บริการสาธารณสุข,0,0,TRUE,NULL,NULL,NULL,NULL,NULL,NULL,NULL,NULL,NULL,NULL
11,นครศรีธรรมราช,โรงพยาบาลเทศบาลนครนครศรีธรรมราช,NULL,21771,องค์การปกครองส่วนท้องถิ่น (อปท.),องค์การปกครองส่วนท้องถิ่น (อปท.),30,0,TRUE,NULL,NULL,NULL,NULL,NULL,NULL,NULL,NULL,NULL,NULL
5,กาญจนบุรี,โรงพยาบาลห้วยกระเจาเฉลิมพระเกียรติ ๘๐ พรรษา,HUAIKRACHAO HOSPITAL,21948,สำนักงานปลัดกระทรวงสาธารณสุข (สป.สธ.),โรงพยาบาลชุมชน(รพช.),30,30,TRUE,NULL,585,เวชศาสตร์ครอบครัวและชุมชน,34384,"ปีงบประมาณ 2563  จำนวน 79,201 ครั้ง",33169,2798,50.13,0,เบาหวาน/ความดันโลหิตสูง
10,อุบลราชธานี,โรงพยาบาล ๕๐ พรรษา มหาวชิราลงกรณ,THE 5Oth ANNIVERSARY MAHAVAJIRALONGKORN HOSPITAL,21984,สำนักงานปลัดกระทรวงสาธารณสุข (สป.สธ.),โรงพยาบาลทั่วไป(รพท.),150,150,TRUE,NULL,NULL,NULL,NULL,NULL,NULL,NULL,NULL,NULL,NULL
4,นนทบุรี,โรงพยาบาลชลลดา,NULL,22127,เอกชน,รพ.เอกชน,32,0,TRUE,NULL,NULL,NULL,NULL,NULL,NULL,NULL,NULL,NULL,NULL
6,ปราจีนบุรี,โรงพยาบาลโสธรเวช 304,NULL,22178,เอกชน,รพ.เอกชน,30,0,TRUE,NULL,NULL,NULL,NULL,NULL,NULL,NULL,NULL,NULL,NULL
4,นนทบุรี,โรงพยาบาลกรุงไทย,KRUNGTHAI GENERAL HOSPITAL,22179,เอกชน,รพ.เอกชน,100,100,TRUE,NULL,NULL,NULL,NULL,NULL,NULL,NULL,NULL,NULL,NULL
9,สุรินทร์,โรงพยาบาลพนมดงรักเฉลิมพระเกียรติ ๘๐ พรรษา,PHANOMDONGRAK CHALEARMPRAKEAT HOSPITAL,22302,สำนักงานปลัดกระทรวงสาธารณสุข (สป.สธ.),โรงพยาบาลชุมชน(รพช.),30,37,TRUE,ยืนยันการเยี่ยม,NULL,NULL,NULL,NULL,NULL,NULL,NULL,NULL,NULL
6,สมุทรปราการ,โรงพยาบาลวิภาราม-ชัยปราการ,VIBHARAM CHAIPRAKARN HOSPITAL,22326,เอกชน,รพ.เอกชน,101,101,TRUE,NULL,NULL,NULL,NULL,NULL,NULL,NULL,NULL,NULL,NULL
13,กรุงเทพมหานคร,สถานพยาบาลเดอะซีเนียร์ สาขารัชดาภิเษก,NULL,22339,เอกชน,รพ.เอกชน,20,0,TRUE,NULL,NULL,NULL,NULL,NULL,NULL,NULL,NULL,NULL,NULL
13,กรุงเทพมหานคร,สถานพยาบาลภัสรพิบาลเนอสซิ่งโฮม,NULL,22340,เอกชน,รพ.เอกชน,30,0,TRUE,NULL,NULL,NULL,NULL,NULL,NULL,NULL,NULL,NULL,NULL
1,แพร่,โรงพยาบาลแพร่ราม,PHRAERAM HOSPITAL,22343,เอกชน,รพ.เอกชน,60,60,TRUE,NULL,NULL,NULL,NULL,NULL,NULL,NULL,NULL,NULL,NULL
13,กรุงเทพมหานคร,โรงพยาบาลบางกอกอินเตอร์เนชั่นแนลเด็นทัลคลินิกทันตกรรม,NULL,22431,เอกชน,รพ.เอกชน,0,0,TRUE,NULL,NULL,NULL,NULL,NULL,NULL,NULL,NULL,NULL,NULL
9,ชัยภูมิ,โรงพยาบาลชัยภูมิรวมแพทย์,CHAIYAPHUM RUAMPAET HOSPITAL,22454,เอกชน,รพ.เอกชน,31,31,TRUE,NULL,NULL,NULL,NULL,NULL,NULL,NULL,NULL,NULL,NULL
13,กรุงเทพมหานคร,ศูนย์บริการสาธารณสุข 64 คลองสามวา,PUBLIC HEALTH CENTER 64,22455,สังกัด กทม.,ศูนย์บริการสาธารณสุข,0,0,TRUE,NULL,NULL,NULL,NULL,NULL,NULL,NULL,NULL,NULL,NULL
9,นครราชสีมา,โรงพยาบาลพระทองคำ เฉลิมพระเกียรติ ๘๐ พรรษา,PRATHONGKHAM GLORIFIES HIS MAJESTY THE KING'S 80TH BIRTHDAY ANNIVERSARY HOSPITAL,22456,สำนักงานปลัดกระทรวงสาธารณสุข (สป.สธ.),โรงพยาบาลชุมชน(รพช.),30,30,TRUE,จัดทำใบประกาศนียบัตร,NULL,NULL,NULL,NULL,NULL,NULL,NULL,NULL,NULL
13,กรุงเทพมหานคร,แพทย์หลวงสวนจิตรลดา กองแพทย์หลวง สำนักพระราชวัง,ROYAL MEDICAL DIVISION BUREAU OF THE ROYAL HOUSEHOLD CHITRALADA PALACE SUBDIVISION,22523,สำนักพระราชวัง,สำนักพระราชวัง,0,0,TRUE,NULL,NULL,NULL,NULL,NULL,NULL,NULL,NULL,NULL,NULL
13,กรุงเทพมหานคร,คลินิกศูนย์แพทย์พัฒนา,MEDICAL DEVELOPMENT CLINIC,22525,เอกชน,รพ.เอกชน,0,0,TRUE,รอเข้าคณะอนุกรรมการพิจารณา,NULL,NULL,NULL,NULL,NULL,NULL,NULL,NULL,NULL
5,สมุทรสาคร,โรงพยาบาลเอกชัย,KRATHUMBAEN HOSPITAL,22615,เอกชน,รพ.เอกชน,100,0,TRUE,NULL,NULL,NULL,NULL,NULL,NULL,NULL,NULL,NULL,NULL
6,ระยอง,โรงพยาบาลเขาชะเมาเฉลิมพระเกียรติ ๘๐ พรรษา,"KAOCHAMAO COMMUNITY HOSPITAL COMMEMORATING HIS MAJESTY THE KING'S 80thBIRTHDAY ANNIVERSARY, 5th DECEMBER 2007",22734,สำนักงานปลัดกระทรวงสาธารณสุข (สป.สธ.),โรงพยาบาลชุมชน(รพช.),30,27,TRUE,NULL,70,การดูแลผู้ป่วยโรคเรื้อรัง(NCDs) แบบบูรณาการร่วมกับภาคีเครือข่าย,23660,1 ตุลาคม 2563 ถึง 30 กันยายน 2564,63416,2053,34,6.06,"โรคฉุกเฉิน: Trauma, ACS, Stroke<br />โรคเรื้อรัง: HT DM COPD<br />โรคติต่อทางระบาดวิทยา:  DHF, diarrhea ,TB, HIV, Coivd-19<br />กลุ่ม long term care: กลุ่มติดบ้านติดเตียง กลุ่มมะเร็งระยะสุดท้าย"
13,กรุงเทพมหานคร,โรงพยาบาลจุฬาภรณ์,CHULABHORN HOSPITAL,22737,กระทรวงศึกษาธิการ,กระทรวงศึกษาธิการ,100,74,TRUE,NULL,NULL,NULL,NULL,NULL,NULL,NULL,NULL,NULL,NULL
5,นครปฐม,ศูนย์การแพทย์กาญจนาภิเษก คณะแพทยศาสตร์ศิริราชพยาบาล มหาวิทยาลัยมหิดล,"GOLDEN JUBILEE MEDICAL CENTER,  FACULTY OF MEDICINE HOSPITAL, MAHIDOL UNIVERSITY",22952,มหาวิทยาลัย,โรงเรียนแพทย์,300,80,TRUE,NULL,NULL,NULL,NULL,NULL,NULL,NULL,NULL,NULL,NULL
7,มหาสารคาม,สุทธาเวช คณะแพทยศาสตร์ มหาวิทยาลัยมหาสารคาม,SUDDHAVEJ HOSPITAL FACULTY OF MEDICINE MAHASARAKHAM UNIVERSITY,22953,มหาวิทยาลัย,โรงเรียนแพทย์,230,157,TRUE,รอการจัดเยี่ยมสำรวจ,0,ให้บริการตรวจรักษาในระดับตติยภูมิด้าน จักษุวิทยา ตจวิทยา โรคเรื้อรัง และชุมชน,45753,2564 ( ตุลาคม 2563 - กันยายน 2564 ) ,255486,5801,45.6,4.33,กลุ่มผู้ป่วยโรคจักษุ โรคเรื้อรัง โรคผิวหนัง 
10,ศรีสะเกษ,โรงพยาบาลเบญจลักษ์เฉลิมพระเกียรติ ๘๐ พรรษา,"BENCHALAK HOSPITAL COMMEMORATING HIS MAJESTY THE KING’S 80th BIRTHDAY ANNIVERSARY, 5th DECEMBER 2007",23125,สำนักงานปลัดกระทรวงสาธารณสุข (สป.สธ.),โรงพยาบาลชุมชน(รพช.),30,30,TRUE,ยืนยันการเยี่ยม,NULL,NULL,NULL,NULL,NULL,NULL,NULL,NULL,NULL
13,กรุงเทพมหานคร,ศูนย์บริการสาธารณสุข 68 สะพานสูง,PUBLIC HEALTH CENTER 68,23159,สังกัด กทม.,ศูนย์บริการสาธารณสุข,0,0,TRUE,NULL,NULL,NULL,NULL,NULL,NULL,NULL,NULL,NULL,NULL
6,ชลบุรี,โรงพยาบาลเอกชล 2,AIKCHOL 2 HOSPITAL,23207,เอกชน,รพ.เอกชน,100,100,TRUE,NULL,NULL,NULL,NULL,NULL,NULL,NULL,NULL,NULL,NULL
10,ยโสธร,โรงพยาบาลรวมแพทย์ยโสธรโรงพยาบาลทั่วไปขนาดกลาง,RUAMPHAET YASOTHON  HOSPITAL,23208,เอกชน,รพ.เอกชน,60,60,TRUE,NULL,5,ผ่าตัดโรคในช่องท้อง,200000,3000,20000,5000,87,3,นิ่วถุงน้ำดี นิ่วไต
13,กรุงเทพมหานคร,ศูนย์บริการสาธารณสุข 67 ทวีวัฒนา,PUBLIC HEALTH CENTER 67 THAWEEWATTHANA,23229,สังกัด กทม.,ศูนย์บริการสาธารณสุข,0,0,TRUE,NULL,NULL,NULL,NULL,NULL,NULL,NULL,NULL,NULL,NULL
8,หนองบัวลำภู,โรงพยาบาลนาวังเฉลิมพระเกียรติ ๘๐ พรรษา,NAWANGCHALERMPRAKIET 80 PANSA HOSPITAL,23367,สำนักงานปลัดกระทรวงสาธารณสุข (สป.สธ.),โรงพยาบาลชุมชน(รพช.),30,30,TRUE,จัดทำใบประกาศนียบัตร,0,ทดสอบ,0,ปี 2563 ,0,0,0,0,ทดสอบ
1,เชียงราย,โรงพยาบาลมหาวิทยาลัยแม่ฟ้าหลวง,MAE FAH LUANG UNIVERSITY HOSPITAL,23429,กระทรวงศึกษาธิการ,กระทรวงศึกษาธิการ,107,0,TRUE,NULL,NULL,NULL,NULL,NULL,NULL,NULL,NULL,NULL,NULL
9,นครราชสีมา,โรงพยาบาลหัวทะเล เครือข่ายโรงพยาบาลมหาราชนครราชสีมา,NULL,23550,องค์การปกครองส่วนท้องถิ่น (อปท.),องค์การปกครองส่วนท้องถิ่น (อปท.),30,0,TRUE,NULL,NULL,NULL,NULL,NULL,NULL,NULL,NULL,NULL,NULL
13,กรุงเทพมหานคร,โรงพยาบาลโรคปอดกรุงเทพ,BANGKOK CHEST HOSPITAL,23560,หน่วยงานอิสระ,หน่วยราชการอิสระ,50,0,TRUE,NULL,NULL,NULL,NULL,NULL,NULL,NULL,NULL,NULL,NULL
9,บุรีรัมย์,โรงพยาบาลแคนดง,CANDONG HOSPITAL,23578,สำนักงานปลัดกระทรวงสาธารณสุข (สป.สธ.),โรงพยาบาลชุมชน(รพช.),30,30,TRUE,NULL,54,-,31491,ปี 2563 (1 ตุลาคม 2562 - 30 กันยายน 2563),69901,2793,69.49,2.73,"STROKE , STEMI , SEPSIS, Head Injury"
1,เชียงใหม่,โรงพยาบาลวัดจันทร์เฉลิมพระเกียรติ ๘๐ พรรษา,WATCHAN CHALEARMPRAKEAT HOSPITAL,23736,สำนักงานปลัดกระทรวงสาธารณสุข (สป.สธ.),โรงพยาบาลชุมชน(รพช.),10,10,TRUE,NULL,0,ทดสอบ,0,0,0,0,0,0,ทดสอบ
9,ชัยภูมิ,โรงพยาบาลชัยภูมิ-ราม,CHAIYAPHUM-RAM HOSPITAL,23757,เอกชน,รพ.เอกชน,100,0,TRUE,NULL,NULL,NULL,NULL,NULL,NULL,NULL,NULL,NULL,NULL
12,นราธิวาส,โรงพยาบาลยี่งอเฉลิมพระเกียรติ ๘๐ พรรษา,YINGO HOSPITAL,23771,สำนักงานปลัดกระทรวงสาธารณสุข (สป.สธ.),โรงพยาบาลชุมชน(รพช.),30,42,TRUE,จัดทำใบประกาศนียบัตร,NULL,NULL,NULL,NULL,NULL,NULL,NULL,NULL,NULL
4,พระนครศรีอยุธยา,โรงพยาบาลพีรเวช,PERAVECH HOSPITAL,23775,เอกชน,รพ.เอกชน,54,0,TRUE,NULL,NULL,NULL,NULL,NULL,NULL,NULL,NULL,NULL,NULL
13,กรุงเทพมหานคร,โรงพยาบาลมนารมย์,NULL,23780,เอกชน,รพ.เอกชน,32,0,TRUE,NULL,NULL,NULL,NULL,NULL,NULL,NULL,NULL,NULL,NULL
13,กรุงเทพมหานคร,โรงพยาบาลนวมินทร์ 9,NULL,23781,เอกชน,รพ.เอกชน,166,166,TRUE,NULL,NULL,NULL,NULL,NULL,NULL,NULL,NULL,NULL,NULL
13,กรุงเทพมหานคร,โรงพยาบาลเสรีรักษ์,SERIRUK HOSPITAL,23783,เอกชน,รพ.เอกชน,164,141,TRUE,NULL,NULL,NULL,NULL,NULL,NULL,NULL,NULL,NULL,NULL
9,นครราชสีมา,โรงพยาบาลเทพรัตน์นครราชสีมา,DEBARATANA NAKHONRATCHASIMA HOSPITAL,23839,สำนักงานปลัดกระทรวงสาธารณสุข (สป.สธ.),โรงพยาบาลทั่วไป(รพท.),200,249,TRUE,จัดทำใบประกาศนียบัตร,16,ให้บริการด้านสุขภาพแบบองค์รวมครอบคลุมทุกสาขาหลัก ประสานภาคีเครือข่ายสู่ชุมชนเข้มแข็ง,73618,2563 (1 ตุลาคม 62 - 30 กันยายน 2563),236687,17432,1.17,3.45,"Top 5 OPD: Essential (primary) hypertension, Cerebrovascular disease, Chronic kidney disease, stage 5, NIDM Without complications, Muscle strain<br />Top 5 IPD: Senile cataract, Acute appendicitis, Cerebral infarction, Spontaneous vertex delivery, Diarrhoea Gastroenteritis and colitis<br />Death 5 : Pneumonia, Sepsis, Stroke, CA (lung,Liver,Colon),CKD<br />ผ่าตัด 5 : Cataract, appendectomy, cesarean section, excision, pterygium "
11,นครศรีธรรมราช,โรงพยาบาลนครพัฒน์,NULL,23875,เอกชน,รพ.เอกชน,59,0,TRUE,NULL,NULL,NULL,NULL,NULL,NULL,NULL,NULL,NULL,NULL
6,ชลบุรี,โรงพยาบาลปิยะเวชช์ บ่อวิน,PIYAWETCH HOSPITAL BO WIN,23914,เอกชน,รพ.เอกชน,55,0,TRUE,NULL,NULL,NULL,NULL,NULL,NULL,NULL,NULL,NULL,NULL
5,สมุทรสาคร,โรงพยาบาลมหาชัย 3,MAHACHAI 3 HOSPITAL,23924,เอกชน,รพ.เอกชน,100,100,TRUE,NULL,0,มีความสามารถในการให้บริการระดับทุติยภูมิครอบคลุมสาขา  อายุรกรรม ศัลยกรรมทั่วไป ศัลยกรรมออร์โธปิดิส์ นรีเวชกรรม จักษุและหู คอ จมูก<br />,101360,ปี 64 ม.ค - ต.ค,135463,4486,46.92,3.82,"""1. กลุ่มผู้ป่วยโรคไม่ซับซ้อน <br />2. กลุ่มผู้ป่วยโรคไม่ติดต่อเรื้อรัง DM, HT, DLP<br />3. กลุ่มผู้ป่วยโรคติดเชื้อ TB, HIV, Sepsis<br />4. กลุ่มผู้ป่วยโรคเสี่ยงสูง AMI, Stroke, Sepsis, AAA<br />5. กลุ่มอุบัติเหตุและฉุกเฉิน<br />6. โรคอุบัติใหม่ (COVID-19)<br />7. กลุ่มโรคระบาดตามฤดูกาล  เช่น ไข้หวัดใหญ่  ไข้เลือดออก <br />8. มะเร็งระบบต่างๆ""<br />"
12,สงขลา,โรงพยาบาลการแพทย์แผนไทย มหาวิทยาลัยสงขลานครินทร์,TRADITIONAL THAI MEDICINE HOSPITAL,23925,มหาวิทยาลัย,โรงเรียนแพทย์,12,12,TRUE,จัดการทีมเยี่ยมสำรวจ,0,ให้บริการตรวจ และรักษาโรคแบบ one stop service โดยใช้องค์ความรู้แพทย์แผนไทย ทั้งหมด 4 สาขา ได้แก่ เวชกรรมไทย เภสัชกรรมไทย หัตถเวชกรรมไทย ผดุงครรภ์ไทย ในวันจันทร์-วันศุกร์ ตั้งแต่เวลา 08.00-19.00 น. และวันเสาร์-วันอาทิตย์ เวลา 08.30-16.30 น. หยุดทุกวันหยุดนักขัตฤกษ์ ,0,8421 (ปีงบประมาณ 2563 ต.ค.62-ก.ย.63),19379,0,12,0,1. กลุ่มผู้ป่วยโรคระบบกล้ามเนื้อและโครงร่างของร่างกาย ได้แก่ โรคกระดูกและข้อ โรคในกลุ่มอาการปวดกล้ามเนื้อและพังผืด<br />2. กลุ่มผู้ป่วยอัมพฤกษ์– อัมพาต ที่ได้รับการมาฟื้นฟูสมรรถภาพกล้ามเนื้อ<br />3. กลุ่มผู้ป่วยโรคเรื้อรัง ได้แก่ โรคความดันโลหิตสูง โรคไขมันในเลือด โรคเบาหวาน เป็นต้น<br />4. กลุ่มผู้ป่วยโรคผิวหนัง เช่น ผิวหนังอักเสบเรื้อรัง โรคสะเก็ดเงิน เป็นต้น<br />5. กลุ่มโรคระบบย่อยอาหาร เช่น ภาวะอาหารไม่ย่อย ท้องอืด ท้องเฟ้อ ท้องผูก เป็นต้น<br />6. กลุ่มผู้ป่วยโรคระบบทางเดินหายใจ เช่น ภูมิแพ้อากาศ หอบหืด เป็นต้น<br />7. กลุ่มผู้ป่วยโรคโลหิตประจำเดือน เช่น ประจำเดือนมาไม่ปกติ<br />8. กลุ่มผู้ป่วยสูงอายุ ที่มีปัญหาสุขภาพ เช่น วัยทอง นอนไม่หลับ เข่าเสื่อม เป็นต้น <br />9. กลุ่มผู้ใช้บริการมารดาหลังคลอด ในการส่งเสริมและดูแลสุขภาพด้วยการอยู่ไฟ<br />
9,นครราชสีมา,โรงพยาบาลกรุงเทพราชสีมา,BANGKOK HOSPITAL RATCHASIMA,23928,เอกชน,รพ.เอกชน,150,145,TRUE,รอเข้าคณะอนุกรรมการพิจารณา,NULL,NULL,NULL,NULL,NULL,NULL,NULL,NULL,NULL
3,พิจิตร,สถานพยาบาลศรีสุโข,NULL,23929,เอกชน,รพ.เอกชน,10,0,TRUE,NULL,NULL,NULL,NULL,NULL,NULL,NULL,NULL,NULL,NULL
3,พิจิตร,โรงพยาบาลชัยอรุณเวชการ,NULL,23942,เอกชน,รพ.เอกชน,52,0,TRUE,NULL,NULL,NULL,NULL,NULL,NULL,NULL,NULL,NULL,NULL
8,อุดรธานี,โรงพยาบาลธัญญารักษ์อุดรธานี,THANYARAK UDONTHANI HOSPITAL,23951,รัฐในสังกัดกระทรวงสาธารณสุข (สธ.),กรมการแพทย์,60,90,TRUE,NULL,NULL,NULL,NULL,NULL,NULL,NULL,NULL,NULL,NULL
13,กรุงเทพมหานคร,โรงพยาบาลผิวหนังอโศก,NULL,23956,เอกชน,รพ.เอกชน,32,0,TRUE,NULL,NULL,NULL,NULL,NULL,NULL,NULL,NULL,NULL,NULL
3,นครสวรรค์,สถานพยาบาลเวชกรรมแพทย์ช่องแค,NULL,23958,เอกชน,รพ.เอกชน,30,0,TRUE,NULL,NULL,NULL,NULL,NULL,NULL,NULL,NULL,NULL,NULL
6,ระยอง,โรงพยาบาลนิคมพัฒนา,NIKOMPATTANA HOSPITAL,23962,สำนักงานปลัดกระทรวงสาธารณสุข (สป.สธ.),โรงพยาบาลชุมชน(รพช.),30,30,TRUE,NULL,NULL,NULL,NULL,NULL,NULL,NULL,NULL,NULL,NULL
10,อุบลราชธานี,โรงพยาบาลนาตาล,NATAN HOSPITAL,24032,สำนักงานปลัดกระทรวงสาธารณสุข (สป.สธ.),โรงพยาบาลชุมชน(รพช.),30,10,TRUE,จัดทำใบประกาศนียบัตร,NULL,NULL,NULL,NULL,NULL,NULL,NULL,NULL,NULL
6,สมุทรปราการ,โรงพยาบาลบางนา 5,BANGNA 5 HOSPITAL,24036,เอกชน,รพ.เอกชน,100,0,TRUE,NULL,NULL,NULL,NULL,NULL,NULL,NULL,NULL,NULL,NULL
13,กรุงเทพมหานคร,โรงพยาบาลพญาไท นวมินทร์,PHYATHAI NAWAMIN HOSPITAL,24037,เอกชน,รพ.เอกชน,140,140,TRUE,NULL,NULL,NULL,NULL,NULL,NULL,NULL,NULL,NULL,NULL
9,นครราชสีมา,มหาวิทยาลัยเทคโนโลยีสุรนารี,SURANAREE UNIVERSITY OF TECHNOLOGY HOSPITAL,24060,กระทรวงศึกษาธิการ,กระทรวงศึกษาธิการ,250,250,TRUE,NULL,22,"อายุรกรรม  สาขาอายุรศาสตร์  ,อายุรศาสตร์โรคหัวใจและหลอดเลือด ,อายุรศาสตร์โรคมะเร็ง ,  อายุรศาสตร์ประสาทวิทยา,อายุรศาสตร์โรคไต ,อายุรศาสตร์โรคติดเชื้อ , อายุรศาสตร์โรคต่อมไร้ท่อและเมตะบอลิสึม(ลาศึกษาต่อ) , สาขาอายุรกรรมโรคทางเดินอาหารและตับ(ลาศึกษาต่อ) ,<br />ศัลยกรรม สาขาศัลยศาสตร์ทั่วไป ,กุมารศัลยศาสตร์ , ศัลยศาสตร์ทางเดินปัสสาวะ , ประสาทศัลยศาสตร์ ,ศัลยศาสตร์ทรวงอก, ศัลยศาสตร์ตกแต่ง<br />ศัลยกรรมกระดูกและข้อออร์โธปิดิกส์ , ออร์โธปิดิกส์ข้อสะโพกและข้อเข่า, เวชศาสตร์การกีฬา ,ออร์โธปิดิกส์ศัลยศาสตร์กระดูกสันหลัง, ออร์โธปิดิกส์ทางมือ ,ออร์โธปิดิกส์เด็ก <br />สูตินรีเวชกรรม สาขาสูติศาสตร์-นรีเวชวิทยา ,เวชศาสตร์การเจริญพันธุ์ (Out source)<br />กุมารเวชกรรม สาขากุมารเวชศาสตร์ , กุมารเวชศาสตร์โรคภูมิแพ้  , กุมารพัฒนาการและพฤติกรรม , กุมารศาสตร์โรคติดเชื้อ , กุมารเวชศาสตร์ประสาทวิทยา , กุมารเวชศาสตร์โภชนาการ , ทารกแรกเกิด และปริกำเนิด , กุมารเวชศาสตร์โรคเลือด , กุมารเวชศาสตร์ผิวหนัง ,กุมารเวชศาสตร์โรคหัวใจ(ลาศึกษาต่อ)  , กุมารเวชศาสตร์โรคระบบทางเดินอาหารและตับ (ลาศึกษาต่อ) <br />จิตเวช  สาขาจิตเวชศาสตร์ ",442,"378,862",364721,14141,83,10.934,กลุ่มโรคสำคัญ : Stroke STEMI Sepsis / cancer / OA knee ACL HIP  /TBI / UGIB/ cataract / sepsis in newborn/ สูติศาสตร์แทรกซ้อน  ตาต้อกระจก <br />
13,กรุงเทพมหานคร,สถาบันวิจัยการแพทย์แผนไทย,NULL,24085,รัฐในสังกัดกระทรวงสาธารณสุข (สธ.),กรมพัฒนาการแพทย์ไทยและการแพทย์ทางเลือก,24,0,TRUE,NULL,NULL,NULL,NULL,NULL,NULL,NULL,NULL,NULL,NULL
4,นนทบุรี,โรงพยาบาลวิภารามปากเกร็ด,VIBHARAM PAKKRED HOSPITAL,24191,เอกชน,รพ.เอกชน,100,100,TRUE,NULL,NULL,NULL,NULL,NULL,NULL,NULL,NULL,NULL,NULL
5,นครปฐม,โรงพยาบาลศาลายาเนอร์สซิ่งโฮมสถานพยาบาลผู้ป่วยเรื้อรัง,NULL,24639,เอกชน,รพ.เอกชน,60,0,TRUE,NULL,NULL,NULL,NULL,NULL,NULL,NULL,NULL,NULL,NULL
4,พระนครศรีอยุธยา,สถานพยาบาลผู้ป่วยเรื้อรังเวลเนสแคร์,NULL,24640,เอกชน,รพ.เอกชน,5,0,TRUE,NULL,NULL,NULL,NULL,NULL,NULL,NULL,NULL,NULL,NULL
12,พัทลุง,โรงพยาบาลศรีนครินทร์(ปัญญานันทภิกขุ),SRINAKARIN (PUNYANANTAPHIKKHU) HOSPITAL,24673,สำนักงานปลัดกระทรวงสาธารณสุข (สป.สธ.),โรงพยาบาลชุมชน(รพช.),30,30,TRUE,อยู่ระหว่างต่ออายุ,17,na*****,28311,94002,71290,2632,55.51,2.31,"DM,HT, Head injury,Stroke,Pneumonia,COPD,ASTHMA,Sepsis,DHF,Animal  bite,ACS,Appendicitis,TB,High-Risk Preg,AGE"
7,มหาสารคาม,โรงพยาบาลมหาสารคามอินเตอร์เนชั่นแนล,MAHASARAKHAM INTERNATIONAL HOSPITAL,24674,เอกชน,รพ.เอกชน,50,50,TRUE,NULL,NULL,NULL,NULL,NULL,NULL,NULL,NULL,NULL,NULL
11,ภูเก็ต,โรงพยาบาลองค์การบริหารส่วนจังหวัดภูเก็ต,Phuket Provincial Hospital,24678,องค์การปกครองส่วนท้องถิ่น (อปท.),องค์การปกครองส่วนท้องถิ่น (อปท.),129,129,TRUE,NULL,NULL,NULL,NULL,NULL,NULL,NULL,NULL,NULL,NULL
4,พระนครศรีอยุธยา,โรงพยาบาลราชธานี โรจนะ โรงพยาบาลทั่วไปขนาดใหญ่,RAJTHANEE-ROJANA HOSPITAL,24681,เอกชน,รพ.เอกชน,100,100,TRUE,NULL,NULL,NULL,NULL,NULL,NULL,NULL,NULL,NULL,NULL
13,กรุงเทพมหานคร,สถานพยาบาลสถานพยาบาลเฉพาะทางอาชีวเวชศาสตร์อินเตอร์เมด,NULL,24686,เอกชน,รพ.เอกชน,3,0,TRUE,NULL,NULL,NULL,NULL,NULL,NULL,NULL,NULL,NULL,NULL
12,ยะลา,โรงพยาบาลกรงปินัง,KRONGPINANG HOSPITAL,24689,สำนักงานปลัดกระทรวงสาธารณสุข (สป.สธ.),โรงพยาบาลชุมชน(รพช.),30,30,TRUE,รอเข้าคณะอนุกรรมการพิจารณา,NULL,NULL,NULL,NULL,NULL,NULL,NULL,NULL,NULL
9,นครราชสีมา,โรงพยาบาลเฉลิมพระเกียรติ,CHALOEMPHRAKIAT HOSPITAL,24692,สำนักงานปลัดกระทรวงสาธารณสุข (สป.สธ.),โรงพยาบาลชุมชน(รพช.),30,30,TRUE,จัดทำใบประกาศนียบัตร,20,การประสานงานกับชุมชนและเครือข่ายสุขภาพ มีสมรรถนะในการดูแลผู้ป่วย IMC (Post stroke care),36013,ปี 2565 (1 ตุลาคม 2564 - 31 มีนาคม 2565),70189,1056,88.49,4.57,1. COVID-19<br />2. DM<br />3. HT<br />4. Stroke<br />5. ACS<br />6. Sepsis<br />7. TBI
4,ปทุมธานี,โรงพยาบาลเฉพาะทางแม่และเด็กแพทย์รังสิต โรงพยาบาลขนาดกลาง,patRangsit Mother and Child Hospital,24703,เอกชน,รพ.เอกชน,56,56,TRUE,NULL,NULL,NULL,NULL,NULL,NULL,NULL,NULL,NULL,NULL
7,มหาสารคาม,โรงพยาบาลกุดรัง,KUDRANG HOSPITAL,24704,สำนักงานปลัดกระทรวงสาธารณสุข (สป.สธ.),โรงพยาบาลชุมชน(รพช.),30,30,TRUE,NULL,NULL,NULL,NULL,NULL,NULL,NULL,NULL,NULL,NULL
7,ขอนแก่น,สถาบันสุขภาพจิตเด็กและวัยรุ่นภาคตะวันออกเฉียงเหนือ,INSTITUTE OF CHILD DEVELOPMENT NORTHEAST,24746,รัฐในสังกัดกระทรวงสาธารณสุข (สธ.),กรมสุขภาพจิต,12,12,TRUE,NULL,NULL,NULL,NULL,NULL,NULL,NULL,NULL,NULL,NULL
13,กรุงเทพมหานคร,โรงพยาบาลศิริราช ปิยมหาราชการุณย์,NULL,24748,กระทรวงศึกษาธิการ,กระทรวงศึกษาธิการ,345,0,TRUE,NULL,NULL,NULL,NULL,NULL,NULL,NULL,NULL,NULL,NULL
13,กรุงเทพมหานคร,สถานพยาบาลสถานพยาบาลผู้ป่วยเรื้อรังเดอะซีเนียร์ 3,NULL,24793,เอกชน,รพ.เอกชน,30,0,TRUE,NULL,NULL,NULL,NULL,NULL,NULL,NULL,NULL,NULL,NULL
10,อุบลราชธานี,โรงพยาบาลนาเยีย,NAYIN HOSPITAL,24821,สำนักงานปลัดกระทรวงสาธารณสุข (สป.สธ.),โรงพยาบาลชุมชน(รพช.),30,10,TRUE,NULL,NULL,NULL,NULL,NULL,NULL,NULL,NULL,NULL,NULL
13,กรุงเทพมหานคร,โรงพยาบาลสถาบันโรคไตภูมิราชนครินทร์,BHUMIRAJNAKARINDRA KIDNEY INSTITUTE HOSPITAL,24923,เอกชน,รพ.เอกชน,141,60,TRUE,จัดทำใบประกาศนียบัตร,0,ด้านโรคไต,0,146407,144822,1585,38.12,3.86,OPD  เป็นกลุ่ม ผู้ป่วยไตวายเรื้อรัง ส่วน IPD เป็นกลุ่ม โรคไตวายเฉียบพลัน และกลุ่มโรคในระบบทางเดินปัสสาวะ และเนื้องอก
1,ลำพูน,โรงพยาบาลเวียงหนองล่อง,WIANGNONGLONG HOSPITAL,24956,สำนักงานปลัดกระทรวงสาธารณสุข (สป.สธ.),โรงพยาบาลชุมชน(รพช.),30,16,TRUE,NULL,NULL,NULL,NULL,NULL,NULL,NULL,NULL,NULL,NULL
8,สกลนคร,การแพทย์แผนไทยสกลนคร หลวงปู่แฟ๊ป สุภัทโท,NULL,24976,กระทรวงศึกษาธิการ,กระทรวงศึกษาธิการ,10,0,TRUE,NULL,NULL,NULL,NULL,NULL,NULL,NULL,NULL,NULL,NULL
13,กรุงเทพมหานคร,โรงพยาบาลเพชรเกษม 2,PETKASEM 2,25015,เอกชน,รพ.เอกชน,120,148,TRUE,NULL,NULL,NULL,NULL,NULL,NULL,NULL,NULL,NULL,NULL
1,น่าน,โรงพยาบาลภูเพียง,PHUPHIANG HOSPITAL,25017,สำนักงานปลัดกระทรวงสาธารณสุข (สป.สธ.),โรงพยาบาลชุมชน(รพช.),30,0,TRUE,NULL,NULL,NULL,NULL,NULL,NULL,NULL,NULL,NULL,NULL
2,พิษณุโลก,ทันตกรรม คณะทันตแพทยศาสตร์ มหาวิทยาลัยนเรศวร,DENTAL HOSPITAL FACULTY OF DENTISTRY NARESUAN UNIVERSITY,25049,กระทรวงศึกษาธิการ,กระทรวงศึกษาธิการ,0,0,TRUE,NULL,NULL,NULL,NULL,NULL,NULL,NULL,NULL,NULL,NULL
8,อุดรธานี,โรงพยาบาลกู่แก้ว,KUKEAW HOSPITAL,25058,สำนักงานปลัดกระทรวงสาธารณสุข (สป.สธ.),โรงพยาบาลชุมชน(รพช.),10,10,TRUE,NULL,NULL,NULL,NULL,NULL,NULL,NULL,NULL,NULL,NULL
8,อุดรธานี,โรงพยาบาลประจักษ์ศิลปาคม,Prachaksinlapakhom Hospital,25059,สำนักงานปลัดกระทรวงสาธารณสุข (สป.สธ.),โรงพยาบาลชุมชน(รพช.),30,30,TRUE,รอการจัดเยี่ยมสำรวจ,29,-,20364,ปี 2564 (เดือนตุลาคม 2563-เดือนกันยายน 2564),59116,1673,60.04,3.93,"1. กลุ่มผู้ป่วยฉุกเฉิน ได้แก่ Stroke, STEMI, Sepsis , Trauma, HI, BBA <br />2. กลุ่มโรคเรื้อรัง ได้แก่ DM, HT, CKD , COPD <br />3. โรคติดเชื้อและโรคระบาด ได้แก่ โควิด-19, วัณโรค, โรคอุจจาระร่วง, โรคติดเชื้อระบบทางเดินหายใจ ปอดบวม และโรคไข้เลือดออก<br />4. ภาวะเสี่ยงต่อสุขภาพ ตั้งครรภ์ในวัยรุ่น  <br />5. ปัญหาอื่นที่คุกคามต่อภาวะสุขภาพ ได้แก่ ยาเสพติด, สุขภาพจิต, อุบัติเหตุจราจร  <br />6. โรคจากการทำงาน/ประกอบอาชีพ ได้แก่ โรคระบบกล้ามเนื้อ"
2,ตาก,โรงพยาบาลวังเจ้า,WANGCHAO HOSPITAL,27443,สำนักงานปลัดกระทรวงสาธารณสุข (สป.สธ.),โรงพยาบาลชุมชน(รพช.),30,0,TRUE,จัดทำใบประกาศนียบัตร,NULL,NULL,NULL,NULL,NULL,NULL,NULL,NULL,NULL
9,นครราชสีมา,โรงพยาบาลบัวลาย,BUALAI HOSPITAL,27839,สำนักงานปลัดกระทรวงสาธารณสุข (สป.สธ.),โรงพยาบาลชุมชน(รพช.),30,28,TRUE,NULL,113,-,24528,28608,28608,805,113.19,11,"1.กลุ่มผู้ป่วยโรคฉุกเฉิน Stroke, STEMI, Sepsis<br />2.กลุ่มผู้ป่วยโรคไม่ติดต่อ DM HT จิตเวช<br />3.กลุ่มผู้ป่วยโรคติดต่อ TB  ,Covid - 19"
9,นครราชสีมา,โรงพยาบาลสีดา,SIDA HOSPITAL,27840,สำนักงานปลัดกระทรวงสาธารณสุข (สป.สธ.),โรงพยาบาลชุมชน(รพช.),30,24,TRUE,รอการจัดเยี่ยมสำรวจ,80,การประสานงานภาคีเครือข่ายในการดูแลสุขภาพของประชาชน   ,20134,ปี 2564 ตุลาคม 2563-กันยายน2564,60796,14840,54.03,3.19,"กลุ่มผู้ป่วยโรคสำคัญ คือ <br />1) กลุ่มโรคสำคัญ : Sepsis, Stroke, STEMI, CHF, Head Injury <br />2) กลุ่มโรคเรื้อรังที่เป็นปัญหา : DM HT CKD <br />3) โรคที่ต้องเฝ้าระวัง : Covid-19, Pulmonary TB, Influenza, DHF<br />4) ภัยสุขภาพ : อุบัติหตุจราจร"
9,นครราชสีมา,โรงพยาบาลเทพารักษ์,TEPHARAK HOSPITAL,27841,สำนักงานปลัดกระทรวงสาธารณสุข (สป.สธ.),โรงพยาบาลชุมชน(รพช.),30,30,TRUE,อยู่ระหว่างต่ออายุ,93,*,18617,ปี 2564 (เดือนตุลาคม 2563 - เมษายน 2564),38473,499,38.224,2.65,*
9,สุรินทร์,โรงพยาบาลเขวาสินรินทร์,KHWAOSINRIN HOSPITAL,27842,สำนักงานปลัดกระทรวงสาธารณสุข (สป.สธ.),โรงพยาบาลชุมชน(รพช.),30,30,TRUE,NULL,22,1.ด้านการพัฒนาคุณภาพมาตรฐานสุขภาพและเสริมสร้างภาคีเครือข่ายด้านสุขภาพ<br />2.ด้านการพ้ฒนาคุณภาพมาตรฐานระบบบริการ<br />3.ด้านการพ้ฒนาคุณภาพมาตรฐานระบบสารสนเทศ การเรียนรู้ การจักการความรู้ภายในและภายนอกองค์กร<br />4.ด้านการพ้ฒนาคุณภาพมาตรฐานระบบบริหารจัดการ สนับสนุนการจัดการทรัพยากรบุคคลและทำให้เกิดการประเมินผลที่มีประสิทธิภาพ,0,73074,54578,3102,89.9,3.6, Stroke STEMI Sepsis  Head injury  มารดาคลอด 
9,สุรินทร์,โรงพยาบาลศรีณรงค์,SRINARONG HOSPITAL,27843,สำนักงานปลัดกระทรวงสาธารณสุข (สป.สธ.),โรงพยาบาลชุมชน(รพช.),30,30,TRUE,เขียนรายงาน,60,-,46760,1 ตุลาคม 2562- 30 กันยายน 2563,36827,2349,74.09,2.45,"Sepsis,stroke,STEMI,Trauma,ACLS"
9,สุรินทร์,โรงพยาบาลโนนนารายณ์,NONNARAI HOSPITAL,27844,สำนักงานปลัดกระทรวงสาธารณสุข (สป.สธ.),โรงพยาบาลชุมชน(รพช.),10,25,TRUE,NULL,80,การดูแลผู้ป่วยกลุมโรคสำคัญเชื่อมโยงกับชุมชน,32190,ปี 2564 (1 ตุลาคม 2563-30 กันยายน 2564),45310,3318,69.82,2.3,COVID-19   STEMI Stroke Sepsis
10,อุบลราชธานี,โรงพยาบาลสว่างวีระวงศ์,SAWANGWEERAWONG HOSPITAL,27967,สำนักงานปลัดกระทรวงสาธารณสุข (สป.สธ.),โรงพยาบาลชุมชน(รพช.),30,10,TRUE,จัดทำใบประกาศนียบัตร,NULL,NULL,NULL,NULL,NULL,NULL,NULL,NULL,NULL
10,อุบลราชธานี,โรงพยาบาลน้ำขุ่น,NAMKHUN HOSPITAL,27968,สำนักงานปลัดกระทรวงสาธารณสุข (สป.สธ.),โรงพยาบาลชุมชน(รพช.),30,10,TRUE,NULL,NULL,NULL,NULL,NULL,NULL,NULL,NULL,NULL,NULL
10,อุบลราชธานี,โรงพยาบาลเหล่าเสือโก้ก,LAOSUEAKOK HOSPITAL,27976,สำนักงานปลัดกระทรวงสาธารณสุข (สป.สธ.),โรงพยาบาลชุมชน(รพช.),30,30,TRUE,รอการจัดเยี่ยมสำรวจ,25,มีระบบเครือข่ายด้านสุขภาพที่เข้มแข็งในชุมชน / smart hospital / การเงินการบัญชีเข้มแข็ง,21944,ปี 2564 (ตุลาคม 2563 - มีนาคม 2564),54101,1585,62.35,4.3,"Stroke, STEMI, Sepsis, COVD-19"
9,บุรีรัมย์,สถานพยาบาลเวชกรรมเรืองโรจน์การแพทย์,NULL,27983,เอกชน,รพ.เอกชน,19,19,TRUE,NULL,NULL,NULL,NULL,NULL,NULL,NULL,NULL,NULL,NULL
7,ร้อยเอ็ด,โรงพยาบาลทุ่งเขาหลวง,THUNGKHAOLUANG HOSPITAL,27988,สำนักงานปลัดกระทรวงสาธารณสุข (สป.สธ.),โรงพยาบาลชุมชน(รพช.),10,10,TRUE,NULL,NULL,NULL,NULL,NULL,NULL,NULL,NULL,NULL,NULL
6,ชลบุรี,โรงพยาบาลเมืองพัทยา,PATTAYA CITY HOSPITAL,28005,กระทรวงมหาดไทย,กระทรวงมหาดไทย,110,121,TRUE,เขียนรายงาน,NULL,NULL,NULL,NULL,NULL,NULL,NULL,NULL,NULL
6,ชลบุรี,โรงพยาบาลเกาะจันทร์,KHONCHAN HOSPITAL,28006,สำนักงานปลัดกระทรวงสาธารณสุข (สป.สธ.),โรงพยาบาลชุมชน(รพช.),30,30,TRUE,อยู่ระหว่างต่ออายุ,NULL,NULL,NULL,NULL,NULL,NULL,NULL,NULL,NULL
9,นครราชสีมา,โรงพยาบาลริมลิฟวิ่งโรงพยาบาลทั่วไปขนาดเล็ก,NULL,28008,เอกชน,รพ.เอกชน,9,0,TRUE,NULL,NULL,NULL,NULL,NULL,NULL,NULL,NULL,NULL,NULL
3,กำแพงเพชร,โรงพยาบาลโกสัมพีนคร,KOSAMPHI NAKHON HOSPITAL,28010,สำนักงานปลัดกระทรวงสาธารณสุข (สป.สธ.),โรงพยาบาลชุมชน(รพช.),30,30,TRUE,NULL,NULL,NULL,NULL,NULL,NULL,NULL,NULL,NULL,NULL
10,ศรีสะเกษ,โรงพยาบาลพยุห์,PHAYU HOSPITAL,28014,สำนักงานปลัดกระทรวงสาธารณสุข (สป.สธ.),โรงพยาบาลชุมชน(รพช.),30,30,TRUE,NULL,NULL,NULL,NULL,NULL,NULL,NULL,NULL,NULL,NULL
10,ศรีสะเกษ,โรงพยาบาลโพธิ์ศรีสุวรรณ,PHOSISUWAN HOSPITAL,28015,สำนักงานปลัดกระทรวงสาธารณสุข (สป.สธ.),โรงพยาบาลชุมชน(รพช.),30,30,TRUE,อยู่ระหว่างต่ออายุ,37,1.การบริการระดับทุติยภูมิ เพิ่มศักยภาพเป็น PCC โดยให้บริการในชุมชนอย่างเข้าถึงและครอบคลุม                                                          2.ให้บริการแบบบูรณาการครอบคลุมด้านการรักษา ส่งเสริม ป้องกัน และฟื้นฟูสภาพแบบองค์รวม ทั้งในและนอกโรงพยาบาล                          3.ให้บริการดูแลรักษาด้านจิตเวช และรักษาฟื้นฟูผู้ติดสารเสพติดอย่างครบวงจรตามบริบทของโรงพยาบาล                                                 4.การประสานความร่วมมือกับภาคีเครือข่ายภาครัฐอื่นๆ  รัฐวิสาหกิจ  เอกชน อปท องค์กรอิสระ และภาคประชาชน ในการจัดบริการสุขภาพ<br />,31221,"58,034",35002,2187,84.03,4.2,"1.กลุ่มผู้ป่วยฉุกเฉิน ได้แก่ virus corona 2019 ,จิตเวชก้าวร้าว,Stroke, STEMI,Sepsis, Head Injury                                                                                                     2.กลุ่มโรคเรื้อรัง  ได้แก่  DM,HT,COPD,Alcohol withdrawal,CHF,Schizophrenia                                                                               3.กลุ่มโรคติดเชื้อ ได้แก่ Covid-19,TB,HIVDHF                                                                                                                           4.ปัญหาอื่นที่คุกคามต่อภาวะสุขภาพ ได้แก่ ยาเสพติด สุขภาพจิต <br />"
10,ศรีสะเกษ,โรงพยาบาลศิลาลาด,SILALAD HOSPITAL,28016,สำนักงานปลัดกระทรวงสาธารณสุข (สป.สธ.),โรงพยาบาลชุมชน(รพช.),10,10,TRUE,เขียนรายงาน,NULL,NULL,NULL,NULL,NULL,NULL,NULL,NULL,NULL
9,บุรีรัมย์,โรงพยาบาลบ้านด่าน,BANDAN HOSPITAL,28020,สำนักงานปลัดกระทรวงสาธารณสุข (สป.สธ.),โรงพยาบาลชุมชน(รพช.),30,71,TRUE,NULL,NULL,NULL,NULL,NULL,NULL,NULL,NULL,NULL,NULL
12,สตูล,โรงพยาบาลมะนัง,MANANG HOSPITAL,28786,สำนักงานปลัดกระทรวงสาธารณสุข (สป.สธ.),โรงพยาบาลชุมชน(รพช.),30,10,TRUE,NULL,NULL,NULL,NULL,NULL,NULL,NULL,NULL,NULL,NULL
4,นนทบุรี,สถานพยาบาลเวิลด์ เมดิคอล เซ็นเตอร์,PRANANGKLAO HOSPITAL,28810,เอกชน,รพ.เอกชน,150,0,TRUE,NULL,NULL,NULL,NULL,NULL,NULL,NULL,NULL,NULL,NULL
8,หนองคาย,โรงพยาบาลเฝ้าไร่,FAO RAI HOSPITAL,28811,สำนักงานปลัดกระทรวงสาธารณสุข (สป.สธ.),โรงพยาบาลชุมชน(รพช.),30,30,TRUE,NULL,90,ให้บริการส่งเสริม ป้องกัน รักษา และฟื้นฟูสุขภาพ และสร้างเสริมการมีส่วนร่วมของชุมชน,35052,89239,87577,1662,48.3,3.4,"ACS ,Stroke,Head injury,Sepsis  ,DHF ,covid-19   "
8,หนองคาย,โรงพยาบาลรัตนวาปี,RATTANAWAPI HOSPITAL,28815,สำนักงานปลัดกระทรวงสาธารณสุข (สป.สธ.),โรงพยาบาลชุมชน(รพช.),30,30,TRUE,NULL,NULL,NULL,NULL,NULL,NULL,NULL,NULL,NULL,NULL
12,ตรัง,โรงพยาบาลหาดสำราญเฉลิมพระเกียรติ ๘๐ พรรษา,Hadsamran Hospital of His Majesty the King’s (Bhumibol) 80thBirthday Anniversary,28817,สำนักงานปลัดกระทรวงสาธารณสุข (สป.สธ.),โรงพยาบาลชุมชน(รพช.),30,30,TRUE,NULL,NULL,NULL,NULL,NULL,NULL,NULL,NULL,NULL,NULL
13,กรุงเทพมหานคร,โรงพยาบาลผิวหนัง อโศกสาขาปิ่นเกล้า,NULL,28846,เอกชน,รพ.เอกชน,32,0,TRUE,NULL,NULL,NULL,NULL,NULL,NULL,NULL,NULL,NULL,NULL
13,กรุงเทพมหานคร,โรงพยาบาลเฉพาะทางศัลยกรรมตกแต่งกมล,NULL,28847,เอกชน,รพ.เอกชน,31,0,TRUE,NULL,NULL,NULL,NULL,NULL,NULL,NULL,NULL,NULL,NULL
6,สระแก้ว,โรงพยาบาลวังสมบูรณ์,WANGSOMBOON HOSPITAL,28849,สำนักงานปลัดกระทรวงสาธารณสุข (สป.สธ.),โรงพยาบาลชุมชน(รพช.),30,30,TRUE,NULL,3,-,36133,ตุลาคม  2563-มีนาคม 2564,21464,5810,3.5,3,"1. Trauma: Blunt  Abdominal   injury<br />2.Non Trauma: MI, Stroke,  HT, DM, COPD<br />3.ภัยสุขภาพ: อุบัติเหตุจราจร, DF <br />4.ปัญหาโรคติดเชื้อ:  Sepsis, TB<br />"
6,สระแก้ว,โรงพยาบาลโคกสูง,KHOKSUNG HOSPITAL,28850,สำนักงานปลัดกระทรวงสาธารณสุข (สป.สธ.),โรงพยาบาลชุมชน(รพช.),30,5,TRUE,ยืนยันการเยี่ยม,NULL,NULL,NULL,NULL,NULL,NULL,NULL,NULL,NULL
11,ภูเก็ต,โรงพยาบาลสถานพยาบาลเวชกรรมทั่วไปภาวนาภูเก็ต,NULL,28851,เอกชน,รพ.เอกชน,9,0,TRUE,NULL,NULL,NULL,NULL,NULL,NULL,NULL,NULL,NULL,NULL
4,นนทบุรี,สถานพยาบาลเลอลักษณ์ศัลยกรรมตกแต่ง,LELUK PLASTIC SURGERY HOSPITAL,28852,เอกชน,รพ.เอกชน,36,0,TRUE,NULL,NULL,NULL,NULL,NULL,NULL,NULL,NULL,NULL,NULL
2,สุโขทัย,สถานพยาบาลเวชกรรมหมออาคม,NULL,28853,เอกชน,รพ.เอกชน,23,0,TRUE,NULL,NULL,NULL,NULL,NULL,NULL,NULL,NULL,NULL,NULL
6,ชลบุรี,สถานพยาบาลอมตะเวชกรรม,NULL,28854,เอกชน,รพ.เอกชน,7,0,TRUE,NULL,NULL,NULL,NULL,NULL,NULL,NULL,NULL,NULL,NULL
5,ราชบุรี,โรงพยาบาลบ้านคา,NULL,28858,สำนักงานปลัดกระทรวงสาธารณสุข (สป.สธ.),โรงพยาบาลชุมชน(รพช.),30,30,TRUE,NULL,NULL,NULL,NULL,NULL,NULL,NULL,NULL,NULL,NULL
8,เลย,โรงพยาบาลหนองหิน,NONGHIN HOSPITAL,28861,สำนักงานปลัดกระทรวงสาธารณสุข (สป.สธ.),โรงพยาบาลชุมชน(รพช.),30,30,TRUE,จัดทำใบประกาศนียบัตร,NULL,NULL,NULL,NULL,NULL,NULL,NULL,NULL,NULL
4,นนทบุรี,สถานพยาบาลบางบัวทอง 2,BANGBUATHONG HOSPITAL 2,28875,สำนักงานปลัดกระทรวงสาธารณสุข (สป.สธ.),โรงพยาบาลชุมชน(รพช.),30,30,TRUE,NULL,NULL,NULL,NULL,NULL,NULL,NULL,NULL,NULL,NULL
8,สกลนคร,โรงพยาบาลการแพทย์แผนไทยและการแพทย์ผสมผสานด้านมะเร็ง สกลนคร อโรคยศาล วัดคำประมง,NULL,28879,รัฐในสังกัดกระทรวงสาธารณสุข (สธ.),กรมพัฒนาการแพทย์ไทยและการแพทย์ทางเลือก,40,0,TRUE,NULL,NULL,NULL,NULL,NULL,NULL,NULL,NULL,NULL,NULL
7,ขอนแก่น,โรงพยาบาลกรุงเทพขอนแก่น,BANGKOK HOSPITAL KHON KAEN,31156,เอกชน,รพ.เอกชน,150,126,TRUE,NULL,NULL,NULL,NULL,NULL,NULL,NULL,NULL,NULL,NULL
11,นครศรีธรรมราช,โรงพยาบาลเฉลิมพระเกียรติ,CHALERMPRAKIAT HOSPITAL,40491,สำนักงานปลัดกระทรวงสาธารณสุข (สป.สธ.),โรงพยาบาลชุมชน(รพช.),10,30,TRUE,NULL,0,-,23935,ปี 2564 (เดือนตุลาคม 2563 - เดือนมิถุนายน 2564),54710,1671,5139,4.57,-
12,นราธิวาส,กัลยาณิวัฒนาการุณย์,GALYANIVADHANAKARUN HOSPITAL,40497,กระทรวงศึกษาธิการ,กระทรวงศึกษาธิการ,140,0,TRUE,NULL,NULL,NULL,NULL,NULL,NULL,NULL,NULL,NULL,NULL
1,เชียงใหม่,โรงพยาบาลโรงพยาบาลทั่วไปขนาดกลางกรุงเทพเชียงใหม่,BANGKOK HOSPITAL CHIANGMAI,40540,เอกชน,รพ.เอกชน,107,0,TRUE,NULL,NULL,NULL,NULL,NULL,NULL,NULL,NULL,NULL,NULL
2,ตาก,โรงพยาบาลนครแม่สอด อินเตอร์เนชั่นแนล,NAKORNMAESOT INTERNATIONAL HOSPITAL,40741,เอกชน,รพ.เอกชน,59,0,TRUE,NULL,NULL,NULL,NULL,NULL,NULL,NULL,NULL,NULL,NULL
6,ชลบุรี,โรงพยาบาลวิภาราม อมตะนครโรงพยาบาลทั่วไปขนาดใหญ่,VIBHARAM AMATANAKORN HOSPITAL,40750,เอกชน,รพ.เอกชน,137,137,TRUE,รอการจัดเยี่ยมสำรวจ,NULL,NULL,NULL,NULL,NULL,NULL,NULL,NULL,NULL
13,กรุงเทพมหานคร,สถานพยาบาลบางปะกอก9เวชกรรมทั่วไป,NULL,40754,เอกชน,รพ.เอกชน,10,0,TRUE,NULL,NULL,NULL,NULL,NULL,NULL,NULL,NULL,NULL,NULL
6,ระยอง,โรงพยาบาลศรีระยอง,SRI RAYONG HOSPITAL,40757,เอกชน,รพ.เอกชน,55,55,TRUE,จัดทำใบประกาศนียบัตร,NULL,NULL,NULL,NULL,NULL,NULL,NULL,NULL,NULL
4,นนทบุรี,โรงพยาบาลทั่วไปขนาดใหญ่เกษมราษฎร์ รัตนาธิเบศร์,KARUNVEJ RATTANATIBETH,40765,เอกชน,รพ.เอกชน,119,119,TRUE,จัดทำใบประกาศนียบัตร,NULL,NULL,NULL,NULL,NULL,NULL,NULL,NULL,NULL
6,ชลบุรี,โรงพยาบาลสมิติเวช ชลบุรี,SAMITIVEJ CHONBURI  HOSPITAL,40768,เอกชน,รพ.เอกชน,161,120,TRUE,จัดทำใบประกาศนียบัตร,NULL,NULL,NULL,NULL,NULL,NULL,NULL,NULL,NULL
8,นครพนม,โรงพยาบาลวังยาง,WANGYANG HOSPITAL,40840,สำนักงานปลัดกระทรวงสาธารณสุข (สป.สธ.),โรงพยาบาลชุมชน(รพช.),10,10,TRUE,NULL,NULL,NULL,NULL,NULL,NULL,NULL,NULL,NULL,NULL
13,กรุงเทพมหานคร,โรงพยาบาลกรุงเทพไชน่าทาวน์,NULL,40856,เอกชน,รพ.เอกชน,31,0,TRUE,NULL,NULL,NULL,NULL,NULL,NULL,NULL,NULL,NULL,NULL
10,อุบลราชธานี,โรงพยาบาลสรรพสิทธิ์อินเตอร์,SANPASITINTER HOSPITAL,40864,เอกชน,รพ.เอกชน,30,0,TRUE,NULL,NULL,NULL,NULL,NULL,NULL,NULL,NULL,NULL,NULL
13,กรุงเทพมหานคร,โรงพยาบาลสายหยุดโรงพยาบาลทั่วไปขนาดเล็ก,NULL,40865,เอกชน,รพ.เอกชน,6,0,TRUE,NULL,NULL,NULL,NULL,NULL,NULL,NULL,NULL,NULL,NULL
4,นนทบุรี,โรงพยาบาลเฉพาะทางศัลยกรรมตกแต่งเอเซียขนาดเล็ก,ASIA COSMETIC HOSPITAL,40869,เอกชน,รพ.เอกชน,6,6,TRUE,NULL,NULL,NULL,NULL,NULL,NULL,NULL,NULL,NULL,NULL
4,ปทุมธานี,โรงพยาบาลทั่วไปขนาดกลางเปาโล รังสิต,PAOLO HOSPITAL RANGSIT,40887,เอกชน,รพ.เอกชน,88,88,TRUE,รอการจัดเยี่ยมสำรวจ,15,1. ทีมบริหารมีความเชี่ยวชาญในเรื่อง Cost efficiency management <br />2. ความเชี่ยวชาญเฉพาะด้านการผ่าตัดส่องกล้องทางนรีเวช<br />3. การทำงานเป็นทีมร่วมมือกับโรงพยาบาลเครือข่าย<br />,0,ปี 2564 (มกราคม-ตุลาคม),67309,6042,86.31,4.4,"1.อุบัติเหตุจราจร  <br />2..กลุ่มผู้ป่วยที่มีอาการเฉียบพลัน ได้แก่ Acute MI , Stroke, Severe Head injury<br />3..กลุ่มโรคติดเชื้อเฉียบพลัน ได้แก่  Sepsis<br />"
11,สุราษฎร์ธานี,สถาบันสุขภาพจิตเด็กและวัยรุ่นภาคใต้,SOUTHERN INSTITUTE OF CHILD AND ADOLESCENCE MENTAL HEALTH,40915,รัฐในสังกัดกระทรวงสาธารณสุข (สธ.),กรมสุขภาพจิต,0,0,TRUE,NULL,NULL,NULL,NULL,NULL,NULL,NULL,NULL,NULL,NULL
5,สมุทรสาคร,โรงพยาบาลวิภาราม สมุทรสาครโรงพยาบาลทั่วไปขนาดใหญ่,VABHARAM SAMUTSAKHON HOSPITAL,40917,เอกชน,รพ.เอกชน,100,89,TRUE,NULL,NULL,NULL,NULL,NULL,NULL,NULL,NULL,NULL,NULL
11,ภูเก็ต,โรงพยาบาลทั่วไปขนาดกลางดีบุก,DIBUK HOSPITAL,40979,เอกชน,รพ.เอกชน,32,32,TRUE,NULL,NULL,NULL,NULL,NULL,NULL,NULL,NULL,NULL,NULL
13,กรุงเทพมหานคร,โรงพยาบาลเฉพาะประเภทผู้ป่วยสูงอายุเฌ้อสเซอรี่ โฮมขนาดเล็ก,CHERSERY HOME HOSPITAL,41329,เอกชน,รพ.เอกชน,10,10,TRUE,NULL,NULL,NULL,NULL,NULL,NULL,NULL,NULL,NULL,NULL
11,สุราษฎร์ธานี,โรงพยาบาลกรุงเทพสุราษฎร์,BANGLOK HOSPITAL SURAT,41339,เอกชน,รพ.เอกชน,59,52,TRUE,อยู่ระหว่างต่ออายุ,4,"""1. ทุติยภูมิ (อายุรกรรมโรคเรื้อรัง, ศัลยกรรมและศัลยกรรมกระดูก, กุมารเวชกรรมและเด็กดี, สูตินารีเวชกรรม)<br />2. ตติยภูมิพื้นฐาน (สาขาเด็กเฉพาะโรคต่อมไร้ท่อ โรคติดเชื้อ โรคภูมิแพ้, การดูแลผู้ป่วยผ่าตัดแผลเล็ก (Minimal invasive surgery) )""",0,1 มกราคม 2021 - 31 ธันวาคม 2021,82377,5073,35.58,2.56,"""1. Pediatrics : Respiratory care, Allergy, Endocrine, AGE <br />2. Surgery : Appendicitis: MIS,Trauma: Reoperation , SSI<br />3. Orthopedics: Spine disease, Trauma fracture <br />4. Medicines: DM, HT, AMI, Acute stroke, Influenza<br />5. OBG: High risk pregnancy"""
6,สมุทรปราการ,โรงพยาบาลบางปะกอกสมุทรปราการ,BANGPAKOK HOSPITAL SAMUTPRAKAN,41413,เอกชน,รพ.เอกชน,59,59,TRUE,NULL,NULL,NULL,NULL,NULL,NULL,NULL,NULL,NULL,NULL
5,นครปฐม,โรงพยาบาลทันตกรรมมหาจักรีสิรินธร คณะทันตแพทยศาสตร์ มหาวิทยาลัยมหิดล,MAHA CHAKRI SIRINDHORN DENTAL HOSPITAL FACULTY OF DENTISTRY MAHIDOL UNIVERSITY,77496,มหาวิทยาลัย,โรงเรียนแพทย์,2,1,TRUE,รอการจัดเยี่ยมสำรวจ,0,การรักษาทันตกรรมระดับตติยภูมิครบวงจรทุกสาขา,0,"148,304",148273,31,15.21,3.6,1.โรคและปัญหาสุขภาพช่องปากทั่วไป<br />2.โรคหรือสภาวะทางทันตกรรมที่มีความซับซ้อนทางงานเฉพาะทาง  <br />3.โรคหรือปัญหาสุขภาพช่องปากร่วมกับมีปัญหาโรคทางระบบโดยเฉพาะในกลุ่มผู้สูงอายุ 
11,กระบี่,โรงพยาบาลเกาะพีพี,PHI PHI ISLAND HOSPITAL,77753,สำนักงานปลัดกระทรวงสาธารณสุข (สป.สธ.),โรงพยาบาลชุมชน(รพช.),10,7,TRUE,ยืนยันการเยี่ยม,NULL,NULL,NULL,NULL,NULL,NULL,NULL,NULL,NULL
1,เชียงใหม่,ศูนย์ความเป็นเลิศทางการแพทย์ คณะแพทยศาสตร์ มหาวิทยาลัยเชียงใหม่ (อาคารเฉลิมพระเกียรติ 7 รอบ พระชนมพรรษา ศูนย์การแพทย์แผนไทยและการแพทย์ผสมผสาน),CENTER FOR MEDICAL EXCELLENCE,80092,มหาวิทยาลัย,โรงเรียนแพทย์,0,0,TRUE,NULL,NULL,NULL,NULL,NULL,NULL,NULL,NULL,NULL,NULL
1,เชียงใหม่,ศูนย์ความเป็นเลิศทางการแพทย์ คณะแพทยศาสตร์ มหาวิทยาลัยเชียงใหม่ (อาคารศูนย์เวชศาสตร์ผู้สูงอายุ),CENTER FOR MEDICAL EXCELLENCE,80093,มหาวิทยาลัย,โรงเรียนแพทย์,60,19,TRUE,ยืนยันการเยี่ยม,8,การดูแลผู้ป่วยสูงอายุทุกกลุ่มโรค และการดูแลผู้ป่วยที่มีความผิดปกติของการนอนหลับ,0,เดือนมกราคมถึงธันวาคม 2563,80522,1404,44.34,2.99,โรคเบาหวาน โรคความดันโลหิตสูง โรคหัวใจและหลอดเลือด โรคมะเร็ง โรคสมองเสื่อม โรคข้อเข่าเสื่อม โรคหยุดหายใจขณะหลับ
1,เชียงราย,โรงพยาบาลเกษมราษฎร์ แม่สาย โรงพยาบาลทั่วไปขนาดเล็ก,NULL,41417,เอกชน,รพ.เอกชน,0,30,TRUE,NULL,NULL,NULL,NULL,NULL,NULL,NULL,NULL,NULL,NULL
1,เชียงราย,โรงพยาบาลเชียงรายอินเตอร์โรงพยาบาลทั่วไปขนาดกลาง,NULL,41326,เอกชน,รพ.เอกชน,0,59,TRUE,NULL,NULL,NULL,NULL,NULL,NULL,NULL,NULL,NULL,NULL
1,เชียงใหม่,โรงพยาบาลเมาน์เท่นวิวโรงพยาบาลเฉพาะประเภทผู้ป่วยบำบัดยาเสพติดขนาดเล็ก,NULL,41519,เอกชน,รพ.เอกชน,0,5,TRUE,NULL,NULL,NULL,NULL,NULL,NULL,NULL,NULL,NULL,NULL
1,เชียงราย,โรงพยาบาลดอยหลวง,DOILUANG HOSPITAL,28823,รัฐในสังกัดกระทรวงสาธารณสุข (สธ.),โรงพยาบาลชุมชน(รพช.),0,0,TRUE,NULL,NULL,NULL,NULL,NULL,NULL,NULL,NULL,NULL,NULL
1,เชียงใหม่,โรงพยาบาลทั่วไปขนาดเล็ก เอ็ม ที อินเตอร์เมด,NULL,21,เอกชน,รพ.เอกชน,0,2,TRUE,NULL,NULL,NULL,NULL,NULL,NULL,NULL,NULL,NULL,NULL
1,เชียงใหม่,โรงพยาบาลทั่วไปขนาดเล็กลานนา 2,NULL,41736,เอกชน,รพ.เอกชน,0,30,TRUE,NULL,NULL,NULL,NULL,NULL,NULL,NULL,NULL,NULL,NULL
1,เชียงราย,โรงพยาบาลทั่วไปขนาดกลางกรุงเทพเชียงราย,NULL,41574,เอกชน,รพ.เอกชน,0,57,TRUE,NULL,NULL,NULL,NULL,NULL,NULL,NULL,NULL,NULL,NULL
1,พะเยา,โรงพยาบาลภูกามยาว,PHUKAMYAO HOSPITAL,40745,รัฐในสังกัดกระทรวงสาธารณสุข (สธ.),โรงพยาบาลชุมชน(รพช.),30,0,TRUE,NULL,NULL,NULL,NULL,NULL,NULL,NULL,NULL,NULL,NULL
1,พะเยา,โรงพยาบาลภูซาง,PHUSANG HOSPITAL,40744,รัฐในสังกัดกระทรวงสาธารณสุข (สธ.),โรงพยาบาลชุมชน(รพช.),30,0,TRUE,NULL,NULL,NULL,NULL,NULL,NULL,NULL,NULL,NULL,NULL
2,อุตรดิตถ์,โรงพยาบาลพิษณุเวชอุตรดิตถ์,PITSANUVEJ UTTARADIT HOSPITAL,41622,เอกชน,รพ.เอกชน,57,57,TRUE,NULL,4,เป็นโรงพยาบาลเอกชนระดับทุติยภูมิ ที่มีเครื่องมือและเทคโนโลยีทางการแพทย์ที่ทันสมัย ทั้งยังมีการส่งต่อผู้ป่วยไปยังโรงพยาบาลเครือข่าย กรณีเกินศักยภาพการรักษา,0,ปี 2564 (เดือน มกราคม 2564 -เดือนกันยายน 2564),13115,2943,26,6,Stroke fast track<br />STEMI<br />TBI
3,ชัยนาท,โรงพยาบาลเนินขาม,NOENKHAM HOSPITAL,27975,รัฐในสังกัดกระทรวงสาธารณสุข (สธ.),โรงพยาบาลชุมชน(รพช.),30,0,TRUE,NULL,NULL,NULL,NULL,NULL,NULL,NULL,NULL,NULL,NULL
3,นครสวรรค์,โรงพยาบาลชุมตาบง,CHUMTABONG HOSPITAL,40749,รัฐในสังกัดกระทรวงสาธารณสุข (สธ.),โรงพยาบาลชุมชน(รพช.),0,0,TRUE,NULL,NULL,NULL,NULL,NULL,NULL,NULL,NULL,NULL,NULL
3,พิจิตร,โรงพยาบาลดงเจริญ,DONG CHAROEN HOSPITAL,27980,รัฐในสังกัดกระทรวงสาธารณสุข (สธ.),โรงพยาบาลชุมชน(รพช.),30,0,TRUE,NULL,NULL,NULL,NULL,NULL,NULL,NULL,NULL,NULL,NULL
3,พิจิตร,โรงพยาบาลบึงนาราง,BUENGNARANG HOSPITAL,27979,รัฐในสังกัดกระทรวงสาธารณสุข (สธ.),โรงพยาบาลชุมชน(รพช.),30,0,TRUE,NULL,NULL,NULL,NULL,NULL,NULL,NULL,NULL,NULL,NULL
3,อุทัยธานี,โรงพยาบาลพริ้นซ์ อุทัยธานี โรงพยาบาลทั่วไปขนาดกลาง,NULL,41722,เอกชน,รพ.เอกชน,0,59,TRUE,NULL,NULL,NULL,NULL,NULL,NULL,NULL,NULL,NULL,NULL
3,พิจิตร,โรงพยาบาลสากเหล็ก,SAK LEK HOSPITAL,27978,รัฐในสังกัดกระทรวงสาธารณสุข (สธ.),โรงพยาบาลชุมชน(รพช.),30,0,TRUE,NULL,NULL,NULL,NULL,NULL,NULL,NULL,NULL,NULL,NULL
3,ชัยนาท,โรงพยาบาลหนองมะโมง,NONGMAMONG HOSPITAL,27974,รัฐในสังกัดกระทรวงสาธารณสุข (สธ.),โรงพยาบาลชุมชน(รพช.),30,10,TRUE,NULL,NULL,NULL,NULL,NULL,NULL,NULL,NULL,NULL,NULL
4,ปทุมธานี,โรงพยาบาลเฉพาะประเภทผู้ป่วย ผู้สูงอายุ ขนาดกลาง ธนบุรีบูรณา,NULL,28,เอกชน,รพ.เอกชน,0,55,TRUE,NULL,NULL,NULL,NULL,NULL,NULL,NULL,NULL,NULL,NULL
4,พระนครศรีอยุธยา,โรงพยาบาลเอเชียโรงพยาบาลทั่วไปขนาดเล็ก,NULL,41405,เอกชน,รพ.เอกชน,0,2,TRUE,NULL,NULL,NULL,NULL,NULL,NULL,NULL,NULL,NULL,NULL
4,ปทุมธานี,โรงพยาบาลแพทย์รังสิต 2 โรงพยาบาลทั่วไปขนาดกลาง,Patrangsit Hospital,41760,เอกชน,รพ.เอกชน,155,155,TRUE,NULL,NULL,NULL,NULL,NULL,NULL,NULL,NULL,NULL,NULL
4,ปทุมธานี,โรงพยาบาลกรุงไทย ปทุม โรงพยาบาลทั่วไปขนาดเล็ก,NULL,41685,เอกชน,รพ.เอกชน,0,30,TRUE,NULL,NULL,NULL,NULL,NULL,NULL,NULL,NULL,NULL,NULL
4,ปทุมธานี,โรงพยาบาลซีจีเอช ลำลูกกา โรงพยาบาลทั่วไปขนาดเล็ก,NULL,39977,เอกชน,รพ.เอกชน,0,24,TRUE,NULL,NULL,NULL,NULL,NULL,NULL,NULL,NULL,NULL,NULL
4,นนทบุรี,โรงพยาบาลมายด์เมดเวชกรรมเฉพาะทางจิตเวชขนาดเล็ก,NULL,27,เอกชน,รพ.เอกชน,0,18,TRUE,NULL,NULL,NULL,NULL,NULL,NULL,NULL,NULL,NULL,NULL
4,ปทุมธานี,โรงพยาบาลสินแพทย์ ลำลูกกา,SYNPHAET LUMLUKKA HOSPITAL,41698,เอกชน,รพ.เอกชน,100,20,TRUE,NULL,NULL,NULL,NULL,NULL,NULL,NULL,NULL,NULL,NULL
5,นครปฐม,โรงพยาบาลกายภาพบำบัดขนาดเล็ก ด๊อกเตอร์ เฮลท์ อินเตอร์เนชั่นแนล,NULL,26,เอกชน,รพ.เอกชน,0,1,TRUE,NULL,NULL,NULL,NULL,NULL,NULL,NULL,NULL,NULL,NULL
5,สมุทรสาคร,โรงพยาบาลทั่วไปขนาดเล็กพานาซีพระราม 2,NULL,41922,เอกชน,รพ.เอกชน,0,11,TRUE,NULL,NULL,NULL,NULL,NULL,NULL,NULL,NULL,NULL,NULL
5,ประจวบคีรีขันธ์,โรงพยาบาลทั่วไปขนาดกลางกรุงเทพหัวหิน,NULL,30,เอกชน,รพ.เอกชน,0,60,TRUE,NULL,NULL,NULL,NULL,NULL,NULL,NULL,NULL,NULL,NULL
5,กาญจนบุรี,โรงพยาบาลหนองปรือ,Nongprue Hospital,41701,รัฐในสังกัดกระทรวงสาธารณสุข (สธ.),รัฐใน สธ.(นอก สป.สธ),10,33,TRUE,NULL,72,การดูแลผู้ป่วยโรคเรื้อรังแบบองค์รวมโดยทีมสหวิชาชีพ ร่วมกับภาคีเครือข่าย ,5365,ปี 2564 (1ตุลาคม2563-30กันยายน 2564),619080,18430,44.46,2.91,"โรคฉุกเฉิน                   Stroke ,STEMI, Head injury<br />โรคเรื้อรัง                    COPD, DM, HT<br />โรคติดเชื้อ                   TB,Sepsis,AGE, DHF<br />กลุ่มแม่และเด็ก             PPH, Birth asphyxia, BBA,PROM"
6,ตราด,โรงพยาบาลเกาะช้างอินเตอร์เนชั่นแนล โรงพยาบาลทั่วไปขนาดเล็ก,NULL,40532,เอกชน,รพ.เอกชน,0,3,TRUE,NULL,NULL,NULL,NULL,NULL,NULL,NULL,NULL,NULL,NULL
6,ชลบุรี,โรงพยาบาลเฉพาะทางมะเร็ง วิภารามอมตะนครขนาดเล็ก,NULL,41730,เอกชน,รพ.เอกชน,0,2,TRUE,NULL,NULL,NULL,NULL,NULL,NULL,NULL,NULL,NULL,NULL
6,ชลบุรี,โรงพยาบาลเฉพาะทางมะเร็งขนาดเล็กแคนเซอร์อลิอันซ์ ศรีราชา,NULL,41711,เอกชน,รพ.เอกชน,0,30,TRUE,NULL,NULL,NULL,NULL,NULL,NULL,NULL,NULL,NULL,NULL
6,สมุทรปราการ,โรงพยาบาลเฉพาะประเภทผู้สูงอายุขนาดกลาง ซีเอชจี ฮอทพิทอล,NULL,41786,เอกชน,รพ.เอกชน,0,59,TRUE,NULL,NULL,NULL,NULL,NULL,NULL,NULL,NULL,NULL,NULL
6,สมุทรปราการ,โรงพยาบาลเดอะซีพลัสโรงพยาบาลทั่วไปขนาดเล็ก,NULL,41367,เอกชน,รพ.เอกชน,0,30,TRUE,NULL,NULL,NULL,NULL,NULL,NULL,NULL,NULL,NULL,NULL
6,ฉะเชิงเทรา,โรงพยาบาลคลองเขื่อน,KLONGKHEN HOSPITAL,31327,รัฐในสังกัดกระทรวงสาธารณสุข (สธ.),โรงพยาบาลชุมชน(รพช.),10,10,TRUE,NULL,150,ให้การดูแลรักษาพยาบาลในระดับทุติยภูมิ และให้บริการงานส่งเสริมสุขภาพ  ควบคุมและป้องกันโรค  ฟื้นฟูสภาพ และการจัดบริการคลินิกโรคเรื้อรังอย่างเป็นองค์รวม ได้แก่ โรคเบาหวาน โรคความดันโลหิตสูง โรคหอบหืด โรคปอดอุดกั้นเรื้อรัง และโรคไตเรื้อรัง<br />,12759,ปี 2564 (เดือนตุลาคม 2563 - เมษายน 2564),23122,414,42.96,3.81,"1. โรคติดต่อไม่เรื้อรัง ได้แก่  ความดันโลหิตสูง เบาหวาน โรคไตเรื้อรัง โรคหัวใจและหลอดเลือด COPD<br />2. โรคติดต่อและโรคระบาดสำคัญ ได้แก่ โรคไข้เลือดออก Diarrhea <br />3. สุขภาพจิต ได้แก่ ฆ่าตัวตาย จิตเวช และยาเสพติด<br />4. กลุ่มผู้ป่วยระยะสุดท้าย ได้แก่ มะเร็ง <br />5. อุบัติเหตุจากจราจร ได้แก่ Trauma Head Injury<br />6. ปัญหาสุขภาพอื่นๆ ได้แก่ ปัญหาโรคจากการประกอบอาชีพการเกษตร ปัญหาผู้สูงอายุและผู้พิการ และปัญหาอุบัติเหตุจราจร ""<br />"
6,ชลบุรี,โรงพยาบาลจอมเทียน โรงพยาบาลทั่วไปขนาดเล็ก,NULL,41859,เอกชน,รพ.เอกชน,0,4,TRUE,NULL,NULL,NULL,NULL,NULL,NULL,NULL,NULL,NULL,NULL
6,ปราจีนบุรี,โรงพยาบาลจุฬารัตน์ 304 อินเตอร์,CHULARAT 304 INTER HOSPITAL,41345,เอกชน,รพ.เอกชน,59,59,TRUE,รอการจัดเยี่ยมสำรวจ,32,ให้การบริการทางการแพทย์ตลอด  24 ชั่วโมง บริการทั้งผู้ป่วยนอก และผู้ป่วยใน มีแพทย์ทั่วไปและแพทย์เฉพาะทางหลายสาขา ตามมาตรฐานวิชาชีพ,494680,87460,14998,27630,3127,3,1. ผู้ป่วยที่ได้รับอุบัติเหตุ  2.ผู้ป่วยโรคเรื้อรัง  3. ผู้ป่วยติดเชื้อระบบทางเดินหายใจ 4.ผู้ป่วยไข้เลือดออก 5. ผู้ป่วยโรคระบบทางเดินอาหาร
6,ชลบุรี,โรงพยาบาลทั่วไปขนาดเล็กบีเอ็มซี พลัส,NULL,23,เอกชน,รพ.เอกชน,0,3,TRUE,NULL,NULL,NULL,NULL,NULL,NULL,NULL,NULL,NULL,NULL
6,สมุทรปราการ,โรงพยาบาลทั่วไปขนาดใหญ่สินแพทย์ เทพารักษ์,NULL,41351,เอกชน,รพ.เอกชน,0,120,TRUE,NULL,NULL,NULL,NULL,NULL,NULL,NULL,NULL,NULL,NULL
6,สมุทรปราการ,โรงพยาบาลบางเสาธง,BANGSAOTONG HOSPITAL,28785,รัฐในสังกัดกระทรวงสาธารณสุข (สธ.),โรงพยาบาลชุมชน(รพช.),30,15,TRUE,NULL,NULL,NULL,NULL,NULL,NULL,NULL,NULL,NULL,NULL
6,ระยอง,โรงพยาบาลปิยะเวชช์ ระยองโรงพยาบาลทั่วไปขนาดเล็ก,NULL,41632,เอกชน,รพ.เอกชน,0,30,TRUE,NULL,NULL,NULL,NULL,NULL,NULL,NULL,NULL,NULL,NULL
6,ฉะเชิงเทรา,โรงพยาบาลรวมแพทย์ฉะเชิงเทรา,RUAMPAT CHACHOENGSAO HOSPITAL,41569,เอกชน,รพ.เอกชน,59,59,TRUE,NULL,NULL,NULL,NULL,NULL,NULL,NULL,NULL,NULL,NULL
6,สมุทรปราการ,โรงพยาบาลรามาธิบดีจักรีนฤบดินทร์,CHAKRI NARUEBODINDRA HOSPITAL,41373,กระทรวงศึกษาธิการ,โรงเรียนแพทย์,400,174,TRUE,จัดทำใบประกาศนียบัตร,30,1.การผลิตบุคลากรทางการแพทย์<br />2.การวิจัยด้านวิทยาศาสตร์<br />3.การนำความรู้และเทคโนโลยีมาประยุกต์ใช้เพื่อการดูแลผู้ป่วยโรคซับซ้อน<br />4.การพัฒนาเครือข่ายความร่วมมือ<br />5.การสร้างนวัตกรรมด้านการบริหาร<br />6.การชี้นำสังคมด้านสุขภาพ,0,120562,117030,3532,42.46,5,"PED : Asthma, Pneumonia<br />OBG : PPH, GMD<br />MED : Stroke, MI, HF, Sepsis<br />Surg : HI"
7,ร้อยเอ็ด,โรงพยาบาลเชียงขวัญ,CHIANG KHWAN HOSPITAL,27989,รัฐในสังกัดกระทรวงสาธารณสุข (สธ.),โรงพยาบาลชุมชน(รพช.),10,0,TRUE,NULL,NULL,NULL,NULL,NULL,NULL,NULL,NULL,NULL,NULL
7,ขอนแก่น,โรงพยาบาลเวียงเก่า,WIANG KAO HOSPITAL,77650,รัฐในสังกัดกระทรวงสาธารณสุข (สธ.),โรงพยาบาลชุมชน(รพช.),0,0,TRUE,NULL,NULL,NULL,NULL,NULL,NULL,NULL,NULL,NULL,NULL
7,ขอนแก่น,โรงพยาบาลโคกโพธิ์ไชย,KOKPHOCHAI HOSPITAL,77651,รัฐในสังกัดกระทรวงสาธารณสุข (สธ.),โรงพยาบาลชุมชน(รพช.),0,0,TRUE,NULL,NULL,NULL,NULL,NULL,NULL,NULL,NULL,NULL,NULL
7,ขอนแก่น,โรงพยาบาลโนนศิลา,NONSILA HOSPITAL,77652,รัฐในสังกัดกระทรวงสาธารณสุข (สธ.),โรงพยาบาลชุมชน(รพช.),0,0,TRUE,NULL,NULL,NULL,NULL,NULL,NULL,NULL,NULL,NULL,NULL
7,กาฬสินธุ์,โรงพยาบาลกาฬสินธุ์-ธนบุรี โรงพยาบาลทั่วไปขนาดกลาง,NULL,41639,เอกชน,รพ.เอกชน,0,60,TRUE,NULL,NULL,NULL,NULL,NULL,NULL,NULL,NULL,NULL,NULL
7,กาฬสินธุ์,โรงพยาบาลฆ้องชัย,KHONGCHAI HOSPITAL,28789,รัฐในสังกัดกระทรวงสาธารณสุข (สธ.),โรงพยาบาลชุมชน(รพช.),0,0,TRUE,NULL,NULL,NULL,NULL,NULL,NULL,NULL,NULL,NULL,NULL
7,มหาสารคาม,โรงพยาบาลชื่นชม,CHUENCHOM HOSPITAL,28843,รัฐในสังกัดกระทรวงสาธารณสุข (สธ.),โรงพยาบาลชุมชน(รพช.),0,0,TRUE,NULL,NULL,NULL,NULL,NULL,NULL,NULL,NULL,NULL,NULL
7,กาฬสินธุ์,โรงพยาบาลดอนจาน,DONCHAN HOSPITAL,28790,รัฐในสังกัดกระทรวงสาธารณสุข (สธ.),โรงพยาบาลชุมชน(รพช.),0,30,TRUE,NULL,NULL,NULL,NULL,NULL,NULL,NULL,NULL,NULL,NULL
7,กาฬสินธุ์,โรงพยาบาลนาคู,NAKHU HOSPITAL,28017,รัฐในสังกัดกระทรวงสาธารณสุข (สธ.),โรงพยาบาลชุมชน(รพช.),10,40,TRUE,NULL,NULL,NULL,NULL,NULL,NULL,NULL,NULL,NULL,NULL
7,กาฬสินธุ์,โรงพยาบาลสามชัย,SAMCHAI HOSPITAL,28791,รัฐในสังกัดกระทรวงสาธารณสุข (สธ.),โรงพยาบาลชุมชน(รพช.),30,30,TRUE,NULL,NULL,NULL,NULL,NULL,NULL,NULL,NULL,NULL,NULL
7,ขอนแก่น,โรงพยาบาลหนองนาคำ,NONGNAKHAM HOSPITAL,77649,รัฐในสังกัดกระทรวงสาธารณสุข (สธ.),โรงพยาบาลชุมชน(รพช.),0,0,TRUE,NULL,NULL,NULL,NULL,NULL,NULL,NULL,NULL,NULL,NULL
7,ร้อยเอ็ด,โรงพยาบาลหนองฮี,NONGHI HOSPITAL,27990,รัฐในสังกัดกระทรวงสาธารณสุข (สธ.),โรงพยาบาลชุมชน(รพช.),10,10,TRUE,NULL,NULL,NULL,NULL,NULL,NULL,NULL,NULL,NULL,NULL
8,หนองคาย,โรงพยาบาลโพธิ์ตาก,PHO TAK HOSPITAL,28778,รัฐในสังกัดกระทรวงสาธารณสุข (สธ.),โรงพยาบาลชุมชน(รพช.),24,10,TRUE,NULL,NULL,NULL,NULL,NULL,NULL,NULL,NULL,NULL,NULL
9,นครราชสีมา,โรงพยาบาลทั่วไปขนาดใหญ่ ป.แพทย์ 2,P.PHATHYA HOSPITAL,41602,เอกชน,รพ.เอกชน,132,77,TRUE,NULL,NULL,NULL,NULL,NULL,NULL,NULL,NULL,NULL,NULL
10,อุบลราชธานี,โรงพยาบาลเฉพาะทางมะเร็งชีวามิตราขนาดเล็ก,NULL,41674,เอกชน,รพ.เอกชน,0,27,TRUE,NULL,NULL,NULL,NULL,NULL,NULL,NULL,NULL,NULL,NULL
10,อุบลราชธานี,โรงพยาบาลนิรันดร์การแพทย์ โรงพยาบาลทั่วไปขนาดเล็ก,NULL,41695,เอกชน,รพ.เอกชน,0,2,TRUE,NULL,NULL,NULL,NULL,NULL,NULL,NULL,NULL,NULL,NULL
11,สุราษฎร์ธานี,โรงพยาบาลเกาะเต่า,KOHTAO HOSPITAL,9192,รัฐในสังกัดกระทรวงสาธารณสุข (สธ.),โรงพยาบาลชุมชน(รพช.),0,10,TRUE,NULL,NULL,NULL,NULL,NULL,NULL,NULL,NULL,NULL,NULL
11,ชุมพร,โรงพยาบาลเฉพาะประเภทผู้ป่วยเด็กขนาดกลาง ธนบุรี - ชุมพร,NULL,24,เอกชน,รพ.เอกชน,0,59,TRUE,NULL,NULL,NULL,NULL,NULL,NULL,NULL,NULL,NULL,NULL
11,สุราษฎร์ธานี,โรงพยาบาลเฟิร์สเวสเทอร์นโรงพยาบาลทั่วไปขนาดกลาง,NULL,41362,เอกชน,รพ.เอกชน,0,32,TRUE,NULL,NULL,NULL,NULL,NULL,NULL,NULL,NULL,NULL,NULL
11,กระบี่,โรงพยาบาลกระบี่นครินทร์ อินเตอร์เนชั่นแนล,NULL,34933,เอกชน,รพ.เอกชน,0,100,TRUE,NULL,NULL,NULL,NULL,NULL,NULL,NULL,NULL,NULL,NULL
11,ภูเก็ต,โรงพยาบาลฉลอง,CHALONG HOSPITAL,41436,รัฐในสังกัดกระทรวงสาธารณสุข (สธ.),โรงพยาบาลชุมชน(รพช.),0,0,TRUE,NULL,NULL,NULL,NULL,NULL,NULL,NULL,NULL,NULL,NULL
11,สุราษฎร์ธานี,โรงพยาบาลทั่วไปขนาดเล็กบ้านดอนอินเตอร์ เกาะพะงัน,NULL,32,เอกชน,รพ.เอกชน,0,9,TRUE,NULL,NULL,NULL,NULL,NULL,NULL,NULL,NULL,NULL,NULL
11,สุราษฎร์ธานี,โรงพยาบาลทั่วไปขนาดเล็กบ้านดอนอินเตอร์เนชั่นแนล เฉวง,NULL,31,เอกชน,รพ.เอกชน,0,9,TRUE,NULL,NULL,NULL,NULL,NULL,NULL,NULL,NULL,NULL,NULL
11,สุราษฎร์ธานี,โรงพยาบาลทั่วไปขนาดเล็กพะงันอินเตอร์เนชั่นแนล,NULL,41633,เอกชน,รพ.เอกชน,0,3,TRUE,NULL,NULL,NULL,NULL,NULL,NULL,NULL,NULL,NULL,NULL
11,นครศรีธรรมราช,โรงพยาบาลธนบุรี ทุ่งสง โรงพยาบาลทั่วไปขนาดกลาง,THONBURI THUNG SONG HOSPITAL,41714,เอกชน,รพ.เอกชน,50,50,TRUE,NULL,0,โรคทั่วไป ผ่าตัดเปลี่ยนข้อเข่าและข้อสะโพก,50000,2562 (ตุลาคม 2562-กันยายน 2563),10828,2610,40.04,1.7,"Simple diseases, Trauma"
11,นครศรีธรรมราช,โรงพยาบาลนบพิตำ,NOPITUM HOSPITAL,40742,รัฐในสังกัดกระทรวงสาธารณสุข (สธ.),โรงพยาบาลชุมชน(รพช.),0,0,TRUE,NULL,NULL,NULL,NULL,NULL,NULL,NULL,NULL,NULL,NULL
11,นครศรีธรรมราช,โรงพยาบาลพระพรหม,PHRAPHROM HOSPITAL,40743,รัฐในสังกัดกระทรวงสาธารณสุข (สธ.),โรงพยาบาลชุมชน(รพช.),0,0,TRUE,NULL,NULL,NULL,NULL,NULL,NULL,NULL,NULL,NULL,NULL
11,นครศรีธรรมราช,โรงพยาบาลพ่อท่านคล้ายวาจาสิทธิ์,PORTHANKLAIVAJASIT HOSPITAL,40492,รัฐในสังกัดกระทรวงสาธารณสุข (สธ.),โรงพยาบาลชุมชน(รพช.),30,0,TRUE,NULL,NULL,NULL,NULL,NULL,NULL,NULL,NULL,NULL,NULL
11,กระบี่,โรงพยาบาลวัฒนแพทย์ อ่าวนาง โรงพยาบาลทั่วไปขนาดกลาง,NULL,41590,เอกชน,รพ.เอกชน,0,59,TRUE,NULL,NULL,NULL,NULL,NULL,NULL,NULL,NULL,NULL,NULL
12,ปัตตานี,โรงพยาบาลสิโรรส ปัตตานี,SIROROS HOSPITAL PATTANI,41342,เอกชน,รพ.เอกชน,30,30,TRUE,NULL,NULL,NULL,NULL,NULL,NULL,NULL,NULL,NULL,NULL
13,กรุงเทพมหานคร,โรงพยาบาลเฉพาะทางศัลยกรรมตกแต่งและทันตกรรมขนาดเล็ก เอสแอลซี,NULL,3,เอกชน,รพ.เอกชน,0,2,TRUE,NULL,NULL,NULL,NULL,NULL,NULL,NULL,NULL,NULL,NULL
13,กรุงเทพมหานคร,โรงพยาบาลเฉพาะทางศัลยกรรมตกแต่งขนาดเล็ก ดับเบิ้ลยู,NULL,2,เอกชน,รพ.เอกชน,0,4,TRUE,NULL,NULL,NULL,NULL,NULL,NULL,NULL,NULL,NULL,NULL
13,กรุงเทพมหานคร,โรงพยาบาลเฉพาะทางศัลยกรรมตกแต่งขนาดเล็ก มิลาด้า,NULL,5,เอกชน,รพ.เอกชน,0,8,TRUE,NULL,NULL,NULL,NULL,NULL,NULL,NULL,NULL,NULL,NULL
13,กรุงเทพมหานคร,โรงพยาบาลเมดพาร์ค โรงพยาบาลทั่วไปขนาดใหญ่,NULL,41901,เอกชน,รพ.เอกชน,0,111,TRUE,NULL,NULL,NULL,NULL,NULL,NULL,NULL,NULL,NULL,NULL
13,กรุงเทพมหานคร,โรงพยาบาลเอสโรงพยาบาลเฉพาะทางด้านกระดูกสันหลังและระบบประสาทขนาดเล็ก,NULL,11,เอกชน,รพ.เอกชน,0,26,TRUE,NULL,NULL,NULL,NULL,NULL,NULL,NULL,NULL,NULL,NULL
13,กรุงเทพมหานคร,โรงพยาบาลกรุงเทพอินเตอร์เนชั่นแนล,BANGKOK HOSPITAL MEDICAL CENTER,41929,เอกชน,รพ.เอกชน,0,172,TRUE,จัดทำใบประกาศนียบัตร,0,ด้านสมองและกระดูก,0,ปี 2564,0,0,0,0,0
13,กรุงเทพมหานคร,โรงพยาบาลกลุ่มบางรักโรคติดต่อทางเพศสัมพันธ์ สำนักโรคเอดส์วัณโรคและโรคติดต่อทางเพศสัมพันธ์,NULL,28777,รัฐในสังกัดกระทรวงสาธารณสุข (สธ.),กรมควบคุมโรค,0,0,TRUE,NULL,NULL,NULL,NULL,NULL,NULL,NULL,NULL,NULL,NULL
13,กรุงเทพมหานคร,โรงพยาบาลชีวา ทรานสิชั่นนัล แคร์ โรงพยาบาลเฉพาะประเภทผู้ป่วยเรื้อรังขนาดกลาง,NULL,19,เอกชน,รพ.เอกชน,0,52,TRUE,NULL,NULL,NULL,NULL,NULL,NULL,NULL,NULL,NULL,NULL
13,กรุงเทพมหานคร,โรงพยาบาลตา หู คอ จมูก โรงพยาบาลเฉพาะทางขนาดเล็ก,NULL,16,เอกชน,รพ.เอกชน,0,30,TRUE,NULL,NULL,NULL,NULL,NULL,NULL,NULL,NULL,NULL,NULL
13,กรุงเทพมหานคร,โรงพยาบาลทั่วไปขนาดเล็ก เจแปนนิส บาย สมิติเวช,NULL,18,เอกชน,รพ.เอกชน,0,30,TRUE,NULL,NULL,NULL,NULL,NULL,NULL,NULL,NULL,NULL,NULL
13,กรุงเทพมหานคร,โรงพยาบาลทั่วไปขนาดเล็กเปาโล โชคชัย,NULL,13,เอกชน,รพ.เอกชน,0,29,TRUE,NULL,NULL,NULL,NULL,NULL,NULL,NULL,NULL,NULL,NULL
13,กรุงเทพมหานคร,โรงพยาบาลทั่วไปขนาดเล็กลาดพร้าวเวชกรรม,NULL,12,เอกชน,รพ.เอกชน,0,26,TRUE,NULL,NULL,NULL,NULL,NULL,NULL,NULL,NULL,NULL,NULL
13,กรุงเทพมหานคร,โรงพยาบาลทั่วไปขนาดเล็กสหวิทยาการ,NULL,41072,เอกชน,รพ.เอกชน,0,19,TRUE,NULL,NULL,NULL,NULL,NULL,NULL,NULL,NULL,NULL,NULL
13,กรุงเทพมหานคร,โรงพยาบาลทั่วไปขนาดกลางศูนย์การแพทย์พระรามเก้า,NULL,17,เอกชน,รพ.เอกชน,0,34,TRUE,NULL,NULL,NULL,NULL,NULL,NULL,NULL,NULL,NULL,NULL
13,กรุงเทพมหานคร,โรงพยาบาลทั่วไปพระราม 3 ขนาดเล็ก,NULL,8,เอกชน,รพ.เอกชน,0,10,TRUE,NULL,NULL,NULL,NULL,NULL,NULL,NULL,NULL,NULL,NULL
13,กรุงเทพมหานคร,โรงพยาบาลธนบุรี บำรุงเมือง โรงพยาบาลทั่วไปขนาดกลาง,NULL,41577,เอกชน,รพ.เอกชน,0,47,TRUE,NULL,NULL,NULL,NULL,NULL,NULL,NULL,NULL,NULL,NULL
13,กรุงเทพมหานคร,โรงพยาบาลนมะรักษ์ เฉพาะทางศัลยศาสตร์มะเร็งขนาดเล็ก,Namarak Hospital (Petit-Onco Surgery),41960,เอกชน,รพ.เอกชน,10,10,TRUE,NULL,0,นวัตกรรมด้านการบริการ<br />ความชำนาญเรื่องเต้านม,0,ปี 2564 (มกราคม-ธันวาคม),7817,805,14.71,1.75,ผู้มารับการคัดกรองมะเร็งเต้านม<br />ผู้ป่วยนอกโรคเต้านม<br />ผู้ป่วยในผ่าตัด<br />ผู้ป่วยรับยาเคมีบำบัด
13,กรุงเทพมหานคร,โรงพยาบาลบี บี เอชโรงพยาบาลผู้ป่วยเรื้อรังขนาดเล็ก,NULL,41767,เอกชน,รพ.เอกชน,0,8,TRUE,NULL,NULL,NULL,NULL,NULL,NULL,NULL,NULL,NULL,NULL
13,กรุงเทพมหานคร,โรงพยาบาลบุญญาเวช โรงพยาบาลทั่วไปขนาดเล็ก,NULL,41580,เอกชน,รพ.เอกชน,0,29,TRUE,NULL,NULL,NULL,NULL,NULL,NULL,NULL,NULL,NULL,NULL
13,กรุงเทพมหานคร,โรงพยาบาลผู้ป่วยเรื้อรังขนาดเล็ก พิม,NULL,10,เอกชน,รพ.เอกชน,0,26,TRUE,NULL,NULL,NULL,NULL,NULL,NULL,NULL,NULL,NULL,NULL
13,กรุงเทพมหานคร,โรงพยาบาลพิงพัก โรงพยาบาลเพื่อโรคมะเร็งขนาดเล็ก,NULL,9,เอกชน,รพ.เอกชน,0,24,TRUE,NULL,NULL,NULL,NULL,NULL,NULL,NULL,NULL,NULL,NULL
13,กรุงเทพมหานคร,โรงพยาบาลฟันขนาดเล็ก,NULL,1,เอกชน,รพ.เอกชน,0,2,TRUE,NULL,NULL,NULL,NULL,NULL,NULL,NULL,NULL,NULL,NULL
13,กรุงเทพมหานคร,โรงพยาบาลมาสเตอร์พีชโรงพยาบาลศัลยกรรมตกแต่งขนาดเล็ก,NULL,4,เอกชน,รพ.เอกชน,0,7,TRUE,NULL,NULL,NULL,NULL,NULL,NULL,NULL,NULL,NULL,NULL
13,กรุงเทพมหานคร,โรงพยาบาลศิรินโรงพยาบาลเฉพาะผู้ป่วยเรื้อรังขนาดเล็ก,NULL,15,เอกชน,รพ.เอกชน,0,30,TRUE,NULL,NULL,NULL,NULL,NULL,NULL,NULL,NULL,NULL,NULL
13,กรุงเทพมหานคร,โรงพยาบาลสินแพทย์ ศรีนครินทร์,SYNPHAET SRINAKARIN HOSPITAL,41700,เอกชน,รพ.เอกชน,110,23,TRUE,NULL,NULL,NULL,NULL,NULL,NULL,NULL,NULL,NULL,NULL
13,กรุงเทพมหานคร,โรงพยาบาลสิรินาถ บึงกุ่ม โรงพยาบาลทั่วไปขนาดกลาง,NULL,20,เอกชน,รพ.เอกชน,0,52,TRUE,NULL,NULL,NULL,NULL,NULL,NULL,NULL,NULL,NULL,NULL
13,กรุงเทพมหานคร,โรงพยาบาลทั่วไปขนาดใหญ่ศูนย์การแพทย์วิชัยยุทธ,VICHAIYUT MEDICAL CENTER HOSPITAL,23930,เอกชน,รพ.เอกชน,0,114,TRUE,NULL,NULL,NULL,NULL,NULL,NULL,NULL,NULL,NULL,NULL
1,เชียงราย,โรงพยาบาลศูนย์การแพทย์มหาวิทยาลัยแม่ฟ้าหลวง,Mae Fah Luang University Medical Center Hospital,41509,มหาวิทยาลัย,โรงเรียนแพทย์,400,274,FALSE,รอการจัดเยี่ยมสำรวจ,17,"Orthopedic, Cardiology, Medicine, General Surgery",28317,ปี 2564 (เดือนตุลาคม 2563-กันยายน 2564) ,134429,4489,33.7,4.94,"- กลุ่มโรคเรื้อรัง เช่น DM, Hypertension , CKD ที่ต้องรับยาต่อเนื่อง<br />- กลุ่มโรคติดเชื้อ AIDS, TB , Sepsis<br />- อุบัติเหตุและฉุกเฉิน<br />- กลุ่มอาการและโรคเนื่องจากฝุ่นควัน<br />- โรคอุบัติใหม่ อุบัติซ้ำ ได้แก่ COVID-19"
13,กรุงเทพมหานคร,หัวใจกรุงเทพ,Bangkok Heart Hospital,21597,เอกชน,รพ.เอกชน,0,56,TRUE,จัดทำใบประกาศนียบัตร,NULL,NULL,NULL,NULL,NULL,NULL,NULL,NULL,NULL
5,กาญจนบุรี,พยาบาลสถานพระบารมี,PHAYABALSATHANPHRABARAMEE,11288,สำนักงานปลัดกระทรวงสาธารณสุข (สป.สธ.),โรงพยาบาลชุมชน(รพช.),30,30,FALSE,รอการจัดเยี่ยมสำรวจ,110,การดูแลผู้ป่วยโรคเรื้อรังแบบองค์รวม,3000,ตุลาคม 2563 - กันยายน 2564,36645,1511,42.17,3,STEMI<br />COPD<br />Sepsis<br />Birth asphyxia<br />Stroke<br />Multiple trauma/Head injury<br />Preterm labor<br />PPH<br />DM<br />CKD<br />HT<br />UGIH<br />TB<br />AGE<br />Pneumonia
13,กรุงเทพมหานคร,โรงพยาบาลทหารอากาศ (สีกัน),SIKAN AIR FORCE HOSPITAL,41414,กระทรวงกลาโหม,กรมแพทย์ทหารอากาศ,150,0,TRUE,จัดทำใบประกาศนียบัตร,NULL,NULL,NULL,NULL,NULL,NULL,NULL,NULL,NULL
4,นนทบุรี,บางบัวทอง 2,Bangbuathong 2,28875,สำนักงานปลัดกระทรวงสาธารณสุข (สป.สธ.),โรงพยาบาลชุมชน(รพช.),33,330,FALSE,NULL,NULL,NULL,NULL,NULL,NULL,NULL,NULL,NULL,NULL
13,กรุงเทพมหานคร,โรงพยาบาลนวเวช,Navavej International Hospital,42141,เอกชน,รพ.เอกชน,99,99,FALSE,NULL,NULL,NULL,NULL,NULL,NULL,NULL,NULL,NULL,NULL
13,กรุงเทพมหานคร,โรงพยาบาลเฉพาะประเภทผู้ป่วยสูงอายุเฌ้อสเซอรี่ โฮม,Chersery Home Hospital,41329,เอกชน,รพ.เอกชน,20,20,FALSE,NULL,5,โรงพยาบาลเฉพาะประเภทผู้ป่วยสูงอายุ,100,70,7,63,16,54,Deconditioning
13,กรุงเทพมหานคร,รพ.บางโพ,Bangpo General Hospital,11686,เอกชน,รพ.เอกชน,100,70,FALSE,NULL,NULL,NULL,NULL,NULL,NULL,NULL,NULL,NULL,NULL
13,กรุงเทพมหานคร,โรงพยาบาลสมิติเวช ไชน่าทาวน์,SAMITIVEJ CHINATOWN HOSPITAL,40856,เอกชน,รพ.เอกชน,31,22,FALSE,อยู่ระหว่างต่ออายุ,0,1. การแก้ไขภาวะสายตาสั้น LASIK<br />2. การดูแลรักษาผู้ป่วยผ่าตัดเปลี่ยนข้อเข่าเทียม<br />3. การคัดกรอง ดูแลรักษา และส่งต่อผู้ป่วยอุบัติเหตุฉุกเฉิน<br />4. การส่งเสริมสุขภาพแบบองค์รวม ,20777,ปี 2564 เดือนมกราคม - ธันวาคม,44122,1623,46,12.22,1. ผู้ป่วยที่มีภาวะสายตาสั้น<br />2. ผู้ป่วยข้อเข่าเสื่อม<br />3. ผู้ป่วยอุบัติเหตุฉุกเฉิน<br />4. ผู้ป่วยโรคเรื้อรัง<br />5. ผู้ป่วยโรคติดเชื้อ
6,ฉะเชิงเทรา,โรงพยาบาลแปลยาว,PLAENGYAO,10865,สำนักงานปลัดกระทรวงสาธารณสุข (สป.สธ.),โรงพยาบาลชุมชน(รพช.),30,73,FALSE,NULL,35,การดูแลผู้ป่วย DM HT (การสร้างเสริมและปรับเปลี่ยนพฤติกรรมแบบเครือข่ายในกลุ่มปกติ เสี่ยง ป่วย)<br />แบบสหสาขาวิชาชีพครบวงจร,48513,135523,115656,4496,80.55,3.4,"DM,HT,Covid-19"
1,ลำพูน,โรงพยบาลพริ้นซ์ ลำพูน,PRINC LAMPHUN HOSPITAL,42186,เอกชน,รพ.เอกชน,59,59,FALSE,NULL,NULL,NULL,NULL,NULL,NULL,NULL,NULL,NULL,NULL
3,พิจิตร,พิษณุเวชพิจิตร,Pitsanuvejphichit,12071,เอกชน,รพ.เอกชน,90,90,FALSE,NULL,NULL,NULL,NULL,NULL,NULL,NULL,NULL,NULL,NULL
13,กรุงเทพมหานคร,โรงพยาบาลบางนากรุงเทพมหานคร,BMA Bangna Hospital,41582,เอกชน,รพ.เอกชน,324,NULL,FALSE,NULL,NULL,NULL,NULL,NULL,NULL,NULL,NULL,NULL,NULL
